Bahrain,Monaco,Monza,Silverstone,Suzuka
0.645938221704063,1.13484617499206,0.475892495532796,0.873911243104362,0.963877420796742
0.567367511590777,0.976221823713172,0.41674818450035,0.795095172505377,0.903522717636455
0.78290076169526,1.40721158313574,0.579987366230172,1.00510278536184,1.05887095868764
0.502981043090394,0.843257345792061,0.364696497510791,0.726599375691399,0.847994143615539
0.603636691266424,1.072511716743,0.449791761899174,0.836236996887194,0.940328950149935
0.737177740982447,1.30576108972693,0.539117075578779,0.95970711372293,1.02406722479903
0.634811008901175,1.10535159200648,0.469227266843015,0.859893617898386,0.950161925325753
0.682856013067056,1.21069686604175,0.500348157903207,0.912310629522698,0.992225478415181
0.263640137547301,0.420230497776536,0.181576031785592,0.436698181444339,0.585668178990993
0.617021552220867,1.07433846280625,0.453192082194046,0.845323677392092,0.942164738494661
0.739655751691152,1.34178059923601,0.550786755260289,0.974377051205128,1.03987879946963
0.567422396072039,0.971228022041112,0.412364486944526,0.791721704397737,0.897789117354947
0.452941083228043,0.770571026562128,0.334314493706983,0.668848907965201,0.785467675865899
0.751626312439945,1.34186431626914,0.554199242681548,0.973565101002611,1.03462276910193
0.869408217712824,1.55746245475581,0.645567364919955,1.08154218441341,1.11440743479866
0.629070975247142,1.09782122744607,0.464662375667208,0.855382911056296,0.947408112879708
0.6592318242106,1.15887457775026,0.488753321979158,0.883848278322949,0.96766128006441
0.711113435260097,1.25232578587516,0.517990691947993,0.937961499778457,1.00774619993337
0.572868995369196,1.02679062948228,0.435088555022407,0.803917604099466,0.911413274140397
0.562569611693039,0.961151271024537,0.408733322283449,0.78768548460027,0.896603442245225
0.64873846942897,1.14031547546354,0.47866270927899,0.876758287657304,0.965815232961085
0.627337839031468,1.09776824076159,0.4580919180359,0.853080649184033,0.947896173364931
0.533474196846057,0.901302147333021,0.386367523512034,0.757376028845389,0.871872739801682
0.727525273721087,1.3084198452909,0.539346082662156,0.956052459452881,1.02470086322745
0.606459352077541,1.06644440998669,0.447268600027005,0.834981541784299,0.935391532015495
0.567290318581556,0.972795678268888,0.412059424191796,0.794305111737408,0.907644164835247
0.495569022629808,0.822765216720631,0.362583956080195,0.720857610469046,0.851860377214569
0.504858643320353,0.871731477344088,0.372755305140429,0.731669703031815,0.855568733493556
0.510114671698789,0.907787885918609,0.386249581969031,0.742730090464154,0.871479456934414
0.726034675129164,1.29556619045934,0.532709619445876,0.954018621227675,1.02176115509383
0.546223645368146,0.931953944258924,0.397658591871592,0.770314864738714,0.880785518953838
0.830138592377625,1.49468737826329,0.615032316974761,1.05046322621275,1.09230059201421
0.453188077958295,0.743862628347101,0.324963260451612,0.669588524915073,0.788967856441708
0.609519002809103,1.06405785139279,0.44912330974668,0.835019179682072,0.930709194871092
0.493497418019537,0.82400186138807,0.355246840877263,0.714886097939148,0.837043894774505
0.61006360027301,1.05819035575859,0.445001813702126,0.83600710169826,0.934290404467206
0.760024529083152,1.37064886484157,0.566337777149903,0.987220967316388,1.04811891352577
0.462220842332202,0.766409813019728,0.33360146550834,0.682370815318397,0.808680142542143
0.723383776412968,1.29265052485988,0.532325191856333,0.952541096152745,1.02162176504649
0.642350079946661,1.13836703509663,0.474583745263295,0.873619068126083,0.966979136911666
0.578901063195891,0.998858457089014,0.42553869059693,0.803960241503036,0.906284722391674
0.67129931099635,1.17368729684329,0.490480096839993,0.89637660386784,0.978789867070031
0.680936589035131,1.17837344124653,0.492946057506021,0.907461806924848,0.984261782295517
0.721261408585874,1.29613985126783,0.533346752148265,0.953092655733368,1.02357870858251
0.458644875972543,0.777046242369457,0.33567702227041,0.68143948515585,0.815769934588221
0.529968597385532,0.943747748922896,0.403927848795918,0.766909240275376,0.895020871433303
0.492361152414236,0.812232319241097,0.354709660835727,0.714174285036365,0.834924335620005
0.597251704424194,1.02192572287594,0.431771195672927,0.82249730657728,0.923762534349935
0.724466443847818,1.29661667585451,0.541014475555995,0.950887537388605,1.02068889839286
0.371726758360319,0.598780212628605,0.26423283840806,0.579045511481134,0.721609017003804
0.667414929158151,1.16377756123232,0.486207315071529,0.891110239296347,0.973026281340878
0.389023132363329,0.626302345691425,0.277607533206292,0.600451816309935,0.736199025685459
0.421776341092525,0.710346792494479,0.309288125984382,0.638908403476199,0.767127786832083
0.528669593788611,0.893943151510071,0.385733443942794,0.753627785723652,0.868140113645005
0.424895012826423,0.678622359672149,0.298296002643045,0.637573634114439,0.767541753523009
0.68564175418785,1.2349312563714,0.510549239705888,0.921935643374903,1.00535224189614
0.535875407880507,0.908145713725158,0.391929918735598,0.762897511300891,0.889708965394377
0.626569148218196,1.09237415235356,0.458411574758776,0.856763525704584,0.955268020047644
0.550400983673408,0.949450097847701,0.404441046346291,0.775436448190958,0.884522913483376
0.447636322121835,0.730079235239635,0.320729252511461,0.665815371903717,0.792791284453995
0.752969895408478,1.35716693011828,0.559772998719333,0.981030099047827,1.04369261470897
0.598069617838,1.01907842308852,0.430772184235048,0.821761519858823,0.921246493956049
0.487957724898063,0.839387521566587,0.359989682364478,0.71290647566478,0.838670486596427
0.553565798035322,0.940490015368171,0.40180415670499,0.779442016386245,0.893234759136672
0.536124491567261,0.90961961038739,0.390336893920573,0.761125360113088,0.875132751484009
0.609989062600276,1.05960229356982,0.447591770597256,0.839893979888312,0.940649870851741
0.660390494719284,1.15470589579793,0.485355670060594,0.884629245731942,0.968979142787443
0.795010162608042,1.43043663567648,0.589935472409267,1.01673569079689,1.06770823967165
0.307970632909482,0.463996451509023,0.210481835706498,0.499417865102066,0.632996913011062
0.504074921310721,0.87823618416399,0.36853865746554,0.728322991443338,0.854734117071091
0.666844273802165,1.17668351794616,0.490095436754242,0.897026816125438,0.982809562475941
0.617565610748191,1.08574046053885,0.457790829950231,0.844619121734182,0.939292675013542
0.498696734849642,0.829529613901889,0.357762896326132,0.719737497916193,0.840601810063183
0.483889541229728,0.841102876469639,0.357347121229399,0.709834016723755,0.842880953394428
0.715801695915818,1.28103240388252,0.528271308656056,0.945368064853911,1.0179543865913
0.53556058324414,0.929215476092112,0.399311101224768,0.768034151446027,0.892485862058853
0.794620770623983,1.41995112763503,0.587068297200911,1.01312791713001,1.06412133920698
0.61048557783289,1.07268988173846,0.452009435680529,0.83993899841809,0.938644104700315
0.604228730249734,1.06607713035239,0.44880721803578,0.835968214458539,0.938798912307305
0.753841635708551,1.35236040889151,0.55591006468298,0.980412257650661,1.04145379498092
0.465760669757819,0.800181941285003,0.342938961511192,0.6899359514744,0.824363660634472
0.579511492750339,1.0023092512221,0.427917842189775,0.810788408892092,0.921475755869637
0.613688545994988,1.06378891700153,0.447656918860853,0.840255459647573,0.937821501476363
0.468409275594768,0.7836339618618,0.337223407077551,0.687681326524893,0.812304636969531
0.749230865594907,1.33030746580544,0.550831902318304,0.970442450206073,1.03213936724088
0.651991497651679,1.14371418857496,0.478923644221662,0.87772320357233,0.964726561849235
0.435413848163739,0.747238393895081,0.322961367944256,0.658110891750715,0.797929893420523
0.777563633770793,1.40974984160554,0.581886553990387,1.00534310898357,1.06247817376837
0.514958239876598,0.883733999091813,0.38039905902449,0.743648213414162,0.868988076132888
0.436444445368516,0.724662058258274,0.313736282997593,0.653627189773274,0.785046595160989
0.619684560015899,1.08668450488894,0.455691460222457,0.849963944209629,0.948722819977224
0.67005267768404,1.18693169506666,0.49706610587546,0.896234744074399,0.978666202004559
0.694657432888425,1.24241318332927,0.520671845231773,0.922962553777303,1.0003322177748
0.529232498400565,0.900061767009912,0.388669027182821,0.756181475141072,0.872595870178658
0.623744827196675,1.0657783205655,0.452623986341086,0.851224102925036,0.946166243346916
0.607264262931615,1.05095351609969,0.443585312061626,0.835678847365318,0.937138327436945
0.793654748153827,1.43186101220697,0.589264372617052,1.01670264776465,1.06793807488824
0.688559938135891,1.23401018939906,0.513455538603102,0.9185271523959,0.999612325249674
0.555503057422941,0.937285918828545,0.39950765386973,0.778469296281795,0.888465631092819
0.519861876618382,0.862732656349828,0.377042044850632,0.74443633220185,0.866272713154329
0.677347735410957,1.18339424120648,0.492260185335228,0.90261486683049,0.982450264277914
0.564338970696663,0.969317374674503,0.41016999183561,0.790485733854728,0.901815093057728
0.741149691015298,1.3219231111739,0.548260905272535,0.965568933684112,1.03063812234656
0.651584606131362,1.14182222034699,0.475951519741872,0.878709443701212,0.967038983154599
0.589062200542262,1.00917358732598,0.427055163015928,0.81479331325972,0.918542161250511
0.726323981041086,1.31621614061446,0.542517449040948,0.958450278184646,1.02897572459965
0.657207488550643,1.15358754877041,0.482974391758544,0.885610791350754,0.973435395180502
0.58600009307517,1.03119820696843,0.438618254758451,0.818557245695453,0.925076371725491
0.872174891018558,1.5630351997216,0.648245330742939,1.08386683395079,1.11572543055546
0.530681721989379,0.900487182983424,0.384656095600452,0.751332802399825,0.859914536555332
0.668671525759031,1.18842018170836,0.501124240735775,0.896126897296935,0.978465739864857
0.589326189338507,1.02373886020856,0.43221377916733,0.81659970979194,0.920082229380743
0.585995233207658,1.01915324087876,0.43201341329907,0.814506390956798,0.919442838934627
0.259887945608532,0.44203492099432,0.187579269813481,0.433287045503822,0.582206595465417
0.542584767162486,0.928537710380515,0.39845708375215,0.769756301322553,0.883712476367198
0.460664800232224,0.779537601858189,0.338287068653874,0.681154321303988,0.802652273039102
0.701857390634313,1.23973945924675,0.521130496359941,0.925366899444963,0.999297751105232
0.659316968693405,1.14679892058296,0.478383824769515,0.885699506949346,0.970346842868796
0.592861080744432,1.02431093080527,0.435135478612942,0.81935290345188,0.920495474454547
0.616952769349892,1.08634559128499,0.455196699136126,0.846534614396462,0.94546066628709
0.669572527350352,1.20387634175371,0.496960338648809,0.902976843820279,0.990834251314577
0.551086460435922,0.949738066642127,0.402457541446953,0.778398574778859,0.894902396781571
0.59693819618207,1.03505728774012,0.436679368334318,0.825644788700145,0.929660425267704
0.475641052436225,0.805043825363301,0.345890536950735,0.697459707373973,0.82323333100688
0.755001494324921,1.35524775158033,0.559932674669561,0.980014938330296,1.04158935942048
0.517949884182371,0.878270865404557,0.37734120313572,0.743670266115792,0.866341414058844
0.729983357998595,1.29020624984109,0.536399693547933,0.950694823294281,1.01725125297949
0.624705233018102,1.10339879227496,0.464860790732259,0.856816599136388,0.954758281142368
0.579063593584601,1.01899648846686,0.428326622565998,0.808405850300685,0.916661853633168
0.533825707987466,0.909638217120714,0.393038094482505,0.762936725120751,0.884494891836686
0.599959287642341,1.03680503633853,0.441882942825638,0.824809280014233,0.921762405928871
0.615865823139454,1.07177891375204,0.449712044207703,0.845153434838623,0.945482368385794
0.454879808957884,0.729712845680975,0.32556058930517,0.673850432719631,0.801060332119565
0.573447854478793,0.976341648692277,0.415290581081747,0.797094126955521,0.90134284770359
0.554105823222834,0.934437300023876,0.402015447397422,0.779115088688416,0.889169741540817
0.497731894894212,0.842431705044718,0.361366078209805,0.721028743755767,0.844173175606757
0.578051426333898,0.989525674951965,0.419669479176588,0.803806591062619,0.910283523339503
0.656750790987948,1.16774329148787,0.488280245586572,0.890084803645905,0.980392310637189
0.677447138655353,1.19562916692424,0.495910402529691,0.906839105698795,0.988804156074985
0.577738301352116,0.989743369183839,0.420568323418058,0.802975982177885,0.908038090518829
0.527583611325024,0.905710803362447,0.385826647341201,0.754570250907371,0.876931141394374
0.69544024419617,1.2419707739127,0.516487643047191,0.92569124694479,1.00475498876951
0.511538587398839,0.857106946132761,0.367805135302676,0.732284507359308,0.84747358389605
0.360844880453117,0.600822041212014,0.26597457842578,0.571223705543079,0.725960153187589
0.50112308735005,0.845154168682222,0.367443159345602,0.727409890003883,0.851340207849647
0.579778467808302,0.995939490575482,0.422182841451997,0.805616168291548,0.910822635397213
0.674509869989291,1.18657581836114,0.491519552155978,0.900934586297413,0.981904718637185
0.630399297162639,1.11694229101241,0.46618677675899,0.861233815965424,0.958213654952193
0.647172013237896,1.11653629841328,0.470153252393456,0.875940564905717,0.965888924369413
0.470167334890442,0.787967604213249,0.344755533912224,0.694491607931679,0.822180805661735
0.372261053626915,0.578715743264179,0.261463149085218,0.579169060944009,0.716277024441898
0.587120251994748,1.0413802483767,0.444868465903851,0.818997463612507,0.922627270335153
0.679115615658873,1.20404862877446,0.498970160822558,0.908545697616393,0.98952693198271
0.51144779496887,0.862049041534022,0.371560618222604,0.736014696963223,0.858738752127994
0.74080497426539,1.31409938626595,0.542285126367447,0.968458261392584,1.0300344490032
0.758356741501297,1.35177128128828,0.56286791548135,0.979458940894817,1.03881094591606
0.33526010201907,0.528120503025931,0.238120935125996,0.537086408227646,0.67946383745724
0.688873524990445,1.23360405160612,0.507193132607751,0.920280395123229,0.999975200248214
0.589685812627638,1.04565931557109,0.443560830795759,0.822579971905116,0.928079434778427
0.516710801436407,0.884916314881926,0.376854603407738,0.740981445135159,0.859614027626977
0.682680895632764,1.22037022858697,0.509527984429231,0.913396444567142,0.996120550983985
0.60178681951299,1.05198353327382,0.443451075686483,0.832767082065027,0.936948594131354
0.621434478924111,1.08226163200758,0.459380761020175,0.847788754149221,0.941658431341193
0.593771659113438,1.0439722597129,0.443726576686846,0.818688954346613,0.915856415576797
0.426911314946838,0.731052056623974,0.321447196535443,0.650613277129492,0.808247382557784
0.726615527973077,1.30096830921869,0.538793129536764,0.953420845606659,1.02257370429563
0.683199209251431,1.20740507577865,0.501074901123715,0.909158768189964,0.989035223850811
0.748108684827105,1.33861954216579,0.554029135702828,0.97378625619628,1.0377128683618
0.525157428753638,0.885943540796826,0.378660990930333,0.747607338012335,0.863148383732822
0.527044937796204,0.898167707200596,0.38863593788319,0.756276455593436,0.881157232106372
0.541753614711287,0.932629777525714,0.397055955628734,0.768421063776709,0.883286574315405
0.552834580068595,0.942266063183511,0.404973846720389,0.78154906539464,0.898496763952286
0.609807819330367,1.05286368791821,0.443577821285116,0.836586260302445,0.935376930162734
0.688316760832934,1.21350580197039,0.503756194493626,0.913142596267254,0.990739884725378
0.557549151658954,0.947480955826438,0.404325483169081,0.779631150776759,0.884304198727093
0.721047955140344,1.29418961068694,0.534566577777556,0.949964696221042,1.02089551437289
0.508064113744635,0.87607279960322,0.373368674994779,0.733833329841024,0.856585906873527
0.5259552794326,0.88479759765686,0.381331830143925,0.75039494772264,0.867411005615255
0.607207587048886,1.03959156215069,0.438992004982361,0.831758019128796,0.92923819286967
0.416469340051033,0.673732124675813,0.291625717116669,0.625486164799774,0.74991432998186
0.626864608224552,1.11394992897958,0.465502023220542,0.858228362939322,0.955129940691856
0.544178857232247,0.941502864838818,0.401258058695643,0.771047235164125,0.883848443568523
0.479249972957381,0.794514283542804,0.34678238559531,0.701109888467417,0.827805449689965
0.571437017161463,0.99208230354758,0.423435447082065,0.803628600364052,0.917644515125614
0.621411523159871,1.08941159133732,0.457477862740415,0.850866414139292,0.949017590987861
0.81861254166817,1.4763013574883,0.60935273705444,1.03889892503091,1.08430709176172
0.659299229493575,1.15348728552262,0.482470344858135,0.885573075661574,0.971951363029692
0.307043399132742,0.462118926745836,0.215607853551712,0.499587862808519,0.647366337327316
0.566676811452964,0.974767858433257,0.412345137653704,0.791046504058487,0.897321663942688
0.498233435128748,0.840101297651777,0.361369477892925,0.72117512256066,0.842801763199233
0.528981852817242,0.876870782055368,0.383224515433006,0.753444436405026,0.872170226468805
0.487718827984778,0.835252489960581,0.362553832884756,0.715723546834928,0.843196250322941
0.377141551325537,0.609705174805491,0.270322332859953,0.587189570767857,0.719982089493954
0.623548251035746,1.07962860880429,0.460341589685265,0.846008814458887,0.935046291949962
0.554474281824884,0.936819436804095,0.400161226637829,0.778208168944126,0.888635640018988
0.505074751260311,0.857410836889713,0.373396294984155,0.724786690776756,0.832488746935942
0.429905538117712,0.698791102433357,0.315270546637983,0.649235218873774,0.792831770700407
0.549240224269789,0.96127372994878,0.406780242287027,0.779886466970703,0.89932352904564
0.409555481397757,0.706747125389401,0.310522265368872,0.633526334306189,0.783932660605601
0.535734420104971,0.899189362157741,0.384954618112035,0.758085711739042,0.871649414185512
0.631761468521366,1.09549239975326,0.459386966555844,0.857277973998147,0.949188558515105
0.652763753530193,1.14588331304132,0.477772266358044,0.8790183846995,0.966868818513713
0.647011027252436,1.13772460803827,0.474864544200497,0.877430453010528,0.970208083564362
0.534240343431102,0.90420177085544,0.388898319575862,0.760359633999689,0.878339788872271
0.664061581806488,1.1837302090969,0.492974980152757,0.895596023855554,0.983757120561667
0.431965881046787,0.692173050883186,0.315386990567391,0.651822665497459,0.793720378925444
0.43849034628177,0.740372038593301,0.319507206309807,0.658356303935892,0.798859933760381
0.630889922874046,1.10148678588891,0.462676158911938,0.859205604786574,0.953110737858499
0.457687935595014,0.791133005858362,0.337082134082004,0.680898007913279,0.818929008565603
0.757781506179256,1.35589891226941,0.5601639799328,0.979964506251727,1.04003886314757
0.699014154894478,1.23539506711772,0.515719741893044,0.92300391473938,0.997858714104492
0.727787127580149,1.30200800287855,0.537042271126627,0.954572129190764,1.02330713724453
0.655173279999579,1.1474022032212,0.47972131484027,0.883242851012701,0.970395532965692
0.682602218937095,1.20480774931844,0.500254202699925,0.909678083062212,0.989542502369415
0.368866866909,0.532992829989418,0.258564968317285,0.566978712144558,0.704586269057917
0.716150055646285,1.26864211894959,0.530518691398417,0.938882197375463,1.00880385336265
0.592817686931274,1.03423960010505,0.440341083903681,0.818434195855263,0.916546190351069
0.550702219229348,0.936493758796718,0.400807863264735,0.776988896779135,0.890875431757079
0.772053181602911,1.40082229311431,0.576237970169775,1.00151625309842,1.05975814797388
0.435057708828035,0.730227181012855,0.31438722991778,0.653162450781764,0.790829962029215
0.620891970750606,1.07900804481112,0.456139699410224,0.846429249182128,0.940371988503383
0.803442461438968,1.4663099085038,0.600346051908309,1.03274942522293,1.08176282359599
0.378369942304602,0.623959950955464,0.272520847551461,0.585953260774394,0.714739405148276
0.728391368466329,1.30169198466307,0.539259302457844,0.953299471614143,1.02142961749592
0.483435535285628,0.809879597283643,0.349866470256477,0.702701453626534,0.819360815512615
0.780200359634108,1.40188206399182,0.580972852311038,1.00270198524048,1.05754988701072
0.620582421434415,1.09125269459135,0.459378559942304,0.850537603995881,0.947879656160481
0.653473562145791,1.16324029954616,0.487909364520997,0.883952802889044,0.973097629250343
0.377210360075641,0.633782137846294,0.27761508682855,0.590521198947814,0.734458054114238
0.667836401045761,1.17631067597923,0.493034106861883,0.893825567176887,0.977220763255805
0.268199468570235,0.440934476599423,0.188857509789508,0.444604968448557,0.589366734907319
0.540098652156943,0.934099123514841,0.395308335038649,0.765349567564114,0.879197504873053
0.512525361531062,0.848427384640432,0.371926286384464,0.736394793731835,0.861157481218638
0.691067234015598,1.2159913442734,0.504360797470407,0.918028267858958,0.994981712877134
0.577330966034043,1.01046705903131,0.42705194647825,0.80794823256657,0.917506906684797
0.604202975130156,1.05515058919254,0.446041746909884,0.832888647189547,0.933977318206644
0.465347099700502,0.807026935073671,0.347533867679836,0.686923393489647,0.809533679828413
0.539484208753235,0.91083497569479,0.389268895919627,0.763222795081955,0.878103035942958
0.532872535769784,0.902527826691428,0.386633600745949,0.7569255237848,0.871171914748017
0.830409463344259,1.49705789579764,0.616002111900067,1.04905356164149,1.09092351982778
0.759299629149292,1.37851970121246,0.56632193712,0.989792356404477,1.0511752680714
0.34874569022225,0.561154640113141,0.252370976969778,0.555135217565307,0.702477108037853
0.404998460179736,0.696402845413115,0.296547898946732,0.619922161861715,0.763510181905711
0.55968507731454,0.980184963441086,0.416470972972741,0.789546902779163,0.900489380150307
0.543846219482959,0.911147457297582,0.388907065168619,0.764805492020135,0.874763011309577
0.465428998877019,0.773933951606483,0.336283583176158,0.686321280555511,0.814626679849379
0.573368534775694,0.978525747649333,0.415885078113861,0.799479194780408,0.908152806024103
0.540200460147748,0.96586310848475,0.404156783282774,0.772303217489921,0.89555547782037
0.578255940532025,0.993651026607267,0.422759817191188,0.806501547524421,0.914947739980641
0.652868188306238,1.14919883034355,0.479597546733574,0.883957270690076,0.974044559297588
0.660370601992675,1.17622183228787,0.494368313326178,0.890543235826811,0.977933021002102
0.691133849282344,1.21741718090068,0.503749839155729,0.917874171377626,0.994772348235672
0.38386754370902,0.638262133137968,0.279012355112739,0.595083510668745,0.72842084028605
0.354986070592022,0.518279077603741,0.245174501963278,0.555988529321125,0.690976437555456
0.646737869449151,1.13901916177061,0.480409769390773,0.8744088363519,0.962861803008545
0.718792014137113,1.2822440467911,0.528614298367256,0.946044812765046,1.01665088082792
0.597240468486641,1.03949648519056,0.437906799714255,0.824301008166344,0.926087216157572
0.515395512957293,0.85656729968079,0.371406331750459,0.73811654426505,0.85775101896228
0.774745309968819,1.40441127997815,0.578587180471694,1.00241930077356,1.05913244263926
0.575847473194881,0.972043340731667,0.415134104562507,0.800856649638985,0.908934072544498
0.604997810206851,1.01960793569717,0.435382500937981,0.829624469720352,0.927880368334065
0.600191358193855,1.04604647384341,0.441574050311564,0.827747940381881,0.928219105206284
0.589666097757732,1.00442348754067,0.426838702962651,0.815218370075315,0.918543019918208
0.37695803404153,0.555193331744954,0.263961898635121,0.58240731818474,0.718067340055592
0.682121938368798,1.20096140083349,0.498830890101192,0.907191997837177,0.98646288669484
0.752849800310698,1.34356465513528,0.553989621832442,0.97648046656396,1.03759551230691
0.52860433828012,0.911738101527387,0.39287622401185,0.755806036455552,0.868723874091114
0.651029547003505,1.14041914270148,0.478920091105266,0.876795122370296,0.964099172858351
0.573031180881173,0.983799015448766,0.417257974149117,0.798283676390822,0.904137342414985
0.226021329927752,0.385061828244319,0.167401931036292,0.389267026405365,0.531761077479688
0.583879459030885,1.00816568338694,0.427221620247981,0.810846594631215,0.915858943008298
0.550857860531368,0.962319384285069,0.40877821067642,0.777850396004552,0.888127783820376
0.672735673664355,1.16553081407472,0.486147977895744,0.898013813621737,0.977893225927973
0.573014137837998,0.978527448372123,0.416591895702076,0.799040892448231,0.906874645805884
0.518647233788713,0.887082737344967,0.382350617596382,0.744019391532814,0.859565924716851
0.502808777412296,0.842909784455164,0.37197439953248,0.731143600190186,0.858588492654169
0.371961697053696,0.601744125803076,0.262576385160058,0.577275945143276,0.708899273007075
0.543765620459957,0.915765894651444,0.393287522674559,0.768565111038829,0.885155057195261
0.56896461000415,0.998442270692035,0.423383072419667,0.796971579924387,0.903932033760899
0.617090312051988,1.08677157046343,0.457673123996975,0.84730308559733,0.946363136106779
0.415804649687689,0.682891487395685,0.300018616603624,0.63234272439896,0.770798746516289
0.619742359510034,1.0723029610424,0.45411161891224,0.8495743093118,0.947150273654624
0.627048838693298,1.08491852151374,0.456572865274559,0.852670946011735,0.945869625298609
0.674699047543892,1.18270220936005,0.493325666130452,0.901465833591385,0.982820789084827
0.814775289591645,1.45858519464905,0.605960163632533,1.03179439649332,1.07768169279753
0.701339511155673,1.24088025300894,0.513591119982117,0.926648172695772,1.00105164874307
0.697858647608669,1.24036150613578,0.515405554465671,0.923237814550335,0.999223016950555
0.667336367765681,1.17610765437162,0.489513303007443,0.895636072533199,0.980097062523979
0.337226870126819,0.534791753243842,0.236574534199823,0.535575891967726,0.683416710091706
0.744296716902064,1.32812509623483,0.551905084426386,0.96675304966995,1.03021016255221
0.765729450941286,1.36630447283193,0.563812963441558,0.987362370804782,1.04522615142067
0.511842368980063,0.836590276101137,0.370060542279999,0.735700741259581,0.855826314588077
0.723148964472057,1.27602484445585,0.529957813706682,0.945273438486321,1.01329811288976
0.618915581852957,1.06915885521804,0.451809587826353,0.846519260352652,0.943959301929558
0.460615683385057,0.744679822331439,0.329504416099187,0.679744096767685,0.80560548078484
0.667346439564132,1.19904150431797,0.498734853391426,0.90238886047968,0.991037728788031
0.595091617185273,1.04063160294302,0.437988824918219,0.824283895821845,0.928333464022538
0.548504351751242,0.945199078767597,0.402387200844261,0.77462468558145,0.886129482074853
0.62933886177644,1.11609759214162,0.464802233966023,0.860170614660524,0.957391479675255
0.562306650841173,0.98062850409361,0.415490713816802,0.79094239119539,0.901941546695249
0.624664160014796,1.09535925243396,0.460554044165079,0.851677367873909,0.946078777072085
0.337500638627306,0.503741027404207,0.235666634460327,0.539309774509228,0.673426789438794
0.60358115307703,1.05389434970305,0.444596245241546,0.829811242281962,0.927857305389512
0.613802527550706,1.06427935764098,0.450229368059785,0.844792300010307,0.946242459829089
0.454378033802069,0.707466498823615,0.321608946559943,0.669398621861899,0.795372898537855
0.71233619611993,1.2634287411459,0.524444822126998,0.936755977437287,1.00847753533433
0.699406092228486,1.23409348796751,0.515156640771472,0.921891033056342,0.996207412656963
0.64707564180386,1.131194131316,0.47124662331095,0.873981214487673,0.963129372012259
0.590743198060539,1.02269375512621,0.433024284359364,0.819750894737927,0.92581138854778
0.789884554758134,1.43369426488994,0.588833112967358,1.01855934839473,1.07024198871772
0.73512269799091,1.30223698401067,0.538459579778076,0.957768933637805,1.0225262769697
0.775506108424121,1.40850495765968,0.578174788580086,1.00452725845831,1.06011974489688
0.525849050913335,0.859757475785905,0.373448228202765,0.745343143424856,0.857862777527265
0.546410786483703,0.933188834475567,0.398486676330868,0.772987226476878,0.888219046773996
0.521488220073133,0.921701382544754,0.386222411514586,0.75055604100369,0.879164421615036
0.412399144606474,0.702182922200135,0.307487108070559,0.633907960233155,0.776547648658936
0.77624723228756,1.39987265847965,0.57630873419883,1.00179852039386,1.05807137145168
0.610349353014731,1.06169233266495,0.447484015513506,0.837469098298099,0.935779176496442
0.345074093889923,0.582945105628869,0.252965960392216,0.54514311325879,0.67885871440188
0.53928923604189,0.934522549451202,0.400439284089961,0.769806154488746,0.888806153855014
0.326921042549534,0.530978649425272,0.236311037718907,0.528389489759102,0.671398780660845
0.632398028861102,1.10219407523647,0.468258332428829,0.857394696026484,0.946960627137956
0.589056167942204,1.0300160823358,0.435360848169486,0.818262821839836,0.923276815034078
0.558941024192198,0.951586015587028,0.404488475319302,0.783147988275906,0.892739709531645
0.643922400226664,1.11735904769369,0.467727088009158,0.868670682679299,0.958100166679504
0.570988703748614,0.982263139088847,0.41853695204494,0.800169634698621,0.91234951535072
0.498575539512153,0.847216099427851,0.361569349848166,0.722273679434143,0.849908125285045
0.622286137403947,1.08882369756779,0.460479513814917,0.849940052131987,0.944402529256884
0.497558032386295,0.84032222844809,0.363475366058288,0.721637150348946,0.842601653555415
0.704828146655264,1.24887429794207,0.51772698095735,0.933764181811179,1.00831641485961
0.630654767671031,1.10448173081055,0.459415935499898,0.857537294848311,0.952186841801205
0.70273500874584,1.25760978629421,0.518754909416028,0.931231553954478,1.00721207872635
0.524831066398445,0.886738037139595,0.3815756833486,0.747856517829654,0.860093228902081
0.291290107982099,0.451207422322063,0.207474284371707,0.470965350617189,0.63359794719306
0.434458414483871,0.735189321795763,0.314973383570676,0.651975503104553,0.786721515960758
0.583041165144455,0.99780762215238,0.424770250438639,0.810456484721807,0.917462197088778
0.661849679842402,1.16592439871453,0.485790610569139,0.891680017003039,0.978147537727092
0.491077424060014,0.825361627023424,0.356699023433023,0.714218180239152,0.837260818043031
0.652588591820814,1.14657316541293,0.475781918665189,0.881797958807998,0.971588759737196
0.669291132692672,1.17595610285672,0.488845699834107,0.896928061762589,0.980379548568936
0.616281659341526,1.08011806392931,0.451699337192991,0.844666701111084,0.943225239509834
0.599414084735052,1.04047935168093,0.441291442907158,0.828478727507896,0.93095171451051
0.421397473024366,0.671224881553441,0.296012043561693,0.633498789407454,0.766907135112522
0.712807019451772,1.26879839360523,0.525351378550866,0.938679297659774,1.01088080560747
0.640588860529283,1.1197177943735,0.467267256516815,0.866238827904091,0.956527657535812
0.739656347867289,1.31835535325994,0.550790241007969,0.962299955414228,1.02640273343935
0.436633204060195,0.701355343960612,0.319035917253781,0.655882022670874,0.796995175877849
0.563940717112016,0.976567627335496,0.413050146789035,0.789654037537814,0.897438746742719
0.621236996060315,1.0588333364655,0.44605898864119,0.843940714865261,0.936014355419775
0.712177006175852,1.27419237687318,0.525963124580487,0.94035770521325,1.01381911281473
0.815635152975901,1.46275249530986,0.605012514722701,1.03367395254208,1.07989158038108
0.520919372204046,0.878967565389891,0.380751161143957,0.747407736949181,0.868330496023186
0.749612586852064,1.36208253554173,0.562461629640868,0.980334600464871,1.04499422344648
0.490159986682416,0.827119256092,0.357814772849839,0.714237886830877,0.83764336248166
0.394638087448876,0.635614003951087,0.281066621945818,0.606388970734274,0.741179915265703
0.351368995328498,0.566735194000243,0.253409379022096,0.557768953155388,0.706066583328983
0.462807342751373,0.789678280008839,0.337771992499055,0.682101690356202,0.807314968629687
0.593649185372094,1.00306222027564,0.430748993677827,0.820727560792986,0.924711287921387
0.404161834330503,0.662321774143242,0.290046477083725,0.617966815625554,0.754414740071771
0.625841599489178,1.06575027898712,0.453843147538825,0.853412993836239,0.947937382092792
0.591815078640255,1.02658728798076,0.430547024611103,0.817832835431128,0.920957804760446
0.545898235686074,0.944815404274979,0.400129714550115,0.773692442141815,0.891439474510666
0.45062259807505,0.736781477625006,0.326696145550757,0.671324658215323,0.805195767364857
0.479015358461741,0.801072427539648,0.346229313296931,0.701020960587491,0.829518719401271
0.585545304299033,1.01615322804236,0.431839334684976,0.813576625269485,0.917807634255699
0.776416823083494,1.39681488575605,0.575168179908224,0.999015376635933,1.05406523212922
0.689167436923329,1.23100143148441,0.508048189200362,0.918829127228333,0.998406593584691
0.766183295899616,1.37114435241696,0.564714445013563,0.988944532835721,1.04663389160208
0.633658343151353,1.11762280053775,0.468365372379934,0.863230470421712,0.957008652637159
0.655271905814298,1.15305227031374,0.48194362632037,0.88272887704096,0.970500067258066
0.430731373261759,0.666877607876967,0.303167459595372,0.642297558519986,0.777471532954455
0.313857517706957,0.532172911532333,0.229725050459886,0.505871447860501,0.642282423759977
0.492722758661307,0.834359621056667,0.364447387861191,0.720845491859456,0.848834362036968
0.569251742379765,0.978422678314781,0.416452665041814,0.792878042481265,0.896005746461298
0.387524891152089,0.671285813222862,0.293001397911336,0.606155940838385,0.752953644545122
0.700325208947969,1.25847682015389,0.520685575948048,0.930487844338241,1.00754639251563
0.659455478269524,1.16089199534687,0.485328336480862,0.887173041879488,0.973703272471746
0.435265130260157,0.727744407515478,0.31797464465143,0.655933435988326,0.794293770750926
0.642382526760211,1.11045757854487,0.465763626033069,0.867202928099468,0.956384486137899
0.653424300285052,1.13905338152495,0.475115389595804,0.878554738820557,0.96502588713244
0.470531995290449,0.779760987095205,0.337123488224027,0.689514904034707,0.813822361021882
0.684019822485007,1.22003851064026,0.505754847473461,0.914802930288689,0.996429500031496
0.574535543281944,0.978625894167513,0.417452962828956,0.800944421328511,0.909011639795441
0.448203505091471,0.730734919281188,0.321734215047612,0.666331358289463,0.800287237135848
0.40647732447638,0.669346586900523,0.291195895506394,0.619383926063705,0.751808099886758
0.408393663852264,0.654816733214022,0.285708926679462,0.618161477273746,0.747934159298028
0.742922615643309,1.33347458868235,0.548453800625115,0.971114466715185,1.03509003216277
0.715673746620141,1.27952339069048,0.535133893948477,0.942277319165275,1.01411911615107
0.360485967887509,0.586510996119759,0.254492607770058,0.562421669900715,0.695629225057416
0.625772619811435,1.07821132340884,0.455083154155655,0.853805284483225,0.949427789091243
0.414379373414683,0.663623090818135,0.292238194157168,0.626193725961521,0.752496491753774
0.588148741715117,1.0137203755376,0.429016312274137,0.815325205308498,0.919936797790381
0.79000624310903,1.42759991107047,0.585659474533661,1.01548988541143,1.06697612923684
0.511546764710033,0.858777609311148,0.36799610560152,0.731915396158302,0.846304716770142
0.628972488640319,1.08914137173105,0.457409949242053,0.85354201187473,0.945770063002454
0.654136465299425,1.14157337243037,0.477404889456543,0.879224501101587,0.965677878469503
0.462738820866679,0.756897351315616,0.330846857920276,0.681566260281864,0.807685250008582
0.383287966248979,0.607173875947494,0.270376363671254,0.592360346067214,0.728718605455014
0.682138940175609,1.20272595001352,0.50416489453272,0.907001906808223,0.986457493748255
0.731724315165155,1.30406531072092,0.539156453272943,0.957470515016217,1.02441701247418
0.372028135792569,0.617856275919944,0.268109397317172,0.579540763552789,0.716267672140225
0.590744709505437,1.02593111119237,0.432147918768303,0.819013346082775,0.924749422722286
0.684639115467564,1.23735559924124,0.515443455635078,0.918579466536897,1.00166455495466
0.5147544021264,0.857582442788432,0.369815294388731,0.736462171513488,0.85346045761218
0.649014892054601,1.13250600172188,0.473298774421187,0.877067480607947,0.966676960705209
0.519823076023739,0.896983672918145,0.382058288250697,0.746830806507364,0.869085107469513
0.663655395918576,1.15148725922784,0.481121772469245,0.891053502503945,0.97412080490091
0.271665836036477,0.403997710676196,0.184174925423268,0.450728867500187,0.589678615360091
0.713832024691292,1.26762121120143,0.529946456798791,0.938041838619513,1.0092811582976
0.5602951128711,0.982182913468864,0.414933887110452,0.789425389357766,0.901855503546672
0.51367936507683,0.816807568253889,0.372227781897971,0.733089665320462,0.857043139454558
0.554984215367877,0.919850931017478,0.402390985357413,0.780222285756736,0.894226827360356
0.590946669386508,1.04232983533624,0.438396029974089,0.820020027836541,0.923801598381589
0.663133407632908,1.16956244948411,0.491497478836232,0.888795711110456,0.972737650050508
0.605421357652177,1.05191532648356,0.440043810489571,0.830751143680267,0.929535983872885
0.188219785735921,0.264653229913328,0.122640234404973,0.321245925081346,0.449791354124252
0.465054673537499,0.824895745836165,0.352474226718456,0.69362849615211,0.828807551289965
0.707394227066145,1.25853615598565,0.519027539972081,0.93466014553685,1.00832202860921
0.622824642571926,1.08406426736763,0.456987814143933,0.854022436352854,0.953124451390685
0.899983314607602,1.63094291493587,0.677795982768218,1.11765331832548,1.14144610819822
0.317955969010235,0.510233651671029,0.223470016965416,0.511886439459445,0.655233558287677
0.592341249635455,1.02097724197724,0.432792971961424,0.817259840093468,0.917708468961198
0.378248088187679,0.600651996178693,0.268250427809248,0.587422794525347,0.724373931193394
0.756961222909132,1.36549226855089,0.562873313915483,0.984269614656759,1.04509387114707
0.735420471934389,1.33438150870247,0.551203066566268,0.970699435964722,1.0395256356117
0.702958542001898,1.25463139697566,0.519528697076526,0.932837317045009,1.00879737918376
0.678403060287713,1.18699477060655,0.497725121238677,0.900743666137836,0.979920527852037
0.691225333652369,1.22926274715539,0.512251593605586,0.917472666642755,0.995088023000704
0.717138131082132,1.27786919574734,0.530376539830694,0.943343683171311,1.01539605673706
0.693200340940756,1.24253958306025,0.516923573730001,0.924389402144061,1.00465110410826
0.542863199802399,0.904103823491148,0.389609866443026,0.765343403226558,0.877982926826821
0.557681938348825,0.932064487529558,0.403250472522086,0.782833745616794,0.894807695281827
0.548863714833557,0.93492856753025,0.402295630180724,0.776439740382115,0.890056586306154
0.560933950594288,0.956568182064306,0.407350597173656,0.786310827363877,0.896364555579734
0.572502826107074,0.98794742612997,0.421695699542029,0.803059433192511,0.915529858552389
0.473228246245174,0.788526674925634,0.343861807594245,0.696208155732445,0.827002915335505
0.522397778200278,0.889621577340882,0.382596995664091,0.748465730092854,0.866409446079448
0.482677485760254,0.839721494663284,0.358135617617235,0.707830061520155,0.834834780184701
0.776243548714021,1.39059591037106,0.573224974923544,0.998012594013702,1.05303422192992
0.500634053000949,0.843331792980603,0.362179185432292,0.722672212648456,0.842368539558675
0.454178099282961,0.746124742580004,0.323279994241235,0.670566860118488,0.794616809450386
0.457654871899775,0.780402409187051,0.338020314838974,0.681308766208371,0.810953331216861
0.635112369868997,1.12266595215011,0.470683716356815,0.86322133584473,0.955567344148253
0.585644723022254,1.00443373428622,0.427098532008004,0.812682450066875,0.917710576271895
0.643686350491846,1.14207131538594,0.480669886105741,0.875352894318455,0.967904043488963
0.70714863655372,1.26304533191717,0.523893990134302,0.934072778707208,1.00843233614158
0.521269501906023,0.899727478432985,0.385613759996685,0.749148915050637,0.86836260424703
0.609566236949674,1.07587507391113,0.452348108562269,0.840430471528076,0.941559978023704
0.545486222855337,0.928585223656613,0.395647170679114,0.770004632958482,0.883020288677116
0.694112387434565,1.2406595441569,0.511658950437643,0.923679585813498,1.00196306373642
0.545154124226984,0.940625080898574,0.401430501558957,0.773368597173706,0.888989663829145
0.362776982996641,0.64300224098552,0.272895643798444,0.573156493988066,0.731625055698352
0.466889449997373,0.799695564595593,0.342642607349405,0.688952337811396,0.816346912116498
0.644095658638889,1.14937653042474,0.485162148166805,0.875234497545218,0.966232611482032
0.476570749206757,0.81771145136669,0.35846773383682,0.705786677158897,0.850998570414447
0.755919504909234,1.35392255637782,0.55961993228592,0.980920326346496,1.04231464422447
0.72158450773448,1.27724931544967,0.526900254414856,0.945382987692358,1.01340805454432
0.570086979571397,0.988471817261667,0.422609902960542,0.794189223546208,0.89557936796994
0.639027565873684,1.11687485237323,0.468482540213714,0.865758185363605,0.957077297506803
0.368984038232085,0.586810429012267,0.257827768414481,0.573257972188653,0.706208122483857
0.618032600800101,1.08680800771014,0.454479210050176,0.848531001986337,0.948377629101345
0.501784907327555,0.851936128557199,0.370643385801992,0.73005493949199,0.859377954705704
0.653769187135075,1.15659645339395,0.482231359859353,0.881043509541815,0.968100450440438
0.704884534350378,1.24948989091325,0.516984083823184,0.931493307642207,1.00506593779782
0.553389815150365,0.934659369388466,0.400426648850416,0.778203680575846,0.890271112173465
0.737535726226836,1.33175006394463,0.547925858546044,0.969940527331571,1.03772900540988
0.606971049086282,1.05407200603977,0.446013514865892,0.833076469255108,0.930199924920748
0.667083914907826,1.1893535475089,0.495484434223847,0.898676161976911,0.985294640441545
0.651084248804563,1.13141868330006,0.473786694443025,0.874618364443308,0.960689218722592
0.5003624953249,0.874247076905272,0.370157967459164,0.725810161539843,0.849953567137047
0.390944342652694,0.643065107720363,0.281031207160347,0.602144272009686,0.735388569676998
0.762711707890083,1.37771074025277,0.568116173066186,0.988678977229255,1.04852100762486
0.613227477671697,1.06366043760163,0.447720946428527,0.840608959531012,0.938753421583745
0.468222222506578,0.796078621449973,0.34647268556867,0.694089205386488,0.833171062946486
0.62214285365632,1.09153734445261,0.461330219063983,0.849004741605217,0.943079384720763
0.755529436044341,1.34521989602257,0.570756335343171,0.976787046408471,1.03604368724643
0.452083103040134,0.759145257814167,0.326918473068438,0.671495329495319,0.802323449094104
0.487142882050868,0.834938310929023,0.359599233020587,0.712469413901258,0.837182258014211
0.668705270846993,1.16914447292405,0.487678380669625,0.894216791277971,0.97721782269304
0.65734356963612,1.17510208666976,0.489034004478707,0.889169044004038,0.978507218829316
0.577715621876301,1.00607739818901,0.425133158078429,0.805074352549216,0.910707795863692
0.726474428029279,1.29874858825955,0.539173049292807,0.9530185835064,1.02316381069135
0.809018902322954,1.45314517353513,0.601093457761843,1.02868192446009,1.07657411282388
0.579368386404448,1.00496906223616,0.42605683101733,0.808495689723308,0.916697037565586
0.536080867506628,0.907068023795441,0.392617213084281,0.763675591970989,0.882103912332888
0.742113663366946,1.33050036671988,0.548450489398367,0.969552683519218,1.034101960223
0.421563830067166,0.724774450907616,0.312299149694003,0.639229422206425,0.771708060065776
0.768596658799098,1.38458163322815,0.567988874117128,0.994511603570157,1.0515202893927
0.640458254382264,1.12170527149309,0.46931733971157,0.868878859516401,0.960969229521299
0.523530825720366,0.896696210467538,0.386264211559731,0.752240336798897,0.874393910664059
0.459048948527741,0.76777918091114,0.336069257165475,0.682405990816354,0.813968138511908
0.446893097611111,0.742254497467118,0.324696226189482,0.666419644119406,0.791664429174336
0.679883551508712,1.21414555685409,0.502653389755358,0.910309359193432,0.993521482412273
0.605748272005869,1.04405041199471,0.438243919168835,0.832055546708149,0.9329068178806
0.49356021935976,0.809387944206049,0.357625867304462,0.716111700534679,0.840909008502316
0.764375460171672,1.37045188438269,0.565422373161095,0.987971615873908,1.04671968971997
0.65844260291159,1.1688004221106,0.48690011957919,0.887221369586834,0.975280938203112
0.64910610788188,1.14647201504981,0.47869187497459,0.876711109225885,0.966040191842685
0.572718921407503,0.973792782897053,0.414612066658548,0.796460219238326,0.90087960076121
0.554345728919615,0.942591412173307,0.403049204204544,0.780821692072613,0.897882164463145
0.637921908405615,1.11839420832273,0.467624397768516,0.865923268997274,0.958496379924441
0.531603216450838,0.907247566497615,0.388451337219011,0.756547172714529,0.870645054883437
0.513678824877737,0.841029580021344,0.366830603166489,0.734072649356465,0.84833097984707
0.289116200041532,0.444369625999241,0.200320248024955,0.475467090286214,0.618102493005462
0.643916198865926,1.11772431928267,0.46974138709274,0.867150855052564,0.95419912918385
0.733821495567765,1.30554781718697,0.538075007790443,0.962062838281283,1.02605626824224
0.511540493475337,0.880990458561577,0.379303196596768,0.740111689991311,0.862819312584858
0.292627182826504,0.443428041906676,0.20034348419036,0.478413730973175,0.619463424955484
0.504294570859683,0.8531520753441,0.367010137007552,0.728866025885849,0.853695349582266
0.659406745569845,1.15384084679216,0.482152183869624,0.885614645044565,0.971595039327244
0.508151134029385,0.88810333261008,0.378288794605299,0.738233714012693,0.869265243133772
0.546589312989806,0.919639039104919,0.394159998862471,0.77109317744445,0.889066774821793
0.520740921221667,0.884206050471721,0.378706823682226,0.745622888242124,0.865594369198788
0.321734358087693,0.503525922933419,0.222263607613553,0.513833812512763,0.640737020214517
0.650732808298426,1.1396661953382,0.476213299660272,0.879102760549641,0.968371485298751
0.740498040581006,1.33370139374687,0.549657073368041,0.96700950468225,1.03266881588614
0.440986104916681,0.725500530167135,0.313455916043062,0.654802516819819,0.778163154366778
0.469925749665012,0.751317108663484,0.334274739385703,0.687715987531278,0.814478165564167
0.419673867014628,0.690819962268574,0.307228060935952,0.638991206422385,0.779535164995704
0.690328222278699,1.23527053072826,0.510746769342069,0.921472309469432,1.0009102321191
0.607292343501561,1.06026253720722,0.444718316466543,0.834598016780412,0.934185405480843
0.650799823517937,1.14155155951,0.47902991518203,0.878238546723792,0.966879011975391
0.853452743243561,1.53103702006215,0.633181726693066,1.06768664593929,1.10451173050349
0.491846390249035,0.843391080816933,0.362368105657464,0.717567164090763,0.842670060559804
0.48195549758206,0.789906971551112,0.34368304804127,0.701353095223328,0.824650243237081
0.421208259934963,0.708919860345734,0.309283094261761,0.639488384184187,0.771068358616475
0.448659788827561,0.747550694362738,0.32152259150596,0.665069672695803,0.790825411019232
0.401853957060155,0.65784678050289,0.288788953841853,0.614917114916512,0.745717850611886
0.356112202388879,0.55089834854589,0.245687560127656,0.557346938422307,0.695049351628413
0.64428595858983,1.15041451193296,0.477069096560999,0.876914559341033,0.9708121820622
0.593740436770601,1.04873890882387,0.439506194923974,0.824284916709567,0.930371030923122
0.755277084767922,1.37633818857686,0.56524442042274,0.98643639358323,1.0486533280756
0.426715559797715,0.687884840152265,0.301048288545604,0.639797947998563,0.76618155089781
0.588106296552898,1.03514690328354,0.435350358833102,0.819784135560107,0.928855188687352
0.785463818882878,1.39963722899255,0.578425302401485,1.00395886147686,1.05669243437077
0.497963680205188,0.851878602616825,0.366588186498682,0.724522525239896,0.850708981354281
0.508725656412104,0.882428095797174,0.378737916633519,0.733074575383214,0.847927684701271
0.596651946463641,1.04731611606293,0.440187993342775,0.827761962025779,0.933850831026359
0.709123613682329,1.26270939884415,0.522455908771632,0.93691714235366,1.00999838395866
0.674937558908157,1.20493526329889,0.500835966530785,0.90296505894927,0.985500648221206
0.641961852270947,1.1258806213566,0.473139009017629,0.868560197098312,0.958289688347008
0.512847685907271,0.878531482990838,0.380910733719355,0.736624660533841,0.846765887098065
0.577352689634168,1.01083384316778,0.428152237291022,0.804558126055035,0.909466673283243
0.419577203939205,0.678640391292836,0.302193853963639,0.635827784615363,0.772515971661951
0.689338470304052,1.22410714767484,0.506974251709754,0.91596887450242,0.994102799286271
0.688736869613381,1.21267729689469,0.506170731718944,0.912234160569015,0.989590348616259
0.58889774575333,1.02397818899587,0.434689393321814,0.816678191658888,0.918713574140788
0.481737752256215,0.806997390421039,0.346730480315549,0.702936748424062,0.830760414089806
0.380088265751471,0.636499089994667,0.278828795705718,0.593335440142424,0.737495062134685
0.697515322115982,1.24804717590767,0.517943154906767,0.926837176283594,1.00419174789237
0.633273636089345,1.1116714683192,0.4643808081754,0.860057816328749,0.952429237962869
0.621233598004295,1.09072686707795,0.458316072076928,0.849690595872711,0.945929268202958
0.438803943457584,0.735142544399788,0.318675158089494,0.657657195528098,0.78792199973125
0.625372698616532,1.0969768416218,0.459273425748217,0.852149420969449,0.946696052489994
0.65828404176325,1.16998292758071,0.483503517345612,0.889111951525116,0.978865315004409
0.714600064390272,1.29665327816583,0.533329634212915,0.948012441815959,1.02350333548404
0.582267804045044,1.01362676242912,0.430048682059652,0.814393922889551,0.926846849209324
0.47829285107444,0.811325944881121,0.350996032538455,0.700034952423433,0.819485288944157
0.417581315940331,0.699571017642022,0.303079183123924,0.634361136174229,0.773581145767399
0.785820686591008,1.41028185376504,0.580307420120215,1.0088013792594,1.06188891988761
0.494040756613725,0.840397390555088,0.35972131606118,0.715799311331132,0.835186137082689
0.585621166622376,1.01304715908214,0.429207313472298,0.812660238414792,0.917209426268802
0.727842640908083,1.30521493328222,0.540397967623129,0.953581967810605,1.02178725342002
0.616263969128663,1.08486668938364,0.45787465014009,0.845976358067186,0.943639338507226
0.619045002179856,1.07033661622535,0.450551043996852,0.843133054833666,0.936969238088985
0.510142063754924,0.875478280287405,0.378575744398089,0.739477807502257,0.865022828821906
0.509255839441135,0.864600684850569,0.369940755251205,0.732366903501577,0.851060662857476
0.536385593607749,0.873966719245882,0.385882315586065,0.758014233468904,0.873178687041086
0.673671924396644,1.19567357430112,0.497088240413586,0.90093654311672,0.984438569699655
0.547992553977984,0.924396516245888,0.395771996776266,0.772244379775793,0.885186172369966
0.667714159197623,1.18086972063253,0.489572648983059,0.894991870645946,0.978917990883853
0.221068464375397,0.353510771145459,0.16097008644485,0.385423786408561,0.532668715779636
0.709444638164436,1.25838849119993,0.522972560740385,0.935108923636984,1.0082135098934
0.499646324288499,0.870527513049584,0.370507319631483,0.724088272419588,0.844622055246152
0.644699944740526,1.1218905733478,0.46954544001415,0.872695311422156,0.962878350659036
0.655121128829584,1.1769807902923,0.489123155770463,0.889488363041132,0.981592647495058
0.596906571067958,1.02755587370277,0.435189854075549,0.824622375332185,0.927730594932133
0.638294444563882,1.10406753971923,0.463525168047662,0.86384745257665,0.953905475061702
0.752004008461604,1.34088074404041,0.554248868783072,0.975588309290935,1.03700723935847
0.734768403187923,1.31707647456722,0.544401353786403,0.962643084947855,1.0302603008076
0.657881016956212,1.15644070272625,0.480570758019438,0.885959238718602,0.973859785066264
0.632742550447425,1.10636221645081,0.464276203596326,0.858786244584452,0.951034569800772
0.57673515454783,1.00144653564928,0.425031765088076,0.806406377007473,0.915939287943543
0.395544043432045,0.603399251652004,0.278670449043742,0.604731585304441,0.743172636505911
0.66744595518229,1.17616375253292,0.492328857317928,0.892705002629602,0.97619691397347
0.613957473979218,1.08206639218848,0.456009935036563,0.843108872547356,0.940911424495414
0.443567189387131,0.733345264981925,0.320635250953804,0.662920067145946,0.792418167797072
0.677919204631757,1.19957558856679,0.497276551272999,0.90549444199999,0.986838051114774
0.584741389245426,1.02370282319195,0.433790801809939,0.81590566201391,0.92332304764023
0.681176238680329,1.20982110744935,0.505520072855193,0.908812364509357,0.990070334500462
0.471532986871339,0.802791162790512,0.342806006027879,0.693490306618737,0.825195170345026
0.739324651279199,1.34079943434418,0.558898382638145,0.971670472044954,1.04087827621764
0.479156489386959,0.803056246171959,0.348922302610445,0.700794226055632,0.821555897900479
0.551187072635354,0.943400814435102,0.405124676388521,0.780663613032828,0.90080849311819
0.642323443559538,1.12959953583448,0.471369614688891,0.869381708665665,0.960002343973649
0.764113488575834,1.37867452478279,0.567731613172339,0.991942615592559,1.05139586935922
0.679481405831596,1.19507394458116,0.496876061285618,0.908924510831633,0.990152490889807
0.330311374350973,0.551144129704202,0.241330593649622,0.531819883039059,0.685085367171295
0.749009229374092,1.3355959504643,0.550172418857138,0.974456706652728,1.03571910778539
0.481037781208415,0.824797081285133,0.351763310572481,0.704728454151085,0.835032242098628
0.422696788926026,0.693145076012731,0.302646965079237,0.638366219653855,0.774354133395328
0.796049672978365,1.42755602560367,0.588182431678225,1.01568300925478,1.06579738347213
0.712264780039077,1.26693418038476,0.528291110144939,0.936974435694046,1.0092583955128
0.60579039338353,1.05990517517431,0.448554572430817,0.834074330703008,0.932980340540847
0.486447490777502,0.837948090927865,0.35974613550729,0.712448458925411,0.839608117677535
0.753881053108387,1.35085446178636,0.555308117909451,0.979550004316448,1.04036138778827
0.730217489301791,1.3056424296304,0.539428535012952,0.95695424368476,1.02432644457373
0.602781906085663,1.0372737049024,0.437011049300499,0.82808144261887,0.927693038051321
0.625811447979528,1.10338501747774,0.458714516629743,0.856868519292388,0.955568272933115
0.574307366349428,0.988382567849865,0.420208153467503,0.801275600320174,0.908265285469168
0.848493312362674,1.53281283565078,0.631503892754664,1.06822600987855,1.10614667017884
0.462750033919559,0.768669917382431,0.333687886962615,0.682776305086342,0.809542693735907
0.711837643375496,1.26481478493935,0.523615113378179,0.937588074861458,1.0098601667274
0.696777635104494,1.23441881885402,0.514088035591744,0.92105103503686,0.996362670758203
0.562307521953811,0.952822120778059,0.408785942808747,0.788712371389564,0.90232136014014
0.68908915098858,1.22432075915399,0.514017178000358,0.914907651543339,0.992792136512067
0.404124673371247,0.70016528095223,0.305394816946573,0.620617395411563,0.750558212445535
0.607841420784862,1.04025574972598,0.441106963068926,0.834425656634198,0.933474600643741
0.720809648780696,1.26927478319817,0.528470125106953,0.941980969539688,1.01078533883385
0.499500119738776,0.852657479103928,0.365934614125776,0.725392728158985,0.853482829376504
0.534223865087132,0.922062240250946,0.391723514564615,0.760416235447635,0.87656386359399
0.604425331165276,1.03999274633223,0.438387124069383,0.827784144121266,0.924380152173336
0.720726467905596,1.29207821081904,0.533137534356339,0.948638836943999,1.01841070108623
0.510446093270363,0.880427082044199,0.378566761863364,0.738692114909591,0.860939300470327
0.692859125327793,1.25455276886077,0.52093844897779,0.928217476717067,1.00978962735333
0.652083589746692,1.15428701269608,0.481701484711401,0.883716155727022,0.973772569621647
0.611547167239311,1.07442695964467,0.451412308621825,0.842129172449992,0.943246945611624
0.628673578460752,1.08828580727826,0.457292883384063,0.857073658867841,0.952585340103659
0.687738464434811,1.21963620720664,0.509100927087966,0.914107355606016,0.992663651133432
0.707524231051309,1.24369104932956,0.517069557154013,0.930532637885343,1.00265685265202
0.729631884047273,1.31750159421826,0.541211402585521,0.962461831352021,1.03106858738195
0.602676600722674,1.01872237847108,0.435208942880643,0.828478394963041,0.928717208332274
0.643927444065102,1.12687959997843,0.475097610198256,0.869850004080406,0.958890453580435
0.725027273749103,1.28733987715333,0.531807928617524,0.950734033948358,1.01852124010736
0.51603624004302,0.899370355067408,0.391882439160245,0.752041976389066,0.881925096323099
0.548676255127462,0.946137260995529,0.402278250336845,0.776563338532427,0.892701858013026
0.382564526460144,0.613589216630372,0.269546003609561,0.590308274638179,0.723419437563468
0.504562877148543,0.86747544836492,0.374275329354031,0.732346747580671,0.85512586876878
0.410527173782182,0.665400323346499,0.289259216730915,0.621652651754353,0.755269404627123
0.65847022782719,1.14182293703281,0.476323926056467,0.885173807152059,0.97010076381832
0.478958764385806,0.809898931852691,0.35319491983577,0.704120629714324,0.845367587703054
0.641392300133785,1.13532407173593,0.472534041485323,0.871465514060579,0.964704320978248
0.67367549386825,1.19664228622004,0.495638402522751,0.902720192662338,0.985488040503527
0.372630771253672,0.608371545251275,0.270808711331238,0.581792144049073,0.7355476984701
0.608197755855621,1.06761142953945,0.449147239587686,0.838117070248782,0.939132256111311
0.560564223985137,0.990837973068762,0.416413756812745,0.79042294923114,0.904224320294237
0.588303661811225,1.01258665787273,0.428288487843364,0.815418748120422,0.921290293029206
0.490877586287761,0.827604341453885,0.358172583247779,0.714848983272779,0.838044397213
0.680778330026787,1.20338251753133,0.509309836478254,0.905349858612398,0.983463651131158
0.665712213946387,1.18177897754245,0.490511386578271,0.893563980421302,0.978820265916658
0.708455323429536,1.26597530647618,0.523871844388933,0.933917957164926,1.00723751055606
0.468479189798385,0.783399332934062,0.343395008626719,0.692640252973083,0.82085219835394
0.470342138060464,0.789272266288504,0.342956293679745,0.693635095228599,0.82381273026689
0.660012479719511,1.15911519286332,0.483661864907306,0.888035149446667,0.974542946958164
0.802675673503994,1.44412080881857,0.592576031016087,1.02730052463047,1.0737606033256
0.645499259938301,1.1345445695722,0.477500457021694,0.878596284990231,0.972324775901375
0.587268219851173,1.02407080767868,0.435178188590023,0.819622962695219,0.928824896341688
0.809801855429047,1.45558373672981,0.60558437690829,1.02990708166481,1.0774328171553
0.478717182038933,0.793021811157669,0.345623705534052,0.700536980902645,0.825694324158291
0.751864480021068,1.35717686428644,0.557612270802012,0.980689732434039,1.04289170790106
0.508068783018302,0.878374469165978,0.379537907010969,0.738742314824333,0.865182928462086
0.368213226736126,0.591395695028871,0.264853830821265,0.578129712862754,0.715832489429432
0.569012632651461,0.979516603586756,0.415759647168764,0.794479154393355,0.900785111551063
0.547584512992325,0.912677798300857,0.396691978397127,0.77256834867442,0.887253982721503
0.706563416419844,1.2479291255503,0.518953191188075,0.929797825605726,1.00298686821815
0.358481796895868,0.553897945663054,0.246819773575942,0.559955614780944,0.688644969121318
0.447213938881136,0.770172533805838,0.334743705025302,0.663273395774515,0.779964039938858
0.606325590213461,1.03182433149346,0.438342528974625,0.832549520444075,0.932218137665284
0.591344725882514,1.04338883575455,0.440976331585582,0.82295546461963,0.92931138556385
0.752130921315104,1.35624710202311,0.560981383295357,0.978345524981749,1.04103619773978
0.551446083693876,0.957249237898548,0.408641403095311,0.779282362677697,0.890795412037959
0.712228173242818,1.27305333395799,0.528442241421824,0.941549113128878,1.01513848115642
0.5894805441995,1.01712072097748,0.433978295206526,0.815076210297886,0.914521456709141
0.329621381601137,0.536267706748597,0.23278686932664,0.52603581485357,0.672769509780278
0.554668790992483,0.943107129669726,0.403018425467465,0.7786427696276,0.886432222032388
0.724380225349326,1.28998526941389,0.542036511328613,0.948940150270328,1.01742043088391
0.7417644658903,1.32088168539165,0.545010485855739,0.964927977085074,1.02834259946712
0.570456015637009,0.992580034458866,0.422783183910339,0.8019118891291,0.914534198674056
0.656727758023331,1.15833338832337,0.483776716895844,0.886019477274618,0.973609093382501
0.470583184022821,0.797283089447659,0.342293924690531,0.693065559392006,0.826969472504524
0.693187904013116,1.21107822911868,0.503721426652026,0.91602157692195,0.991519512637856
0.708949857726011,1.26836183136082,0.522926834087095,0.937627083862695,1.01131214300542
0.83640300989578,1.51357847900756,0.623399460403529,1.0567420180413,1.09760850533846
0.7610507933216,1.35357329950526,0.559834228597696,0.98171635564438,1.04061280418538
0.525747812837524,0.905788563514637,0.387297620889767,0.754580121058998,0.881385383477708
0.330189343149564,0.48866383684196,0.231395366691789,0.525345553813533,0.669450090180996
0.802079540280677,1.46218978411362,0.599149661911178,1.0310288292415,1.08060887024348
0.659002288498534,1.15300742778361,0.4840846793114,0.881903422045967,0.965460923831957
0.653787576084157,1.15073592761072,0.480617917607173,0.880271273801619,0.966967915975136
0.289642448739948,0.502466302019445,0.212129409576226,0.472195385816351,0.621446482070837
0.625041000976932,1.09758622331347,0.461811440163786,0.857369120626512,0.955196640655428
0.723288543180446,1.29659728116328,0.539304577969557,0.950342774525498,1.02113257282662
0.686005920079764,1.20709365252521,0.501398447490773,0.914849246981331,0.993789133445929
0.76130411310252,1.36368297268467,0.561292036015124,0.985223905899713,1.04427322937934
0.461781633622953,0.761771550524898,0.3322674386661,0.681702000321521,0.807609684822033
0.326216771375563,0.517606216501707,0.223559903666081,0.517232639980036,0.650338429625412
0.71653118385781,1.28551363360177,0.529409113494686,0.946961548729743,1.018965340937
0.289354977759277,0.478892583371373,0.205943393914092,0.474282290285338,0.625585185530684
0.710779618557238,1.25662883963898,0.51902221731648,0.936091846728629,1.00766900348946
0.434268230514695,0.742214381166261,0.32023212795431,0.655754070409403,0.794284096358707
0.423058142158248,0.750278164804069,0.322430999978637,0.648540608292985,0.80272286859921
0.692929541984136,1.21947379743909,0.506169389600182,0.918030896732415,0.994444108918262
0.626798723005376,1.06924248381339,0.450875307752597,0.85081627391105,0.942562031390357
0.688536013388328,1.20449677877539,0.500043603843419,0.913220365640554,0.989422248554992
0.206790378899991,0.317954412176746,0.140237990580767,0.356777537166967,0.487609636091823
0.580587163677678,0.988584792057596,0.421906662783824,0.807946873659582,0.917057442757965
0.61089063088626,1.06185961084626,0.44570910077666,0.838108971230154,0.936455006101276
0.677310832707024,1.19471986538527,0.503644372839643,0.903092535648521,0.983468579036413
0.663794415087061,1.17531087454905,0.488488113593905,0.892448339164767,0.97898244052415
0.726834960880939,1.2989242953703,0.535453222455179,0.954575024485631,1.02326223255025
0.614641366095285,1.05308708722727,0.444993607138047,0.840680890640456,0.937505625870526
0.599958508560687,1.03663590026222,0.436953329107139,0.824708418708552,0.923924706086068
0.688173946719489,1.21857974425438,0.503977092821167,0.915162952790011,0.993314400771041
0.639508058053305,1.12915829369798,0.470924145548563,0.869030264219354,0.96285313075069
0.611686904456546,1.06756952985081,0.452036995547319,0.836134372646529,0.929711524402615
0.703815180268342,1.23882706591654,0.513803438453263,0.926959778594361,1.00049505160599
0.630304885150677,1.10766963112391,0.464789501384479,0.86194871382838,0.959454553854743
0.810910587478052,1.45139360627092,0.601852384236412,1.02841858360132,1.07548593619631
0.680071830555856,1.19582774658978,0.496768126038301,0.905483093504552,0.985262582627802
0.566586094780911,0.966024740319387,0.411373584488762,0.791692563989768,0.899715745789039
0.685188081348063,1.19842977626846,0.503264467877757,0.906931799229381,0.983712864872614
0.471459272599514,0.804323427018383,0.348029605013156,0.694581433648264,0.819001760338995
0.366490601317493,0.586433765921498,0.260689077652039,0.573372542215469,0.718186365611826
0.453162546829391,0.798444513410821,0.337357583367887,0.677481662031114,0.822256817077685
0.623702603579573,1.09090374347589,0.458763729883532,0.851395194749529,0.94635324405799
0.603024477731579,1.04809113145672,0.443296964446797,0.831125308693459,0.931470432331195
0.665533814546004,1.16842353209682,0.486746925439242,0.894095836856178,0.978321264349354
0.498869966554935,0.850196558405394,0.366910634524394,0.725106773647483,0.848983024311034
0.485332818842636,0.844867090741882,0.362545877783842,0.714625578252633,0.849613923563399
0.492437834719061,0.825977822966149,0.356787336601804,0.714021973259581,0.832655191295559
0.375893269456464,0.604134158050575,0.26773510963245,0.584046788623898,0.730438251141386
0.679857743773347,1.20004487773293,0.500727235285632,0.906890838304454,0.988055945476042
0.537554956987955,0.938094531194758,0.398143183123558,0.766128138115577,0.883498642229743
0.534979957852572,0.905159935553482,0.387468728007993,0.757936884686202,0.870238395087816
0.643744132138973,1.13579772894675,0.473640275661101,0.873530217241593,0.965919021948008
0.523204690538503,0.871696494171374,0.376813536936601,0.745848372065731,0.861107147316035
0.438479658032345,0.699157003197037,0.310977431665356,0.653756863517336,0.78723388304516
0.786877207450199,1.41697993661558,0.584020117044217,1.01163978736675,1.06501145757547
0.614438138825052,1.04795181309499,0.442436713816909,0.838017515104836,0.933203374661045
0.55033833137785,0.937433008165311,0.399727182270135,0.77644838075819,0.892098971555532
0.525592573311998,0.857522657471353,0.380331770582351,0.746088244107905,0.872947529762625
0.658405354538824,1.17209374493041,0.486719760864722,0.887556960686716,0.975987413964454
0.365330038862568,0.58821512380214,0.258069462306389,0.570600249210194,0.710111172008748
0.637625790126353,1.1443171706217,0.475808394172359,0.87164714795971,0.967767849691048
0.684880391751559,1.20156515863756,0.50095887086025,0.910862520969957,0.989771282110871
0.601804372657097,1.04044943195846,0.443204795770246,0.824798088768464,0.918782855696095
0.591356505400819,1.00456337181004,0.426507747925154,0.813751247125724,0.912869215159125
0.589676852326983,1.04111081534161,0.440337985518132,0.821129407416415,0.927693579995263
0.560963258182531,0.962624075356799,0.408955668245314,0.787049801375966,0.897489442018008
0.693320063618648,1.21841288756258,0.504983427730599,0.918118263943042,0.993733078049291
0.441178172106149,0.72294095091059,0.314049852498256,0.657296016062858,0.787293979068714
0.46851688132586,0.792123908407415,0.338584071941635,0.688921966929124,0.818569518391839
0.649788457379479,1.12356549474883,0.471585882937158,0.877740826613693,0.966119536743051
0.41289038934386,0.685483625355012,0.299200600705583,0.627020098710548,0.754004091123549
0.49787159024563,0.823669977277331,0.358199547455474,0.718567317158065,0.83446421628575
0.585747766095289,1.00844316606182,0.42699292320533,0.811323666810119,0.914370122408998
0.424363113712274,0.73247680415865,0.320121431440693,0.635173081068792,0.751329229538916
0.844504140236765,1.52478057923039,0.626846853993589,1.06469105508669,1.10318970453511
0.351543593898625,0.55673000953286,0.243220454534352,0.550552829286186,0.68457876418899
0.67276467557852,1.19568995463615,0.49553124245058,0.902571285755641,0.987079441411362
0.684759806357611,1.21233454738961,0.502815409956205,0.914891269509542,0.994447907209852
0.514330075989357,0.867375129842093,0.369501661289441,0.735772766516636,0.854195870640853
0.810460069965898,1.45416041790278,0.602273117102162,1.02889207044522,1.07600182056102
0.728505422022457,1.3032281174685,0.541583395419646,0.954261877492188,1.02285073045782
0.451820922099968,0.757588978193513,0.328405679215784,0.672719622511922,0.805030849474062
0.792430909247575,1.42484945585183,0.587304825075824,1.01414905527941,1.06555051817796
0.440550018884465,0.739230482774045,0.32353701045249,0.660969339206787,0.789508414350747
0.484849211567148,0.817506907895147,0.350923668908707,0.706246339569099,0.82998741628659
0.732734815510439,1.30726000705166,0.538245923120608,0.959369847950474,1.02495071139272
0.741805140214901,1.3324022392397,0.549531750678388,0.968788357620846,1.03402445307665
0.646483757998141,1.133858069019,0.474604885053259,0.875994201486468,0.966917653990092
0.702390808235465,1.25539968700247,0.518405205494544,0.932151240418147,1.00871100410792
0.58156405958594,0.993130028862744,0.422268060943946,0.805189120916873,0.906990662018387
0.636613966722023,1.10025902026791,0.463210959852567,0.86340565260064,0.954859003570056
0.565561392199829,0.973108560620387,0.415152352487459,0.794988076553817,0.908805026977609
0.402856466139989,0.657787670067586,0.28866533369386,0.616334239712125,0.752490487287872
0.38595708747378,0.62778148490305,0.274957723836583,0.59522256954275,0.726715500706613
0.753160452012975,1.35347814542429,0.563529510427809,0.980001188366386,1.04344739504327
0.417823333600942,0.678035356845678,0.299536888420154,0.633572599701918,0.767569679766793
0.47040831081721,0.791168211256481,0.342179065682805,0.69143771340316,0.815011072718203
0.438584069257383,0.702368019420826,0.312604472785557,0.655466152111205,0.785883444334291
0.786842785815269,1.43616821225703,0.588199644401281,1.01979433096674,1.07330331165142
0.56929867623422,0.961203470531486,0.409795055525195,0.79164707588893,0.895846836938748
0.657587917945003,1.15796112032369,0.481593073197175,0.883775640451614,0.969429060684928
0.552401955054418,0.972658870243135,0.419453154511066,0.787337217966671,0.901938691885003
0.516516083229736,0.869014070805824,0.372621394773763,0.738242643960697,0.853427755797938
0.465873431890663,0.795803095264843,0.344576562423046,0.691387252738315,0.826502381590797
0.512801771373411,0.867661629960946,0.374559896308677,0.738133954368229,0.858422401288151
0.754485777876546,1.36921741393315,0.56060570260408,0.985351003160679,1.04712070704962
0.789423380844875,1.40021444712737,0.581475689850047,1.00452308875008,1.05566876297304
0.403419292997174,0.662324589873685,0.293711849703193,0.6198351298343,0.762523161594322
0.283139491487552,0.478008156057272,0.203554839661739,0.458576819546963,0.593000810031119
0.538723142549367,0.921247861170217,0.393219392620665,0.765442938033388,0.883667490216405
0.407989235242387,0.660227041351048,0.291925215306623,0.622304655334163,0.756510883200175
0.306129885541536,0.487430324518178,0.213612240137683,0.495790685032968,0.632049425346584
0.515707147537279,0.86961063477685,0.379966334946259,0.743809754842673,0.867477061922715
0.527758463840083,0.906045523821521,0.388721795868555,0.755135943071312,0.87289274309393
0.546312964928177,0.932726389610912,0.396074917405827,0.771152922421988,0.885458900168791
0.654491261666766,1.16708991488307,0.488195091987857,0.887299073733703,0.977506317275757
0.697644061565983,1.23911422460922,0.516209099414758,0.92449271031615,1.00162983097125
0.495881401430306,0.831135457518084,0.357716059400478,0.717651182106904,0.839141926241986
0.751076652607508,1.34644810604849,0.553491780721322,0.977998207802832,1.03941516869569
0.792125247545827,1.43486208305962,0.590010390684336,1.01977262241352,1.07173328980996
0.622002661614871,1.09535856307885,0.459810929889323,0.85078958743055,0.947103419703421
0.626736913345217,1.09743784388354,0.461061435129366,0.85508621205165,0.949983871505126
0.757765894890512,1.35991087970084,0.565113427053151,0.98270250342593,1.04407501981916
0.672982021793784,1.19063128783449,0.501795021664054,0.898760240009565,0.97976179991997
0.556846557297572,0.950255532984954,0.406416806442789,0.78252699863093,0.891656123863503
0.679996164763906,1.19594953872801,0.502338745869142,0.903285565992129,0.982726021927462
0.698184569488064,1.25269850647054,0.519010196568568,0.9269249401531,1.00414317971868
0.602983414164055,1.03601300705978,0.439091798766899,0.831224271744466,0.933475850214
0.692965137412973,1.23049701172234,0.511187888706112,0.919254914406461,0.996328688691354
0.568094876240591,0.972489808291701,0.412605754991957,0.794065965469741,0.903655627180807
0.527759872729637,0.921977428426936,0.393627372824269,0.757019072710726,0.874932653606702
0.662318735827907,1.16741980763538,0.485355801840186,0.891926326823677,0.978032566617983
0.414840702709757,0.668178505147623,0.293433628714831,0.627468208981783,0.757970919160369
0.323615258628445,0.545052778539812,0.233415541720909,0.518681431145261,0.669030634328193
0.573852976628074,0.991254970388777,0.420170199688179,0.801037035708227,0.908979721636302
0.514633324340056,0.898909378141931,0.383847094141622,0.744633935916327,0.869479698415347
0.487169249303535,0.839471088403884,0.362164957453324,0.715637738178783,0.847852789586862
0.513184365871166,0.895017300109194,0.384989923016442,0.742704961140449,0.86310131020645
0.60639558084775,1.04089892373723,0.438931301927124,0.832234257695394,0.931574876131701
0.602747900350985,1.05430064436182,0.443251449824691,0.830425279505625,0.931947481224905
0.371779401957043,0.592126931596668,0.264245192116327,0.580242655353498,0.717378340095192
0.679210400451361,1.2103488856183,0.500993895788391,0.908408364337609,0.991042540969822
0.428933659022466,0.711959174855659,0.304707468802072,0.64274856242573,0.77753055264601
0.459453272666609,0.784028460347178,0.340198257251322,0.683459860833154,0.812574350447159
0.545092684133441,0.935236409989579,0.397383976773609,0.771424987791308,0.887576791429462
0.739927458967809,1.32293895500744,0.546592745087946,0.963923065455153,1.02841191765814
0.796497416547126,1.44445314535664,0.591125369893877,1.02523596647612,1.07479232067606
0.57264224140831,0.980957361256761,0.418795062005623,0.800442157662825,0.909049019729372
0.618987507650851,1.10471848810275,0.465437911450614,0.850382416758235,0.947234914707569
0.674878782505624,1.19419165438758,0.498402446569394,0.902518329725173,0.985459058776214
0.525909134751318,0.930869596351297,0.397212865669526,0.759119565863421,0.882847527944894
0.608410461383846,1.03581256330397,0.43727921399898,0.832162554924334,0.929135920092382
0.340045799167122,0.564159040780557,0.241865634156747,0.532574999294354,0.662899603810562
0.610392932881525,1.05940192202584,0.445168792808656,0.836490684912441,0.934785525861015
0.433131325675109,0.734331272245143,0.315522745510039,0.647707839417171,0.773083362052089
0.611454922778897,1.07778001284788,0.453811281464193,0.843094302333955,0.944165489102765
0.550458194070838,0.943346753482487,0.401678041819701,0.776408050232078,0.888717354179123
0.657142779784809,1.12229151351473,0.475561772029671,0.885627391069446,0.971976085556242
0.649004601839734,1.13395057691911,0.474272981706856,0.87491262446074,0.963238821897607
0.702013448447275,1.24544376255158,0.515886511873855,0.930805938607696,1.00623473776586
0.751387092654303,1.34714385030048,0.554156452621508,0.977863068821192,1.03944073856699
0.553812738303085,0.964731313180211,0.41395710714354,0.780925147296481,0.887973607361063
0.600119470599408,1.05779797608581,0.448173018900304,0.829933018959615,0.930792548009249
0.425153212288294,0.706481359296418,0.306478282068138,0.641425896825582,0.781399559787485
0.644132828388847,1.11453760671821,0.4675142348976,0.8730552152331,0.963455545159929
0.338418695252343,0.529462540419038,0.239186811522778,0.536541420074983,0.690068720035879
0.545012759396859,0.947788076822507,0.405007673229859,0.77374371324789,0.886942888517855
0.489540046599014,0.826266201227523,0.354518491133193,0.709741728569874,0.828408693724101
0.669914914086429,1.18922884833153,0.49422462455918,0.896570398901366,0.980715978544458
0.351679559706607,0.537889037302625,0.250864498339613,0.555986989085127,0.706276932556659
0.494335757235267,0.830661078227039,0.360190939649868,0.719470839976684,0.848022461032675
0.563069786483091,0.950173218607781,0.408604675186755,0.789106497433493,0.899533902636471
0.42243249937609,0.698792148516414,0.304904244118419,0.637553587851722,0.764719284159299
0.504829973623238,0.872858912295442,0.378932549328986,0.736402024065425,0.863150671179127
0.611918371055071,1.07883174281417,0.454583023541926,0.844040632947868,0.94559469300984
0.442803249413461,0.745223121319081,0.324107702898299,0.663226453899892,0.792643983137776
0.660517321830499,1.17922454986407,0.487317964421403,0.893277283888962,0.981581209449957
0.751491735818764,1.34357782834487,0.557239483694536,0.975181278270025,1.03783372401714
0.687722341955918,1.23339813326842,0.517467967996659,0.918078313310034,0.998969800988624
0.576390517809044,0.982582279012837,0.417433146592879,0.802111215699684,0.909563172315777
0.536490739519767,0.911579791066848,0.39250278120525,0.76391551169488,0.882613428389776
0.635854264436783,1.10880394427181,0.46615909685553,0.862725098814857,0.954870959970836
0.477852437963847,0.821029130482998,0.352372340137837,0.703084015520406,0.833905662196804
0.791758837237254,1.42835771283858,0.587628721828494,1.01490457048096,1.06659395078794
0.493730535762572,0.822618689913557,0.357988960836005,0.71679233750048,0.84512894096306
0.622198712136884,1.10450567302412,0.462868880493266,0.856376335895464,0.95851179832234
0.704295252835855,1.25417007338609,0.516250693794716,0.931744702262996,1.00641543655474
0.498906913642888,0.820766014891586,0.360853111592023,0.721590027556575,0.847166103306523
0.650854739984173,1.15810895266312,0.485549085255776,0.88202803027213,0.972476571457214
0.508260681430902,0.867298395773196,0.370964745437101,0.731085729777148,0.847784289267829
0.540189792479098,0.931619970940391,0.400004051455645,0.769403612448458,0.885390873112073
0.45717629809581,0.788270278900384,0.336613551728225,0.677627530627411,0.806907005818906
0.473795748567176,0.798250565855212,0.347036419669787,0.698364221127992,0.829634199486123
0.394049416367323,0.643300341081487,0.280633466551939,0.603002939048092,0.732464672064492
0.569146990473195,0.997104906533405,0.422227895465766,0.797835122691201,0.905872122580567
0.520488577621822,0.879182425103521,0.377068850638154,0.743108562434307,0.857674560591715
0.543369387645405,0.903129399990575,0.398893435171912,0.770155899405267,0.891541370001697
0.690658141075453,1.21399936313895,0.503642462670506,0.914327803942707,0.990909204025339
0.835834773874026,1.51070459414901,0.620543563739525,1.05718732297332,1.09779622506978
0.737463531308695,1.31687967194387,0.543608000452655,0.963244385604397,1.0288728505797
0.535001060024521,0.935046836300242,0.398271959480577,0.763952748474863,0.88108564876839
0.588167864577898,1.02254048528827,0.433790939034006,0.817122286890112,0.922617552969645
0.549636484285924,0.958838394333142,0.410195234280828,0.783039235233796,0.906064616874695
0.654584242826582,1.16513170152168,0.483836313335884,0.885612565795634,0.976366811017854
0.632949845220662,1.09785365013121,0.460959430221614,0.861090708882557,0.954622603523039
0.801949691549726,1.43910151790282,0.59421674494748,1.02127929808619,1.07039611327376
0.824260141607585,1.46775039991505,0.611797767459707,1.03772990872162,1.08095181094364
0.497519707413382,0.827404744320212,0.360889051592477,0.721217357416335,0.850489225776098
0.296851404352385,0.482780402222214,0.209392546815555,0.481196439528003,0.613657633351932
0.326367737398539,0.532885913904565,0.236625454375855,0.52764337115435,0.67505142796029
0.550574036360201,0.938824792701232,0.402396878986106,0.777465367753378,0.890741533858266
0.675361085364792,1.19374401309416,0.497314713598487,0.903128043931461,0.985757014537775
0.719086070162186,1.27748382624411,0.529205143730707,0.947019510655341,1.0172471764531
0.671571930616163,1.19302042092815,0.497633656174123,0.900545149965567,0.984208877279677
0.790041141779599,1.41658541684523,0.58542535328775,1.01027055522262,1.06242241827597
0.603282426618251,1.06613584915379,0.448135589282716,0.831328082094813,0.931257304334137
0.70241113961931,1.24419131205754,0.513727817454121,0.930703370659033,1.00517714420829
0.433258508982873,0.736560725680276,0.319357847600973,0.653183727806056,0.785279137758292
0.675894656997166,1.19341758146042,0.493313712118578,0.904322958161481,0.986322194092603
0.610383706055563,1.04586202672356,0.44066245300295,0.836634103167291,0.936127601541669
0.243765097782136,0.379498085708304,0.166282536939872,0.41056326939399,0.549166722175044
0.478912616389074,0.79995237173782,0.346700020432527,0.700758320190085,0.827143078896328
0.622468018446931,1.086117088061,0.457944956032563,0.85057555871021,0.946808869632713
0.399541131730572,0.648799619264529,0.286723580269299,0.611738208178213,0.740407464335871
0.5334635785997,0.913442946214164,0.389840679195242,0.758992072459916,0.874583840513438
0.467221697892936,0.763068443767062,0.333764543181418,0.685688294770787,0.807301690071076
0.506205500191013,0.831831424369554,0.363854522804823,0.72854495005922,0.848500236880509
0.658074082776679,1.1508532804959,0.480987752809931,0.887546812055251,0.975158396978321
0.582673790295912,1.01085299158241,0.428165983321667,0.812603519450957,0.922077613612736
0.521131835335717,0.884120396368474,0.381386867752814,0.748343408173756,0.871060167834563
0.665649164052755,1.16303420131937,0.48508205370826,0.890126182631034,0.973026720447537
0.707169587357185,1.25334271013218,0.518612546690528,0.935804063171722,1.00844832834212
0.526998994184124,0.874564866064638,0.381275466009002,0.751470076738875,0.873487630698037
0.526803561042613,0.923225617455956,0.39100614630901,0.755137282100042,0.876175007147786
0.37972462247096,0.593972413770702,0.265798637788534,0.58677649580913,0.723983640716665
0.587558119239437,1.01358532347006,0.427808590881592,0.813211907931018,0.916841496908335
0.420875046784043,0.706126527669551,0.3064016139895,0.638829903762767,0.778317546658332
0.454962588371799,0.759209615529741,0.330938874836246,0.676870700306327,0.811455483355286
0.537203227483985,0.904235052139004,0.391151189766213,0.763134942037329,0.881628991623656
0.696192419246225,1.23773169607708,0.513980260851693,0.923258250557374,1.00121007395036
0.644654444205886,1.11216783467352,0.46478425804499,0.869524009219326,0.957212122946701
0.541061338344776,0.9520022308679,0.405848438422242,0.774019411375192,0.894849833404479
0.621533927084992,1.0871108672,0.456862015559477,0.848866997499821,0.944473531795481
0.735572581668018,1.31303202629141,0.541211660534373,0.964379068156845,1.02981774262967
0.539325859886706,0.917960535036132,0.393469834556731,0.765660992857803,0.881859506490243
0.568502836746405,0.97355060142028,0.414209630908686,0.794992045748072,0.904152257084421
0.742192272764571,1.32332488414123,0.548063442041963,0.965920243258545,1.02983352322727
0.832834612805093,1.50258621654749,0.617311529489716,1.0529868096188,1.0941801987907
0.489138292584645,0.812909090384149,0.3535429551331,0.711520353132923,0.834104062426178
0.630610009472504,1.12547722408383,0.474591469524788,0.866902004202104,0.965857012008468
0.508493256808281,0.864956428989533,0.371975790330077,0.732273659326478,0.849628309378128
0.476066169671686,0.781707157974584,0.336738880668958,0.692683259102129,0.813690096179608
0.626196149145621,1.1214470912474,0.471946585233003,0.863386276365758,0.963821327312606
0.620025351642613,1.06798692131382,0.450047913527661,0.846539021867144,0.942115838410938
0.498411893999998,0.842337646849125,0.362031986783307,0.721342214781566,0.842274889053767
0.558103502486019,0.957657518440765,0.406938920318413,0.782563217158484,0.890869198732725
0.465363761535616,0.780599709961635,0.333082945581469,0.683358453501958,0.810892213760865
0.55181955180673,0.953619277915249,0.403443829609868,0.777402186360422,0.889267716260315
0.602990761040379,1.06266328769655,0.44931572829293,0.835848193315708,0.940455088760219
0.584699686369218,1.00639120270426,0.426252271387216,0.811307682374336,0.91612011190734
0.697206069573403,1.26223753059177,0.519870253934099,0.93353403327198,1.01284534933484
0.74452744440005,1.3372370124865,0.55624561452352,0.970736225727241,1.03534373105083
0.465804575575024,0.779692343857666,0.337945370307232,0.687314456090242,0.816231620072938
0.566143045573681,0.97991974883668,0.417248317052725,0.793765551223016,0.902159068086731
0.564123383270951,0.982472717345832,0.417264195086423,0.791013620047821,0.898146284172199
0.588619062253654,1.01383445019275,0.43300809899575,0.819353755829481,0.927554800167452
0.474081489842465,0.8068945079336,0.349056062171778,0.69927458373588,0.829737898866233
0.603868029028667,1.04944455488421,0.441677895167807,0.832234218043863,0.93420458303254
0.724862897592618,1.28815874688356,0.533412384389512,0.949639186014121,1.0181246275053
0.407236048717132,0.680384660259332,0.297287790119504,0.624206703621917,0.765701974217931
0.640574318051832,1.11920099433942,0.469354115445053,0.870839638753396,0.964565977704016
0.589488431336458,1.01503224103282,0.429825030967844,0.817117600269097,0.922422358811134
0.672332912715324,1.19584177894166,0.497804851639709,0.903296554097834,0.987721410444776
0.647861004585539,1.11941551899339,0.468859201270392,0.874136450718729,0.962036099161004
0.38906118717127,0.623497835925094,0.27491921256858,0.59865703588634,0.73324122131494
0.526381266863337,0.869437394420366,0.376555698093108,0.747450682825974,0.860198065328283
0.878458216320399,1.57418066515156,0.652135417633177,1.09057342361614,1.12108597773727
0.768308701082991,1.38941051728359,0.570049947975919,0.99468820695663,1.05270102906928
0.455794896094439,0.784820337748392,0.340256997243954,0.680848162138384,0.811088144389947
0.508051959909871,0.857313657805182,0.3679798774639,0.729847432110279,0.845835348382078
0.654667075202162,1.16042229963505,0.48263565850592,0.885681939954261,0.975809573211864
0.659632399311292,1.1692488096061,0.492175169090131,0.887140291394037,0.972743778251477
0.740441287051231,1.30357175390716,0.544089056225359,0.959108680072751,1.02233425755519
0.654807288632772,1.16892140360208,0.485391281119262,0.886185115389699,0.975656148273344
0.577662879528138,0.999778517143053,0.427798586468703,0.805852361970732,0.910380391123416
0.740385614969272,1.32396371172549,0.548199259773151,0.964935495334198,1.02978356468682
0.564817553216473,0.957233388829492,0.412465301872459,0.792810373464877,0.90503614245587
0.591298518291486,1.02989826768395,0.434262083278891,0.819990235220676,0.925168597170977
0.629676965242478,1.08580965574671,0.457422779869624,0.853318846343503,0.94469333694614
0.480419298131003,0.821247223553507,0.357070940792408,0.706803570919486,0.830777413293198
0.633547135702832,1.09803775142038,0.459663706487056,0.859740298672412,0.95203381466757
0.489989217262846,0.836918534700652,0.362577523132349,0.717647074395809,0.850333131989031
0.477469521438165,0.77812517014992,0.340716881799829,0.696895270931188,0.821173022359694
0.753944841475826,1.35552890722881,0.557977181114596,0.981873205292874,1.0429324962455
0.584091231378253,0.989383326546705,0.424102397691983,0.810713508595144,0.916037061548063
0.558160305593262,0.952787029369173,0.409526644255821,0.787079231538898,0.902158974712082
0.664573418054765,1.17946476978499,0.493606914416887,0.891931389094445,0.977061164652518
0.273703418215287,0.39412455358083,0.184948777266736,0.451426973947143,0.589640182148352
0.675098573613055,1.19389456179488,0.49661632145416,0.906225075490305,0.989992917526006
0.285428914958514,0.441942534674404,0.200963743062676,0.473508491144316,0.615917561451439
0.671736607722008,1.1703914842442,0.494093757154486,0.893295575644579,0.972793688248531
0.424561916433067,0.704078121056329,0.309100852156735,0.643505954974542,0.780589517332371
0.585389624800648,1.00565155090129,0.428709992467436,0.813183862505589,0.918313988176242
0.487086254486387,0.815274750132125,0.348757407426963,0.706884274956579,0.830533483479994
0.438165150821401,0.748552038217069,0.320166918822399,0.658002702756886,0.796652481876745
0.186917052170597,0.27531415164647,0.122680160261244,0.319503502311216,0.454059921168896
0.609523111419108,1.06870609728541,0.447377521116141,0.839025729145364,0.940364916569406
0.44452570099652,0.731850433795711,0.321037040309131,0.663928791170433,0.797851569859613
0.407676507706494,0.666881648312194,0.289633113167249,0.618988150693635,0.748461392962919
0.705406152049332,1.24805009480176,0.516406755185878,0.933403624486454,1.00646682689775
0.689146833385233,1.22930946056297,0.50952044731657,0.918249265075592,0.997774018614502
0.722464479347069,1.29417959483503,0.533702990692921,0.951064468004432,1.0211062511808
0.569524858496712,0.977344981677921,0.416841249290799,0.798058118358528,0.909537758668542
0.625538106302476,1.08887182924313,0.457061713562239,0.854214129505093,0.950501315311252
0.38628917565654,0.605875186537577,0.267371395044779,0.591961748873388,0.718771997730033
0.566973236737312,0.969404517262649,0.413775360607092,0.79468969982644,0.906184656219644
0.386780743891363,0.613504261295971,0.273865681667635,0.595542927823669,0.739361836723373
0.664806187587312,1.17021178399404,0.490380667854498,0.890072318947015,0.973213306255677
0.507774461514594,0.860670846123446,0.369220676795916,0.730215264845287,0.847564786157731
0.59177737676052,1.02988152090482,0.432321278594578,0.819602370547067,0.924605201907592
0.638267490140845,1.11903510104439,0.468360616640135,0.869420266563332,0.96314940235524
0.454315647890463,0.724125846888354,0.328533125615188,0.672452022418563,0.808128965544704
0.511276272747514,0.876032286016247,0.37822762268776,0.736681366542708,0.852301738570437
0.590438009694223,1.021040374411,0.432582057041031,0.815585789878556,0.915675441009458
0.769783722121802,1.39148686326796,0.570427519061915,0.998360788067982,1.05505140215144
0.589125840853278,1.03100905987392,0.436548031313565,0.820599462149367,0.927851804985834
0.624245287457087,1.09630276911346,0.461166562347901,0.85226294604241,0.947024863343906
0.546582008638798,0.911981721283043,0.394115434661484,0.77045408130303,0.882581346648481
0.464572640344384,0.745621951055219,0.329482651430551,0.682023935834234,0.803894377309097
0.659847903256311,1.17516624680166,0.486771623537334,0.889842317929713,0.978724951687255
0.60233483540104,1.02909709075367,0.435932973991193,0.828309017294988,0.928637531173987
0.545044753686595,0.956620112995773,0.406376614017635,0.776825158446344,0.896499551395797
0.515353799401456,0.879387736592103,0.378827329145096,0.742022783292657,0.86224810734315
0.719834569725336,1.29904583631205,0.53350097946642,0.95201359902574,1.02342997340295
0.447678853226022,0.790317666749811,0.337388477799628,0.669559964009283,0.801082621470313
0.715433661971664,1.27198080878595,0.52460268685429,0.943353543489104,1.01401179064548
0.360354659333091,0.584546970230579,0.255116927023583,0.563442158934262,0.697143566970631
0.56195227290729,0.969319518904897,0.41451049883067,0.793005095022978,0.910104887011971
0.642777571069924,1.14404424409209,0.475461513831912,0.873753237001081,0.967082071661808
0.709476592063346,1.25625604201572,0.524473058070235,0.932405291935157,1.0042316530656
0.495000338325739,0.850924650493765,0.363190990833441,0.718236102048048,0.839223616552565
0.763869189151306,1.37322914039709,0.564407318350625,0.989103766866014,1.04753928073663
0.664760335492941,1.1693027034295,0.48446882754408,0.892004618011211,0.977132019483506
0.330726743555924,0.548972164058247,0.240455311606919,0.531058698524079,0.673375554115687
0.558435074867054,0.941209914157823,0.405040687479272,0.784103491578831,0.89556210175606
0.657998432394797,1.15008754483128,0.479219064279827,0.885810824734006,0.971802408758284
0.739050397231656,1.32429424148748,0.54649820282043,0.966994717940184,1.03261402889764
0.376426666532199,0.6214027096736,0.27207906928308,0.586852236459854,0.730213499908887
0.403434291352675,0.666148812265784,0.293214543935519,0.619140928299472,0.761329821040501
0.59294055557894,1.01730770815842,0.429765557675475,0.817927427625885,0.919465492784123
0.632104718855182,1.09407256877206,0.458158840052633,0.8561990860023,0.947293300303146
0.616616947129097,1.07810848469804,0.454387047337555,0.844219286568436,0.940660036277769
0.64891397916274,1.13916402851768,0.474597146050324,0.873964643655447,0.961749355471192
0.663566541902495,1.18664404872357,0.494225417169653,0.894077943444637,0.980340434669072
0.600040296784941,1.02612301994559,0.43488282180302,0.826127743685789,0.926934094260532
0.644447778043034,1.1389454086364,0.476039812897551,0.872872162298866,0.963347544783756
0.546576326775428,0.911269391922822,0.393390337719703,0.766417395460182,0.870002063057579
0.517970436688683,0.851181191316974,0.376512535218784,0.741375066251623,0.864596407674661
0.73364072223139,1.31223551635457,0.544174250208191,0.959489512101749,1.02692019042216
0.74946024898617,1.34332293271735,0.553480068535904,0.974668137220974,1.03657796208445
0.646434205841614,1.15688066501159,0.482601607131928,0.875054890904085,0.964031599570811
0.658465104136948,1.1501081144513,0.479629540485933,0.885150349530976,0.97105323157794
0.583062082732038,1.00811449995,0.429580610633834,0.810534179452221,0.914146474118188
0.793967655099548,1.41987616507127,0.5859256716996,1.01334110183446,1.06435834298836
0.625572079141788,1.10184306773714,0.460828082372948,0.854396464476469,0.951722637454122
0.541210267358766,0.923954820811917,0.394654124659231,0.767055454683569,0.881875343388954
0.538737585325644,0.931755440400111,0.398273699119858,0.768443377664792,0.888266262281621
0.620006084381386,1.10009722126889,0.467316132165804,0.859125518431068,0.963997565478104
0.628120443543856,1.10219495618717,0.466062625190043,0.85484633624007,0.946821459395442
0.526038784436477,0.90105044368639,0.384436241367771,0.749965501202917,0.864940409568871
0.522631527611303,0.899271484926539,0.384408311530755,0.747309278843747,0.862286142891072
0.750253649988368,1.34637715406753,0.558002135548795,0.976109225037049,1.03941738785073
0.374841528822317,0.632593406287654,0.277758098457959,0.588954730482747,0.731060881858957
0.560197017230401,0.987410503128088,0.417340426357521,0.791236030724889,0.90509260255328
0.695925701328674,1.22657062216509,0.509696402700498,0.920713542534,0.997239939972701
0.497227793148064,0.858140097706869,0.371786697336625,0.72797958255517,0.860396740727777
0.360989809834482,0.570103443214776,0.254290225195377,0.565972802287957,0.696880632132241
0.591363598869275,1.00548754275079,0.426319480351767,0.816371906583228,0.919548603503425
0.619083685115275,1.08523356953456,0.455224383717859,0.845753946877457,0.941638909611586
0.681716016229121,1.22318690971439,0.505265887992372,0.913229231702004,0.995356252894554
0.687361339181043,1.22234638999599,0.506241158993004,0.915980519297194,0.996398266865011
0.945481976381259,1.67301387952758,0.712516497181712,1.14424935111266,1.15578591337113
0.335751194289173,0.517714925233031,0.230022123765058,0.532198490635539,0.669698170244707
0.575457475930438,0.979824960807403,0.417801732132804,0.801306410280583,0.907966460726014
0.597608174650626,1.05963321072116,0.452034286762145,0.829385787440648,0.929995708592578
0.374147361907347,0.592379435844699,0.265315029986619,0.581642296406007,0.726447850262784
0.579962572945303,1.0143747441495,0.42971948447377,0.812629429732726,0.925711242757971
0.587013036103759,1.05479228929548,0.438088996528328,0.822425561932122,0.938272211259932
0.498144324639095,0.826311945291792,0.357772238240756,0.719721821550383,0.841217163051843
0.643509945805256,1.1494252630806,0.477685890235369,0.875791287150638,0.969721836905889
0.642200358232041,1.12715641491689,0.472057036944794,0.868428326808439,0.958122577567739
0.586619957565434,1.01192797330926,0.428923552692326,0.814472697005689,0.919895698926677
0.729085335893071,1.30898497516804,0.539809252437167,0.95844953545144,1.02716367665682
0.298553574528376,0.481991227777838,0.211308539578602,0.487151343099791,0.624495356787538
0.422293617202891,0.683678770666688,0.303616039728447,0.639280199481097,0.771997360259239
0.287288647101317,0.452025178496617,0.197815914219634,0.468581288319719,0.619574152055655
0.254025651402842,0.386728639669346,0.174487388467722,0.427541627605669,0.567616247720601
0.822735046725339,1.49819149647487,0.614244987183493,1.05014267328457,1.09359046782009
0.431218019290209,0.708778792908583,0.311389492463782,0.647951154710412,0.791317342413849
0.320741125427282,0.515673022035696,0.227488574322629,0.517352139016737,0.656981296943294
0.53992087861173,0.924376107372844,0.392621202571215,0.764427675598093,0.878146710783812
0.829565360744961,1.51122604470787,0.620499662922835,1.05453319819045,1.09687134536122
0.32822426987341,0.531774622999029,0.225764971296172,0.519257800856349,0.661383104090412
0.512671822064056,0.846721067053304,0.367127079451859,0.734168004369121,0.852967872559141
0.739430674572577,1.34098323451893,0.551381602251399,0.97175035139645,1.03889272314088
0.706463667694565,1.24961276771325,0.516739378001304,0.933908926991876,1.00606485048542
0.455198840810678,0.763430646149088,0.331085858216387,0.670584976862765,0.788246576902922
0.565428307594493,0.976656775995561,0.413053826551712,0.790566959051368,0.898130391026316
0.535377808709408,0.91088093777253,0.393019452754198,0.763874138973052,0.884586280854238
0.490331378798014,0.829348007322777,0.355734812504535,0.710837706731482,0.828918906008472
0.698663728779996,1.23992352646986,0.513562083295013,0.925134522881016,1.00099224820314
0.797615754409361,1.43421811033196,0.591250853684337,1.01849746420142,1.0689266882976
0.570830273279792,0.980574944484583,0.41685067604629,0.796304481198598,0.901788335239856
0.689709282662071,1.20213386814664,0.498888556194014,0.913796735969061,0.988334129135102
0.454750254199092,0.765629005242684,0.331894479616158,0.675288671894299,0.802031093278359
0.403048603173816,0.666833861859897,0.294585307503872,0.620210177892043,0.76038692651632
0.371719318908773,0.618301004052409,0.270530020683494,0.577675243839771,0.707054076820917
0.47044184097454,0.76662486551626,0.3391347687241,0.691275704466085,0.821356211994909
0.683710368416145,1.21447332835007,0.506548923162942,0.911266452584208,0.991779191474439
0.532627263226407,0.891615109275267,0.384574166315325,0.755404739676609,0.867452709485844
0.478014997062396,0.79388139361905,0.343385063907406,0.698471875521924,0.825863131288748
0.756135107734093,1.36554100299337,0.564956444061742,0.983174181905066,1.04568923498946
0.64026038600339,1.11042538772118,0.465630631093643,0.867823298603566,0.958899083930304
0.569504228203168,0.974411934836825,0.41417284901049,0.795716952832103,0.904870218404356
0.803849289621407,1.45579112737023,0.597930274746906,1.02832526357395,1.07741186024141
0.488354906539291,0.822779052667086,0.353125470243017,0.709061428314057,0.829679264441887
0.495159810126402,0.793599045376106,0.35724424866336,0.715699517529629,0.843258932540228
0.809855619669262,1.47045843138676,0.602487517507988,1.03935670721259,1.08528157807368
0.713426557848238,1.27012139886502,0.525132246033088,0.939540539721263,1.01117868690326
0.747248022688745,1.32884983269411,0.551954483834413,0.97025624282793,1.03330391673282
0.495084948543106,0.826572154070734,0.358380068420413,0.718557920203268,0.844098780757518
0.568604627942544,0.984281145891007,0.417874411416331,0.797624458106627,0.909072291463615
0.345688426099315,0.534331663757882,0.243298574925211,0.549309861345202,0.686188965648019
0.599359515740086,1.05375647755242,0.444947225957818,0.831068229348086,0.935511515106844
0.447824286868997,0.744158210999546,0.322331307973324,0.666619317403069,0.800756594315787
0.817180056051931,1.47356182407883,0.605805872520852,1.03841017924035,1.0834763640251
0.618152265635393,1.08501102073126,0.45647139285136,0.845124695195092,0.940785311726414
0.338390438690996,0.543446354731008,0.23278761943051,0.530474215634111,0.662078750246986
0.452235128785654,0.735431987842029,0.335112964512322,0.674529027862675,0.814817046802297
0.745577701434074,1.33135289867428,0.549088521697872,0.969328636863103,1.03226870424971
0.438221549447068,0.736438232505823,0.316137298639902,0.655188790932444,0.786231091552036
0.554810606886281,0.945875222227575,0.402996798233517,0.780840501587797,0.894447220469011
0.632123230498077,1.10021944427937,0.462257900334562,0.858828064470271,0.951924808291362
0.515494822161083,0.852870610490138,0.370911707909073,0.738167468460239,0.858555323083504
0.391152260487935,0.62664064664969,0.27734527361793,0.601834698053378,0.736364803515426
0.618681140506019,1.09282908395318,0.457146661743707,0.847354654934061,0.945252514172312
0.631132828669327,1.10487394381677,0.463025926506223,0.861553903148898,0.95729711667758
0.577566158180303,0.978600133711915,0.417677679960211,0.801748457585441,0.905851587347866
0.571290530824749,1.01970288464351,0.429002915466393,0.8077085743004,0.931590024228674
0.640308353854271,1.12237725313212,0.47241071908759,0.866575960876578,0.956069709391924
0.421959040701878,0.688976327304568,0.29943964498384,0.633762558021817,0.7576423508948
0.672851707461027,1.19112164856948,0.496039202351081,0.906092823406419,0.991590523209958
0.674437391124456,1.17945573398111,0.49290738981483,0.897123190598705,0.977491905503098
0.594697813976853,1.07895352297308,0.452820539363356,0.830167545774274,0.937423391581074
0.64392997425079,1.12081454503303,0.468928534579424,0.872053665052121,0.962113358932731
0.558318105109742,0.941753843337195,0.402930873255666,0.782843374097344,0.893905037286439
0.422202655888251,0.704360387046729,0.305453094220222,0.637941827702558,0.76832071677552
0.579259321308276,0.967637574382883,0.414790284924817,0.80186257686685,0.90520281503221
0.759574759850837,1.39077169590439,0.570741145914515,0.99546052627201,1.05678399924812
0.484804609388212,0.813703865552431,0.349708260696937,0.70607092197246,0.830870212083783
0.514108326769647,0.850947870330361,0.374140934479296,0.738241519889918,0.861509052321606
0.67869482282698,1.19735057435252,0.497600736916588,0.90635814221212,0.987344112102796
0.473492530418582,0.831114728521351,0.356550007069853,0.702534488813438,0.836672892483956
0.723513311260088,1.28903291944435,0.532305921300508,0.949505577618431,1.0184286160641
0.487036910428179,0.816522387002556,0.352455624847471,0.708443034903062,0.829044129067672
0.562878300975391,0.960867716862068,0.410117035577836,0.788992035402355,0.898387053992745
0.57266415836881,0.975732326901786,0.416073542994295,0.798366816946663,0.905362589835396
0.626426936526109,1.0954165312445,0.456290042233198,0.855275885688973,0.952851002259205
0.558644773585576,0.94992426035352,0.403929924441624,0.782397742450136,0.891307194356658
0.595425779682158,1.01579084137235,0.429982595938865,0.820751889917405,0.922796742963651
0.509432333727993,0.861684626659366,0.372039208045366,0.730386273767404,0.841264054720788
0.596836717492896,1.03820587050542,0.437988334901981,0.823819369555974,0.925101795343407
0.435757725989108,0.717785922529211,0.313151848405253,0.652684190578701,0.792854333901311
0.47587545139212,0.805522147941129,0.348059429904297,0.697294092334175,0.81864488472588
0.79875974509803,1.45913250360384,0.599019224496312,1.02778189105422,1.07874712171342
0.399144141445697,0.647620267901386,0.285961225070828,0.612473005019672,0.749118524673168
0.596892920207847,1.03786601548768,0.437607091505854,0.824693422468863,0.926819952725323
0.696392851428639,1.24811982790604,0.513821071605771,0.927663205355376,1.00633430505285
0.584501465054788,1.01306851932576,0.427682017017985,0.812223633513078,0.918439420406965
0.364932617044791,0.602354907681463,0.258450395037427,0.565974458793972,0.699471337330649
0.725772486273216,1.30764909142249,0.541536478215173,0.954240809643417,1.02517147792744
0.573095319364502,0.98233855664258,0.418987402864754,0.800290240288697,0.907793949983949
0.707398848128225,1.24964294007935,0.519590823722891,0.931346858024041,1.00440981334466
0.563770341129228,0.987171950832306,0.417557205318154,0.79436356995052,0.908326866090099
0.316275382600076,0.491246238615349,0.226669717065684,0.513059969958343,0.666915376832451
0.184581373322703,0.257387183423299,0.121068332821272,0.322670879948985,0.443979045814566
0.471868013054739,0.784253361332391,0.340218521685477,0.689401925236533,0.805854736427107
0.601772693789699,1.0341003926853,0.436550736454019,0.825805677239646,0.923794269072643
0.558054412174252,0.954334499936317,0.406188843480277,0.783912223197962,0.894993482032527
0.658400485823496,1.14692780936905,0.478469306128421,0.885857980965162,0.971664066899161
0.473320215746372,0.75120143535708,0.341445351266667,0.691061928511916,0.821905962860803
0.564544329125153,0.975592037919718,0.414007356041368,0.793334838078921,0.906660189636988
0.781809128447773,1.41738269647825,0.584284019269761,1.00968988557563,1.06537266362526
0.562069085551757,0.968448786309568,0.415764420557572,0.786080838495535,0.888522693881543
0.519453052627684,0.901488643124851,0.384251874786281,0.743729140594854,0.858374787872794
0.550118879059367,0.941079245788648,0.403533546287744,0.777707995352317,0.891115846991354
0.665997788193868,1.17998324746345,0.48824025292916,0.895023222694433,0.980134985917889
0.541217535028445,0.952312172307185,0.404916849138058,0.769955047040393,0.884327685006831
0.611681329437682,1.05071974901418,0.443326345720966,0.836955906751698,0.933511237171583
0.434468799780269,0.758016716227927,0.326411833840753,0.657147124640108,0.791134774204769
0.660152708265229,1.1683211570829,0.485792161207281,0.891187675040275,0.979322883667494
0.62745658408332,1.09451902070118,0.459214853426978,0.853670725766772,0.946761150603742
0.377741414859928,0.640234578076573,0.272320070048863,0.583993653992463,0.723725872280547
0.729521848300098,1.32116463832319,0.542114973450464,0.961507863519085,1.03090279275191
0.696531381303365,1.24465545192283,0.516626207667753,0.925889466794248,1.00391734307842
0.402167867520968,0.676298106096536,0.29562021826542,0.619456566983546,0.763054940278076
0.430927602071219,0.73066655903694,0.313440326974112,0.645761688374749,0.772798234506049
0.729449022566632,1.31433792087998,0.539387738261183,0.958047882818516,1.02708701186419
0.56698220631537,0.976821395586446,0.415965114271066,0.79234661037635,0.897476167513301
0.738767375805081,1.32351468157586,0.545140826107108,0.966598322589083,1.03165453365763
0.552054057489005,0.93816914006539,0.402196899394546,0.778133175163844,0.890335183931545
0.495997946662875,0.856597542648835,0.368403126265337,0.722924112451234,0.846165566341295
0.578105893731154,0.99775826981144,0.424914357691349,0.805802447589803,0.911898804193915
0.7641390792556,1.37364978230058,0.567849753315785,0.98791456875489,1.04653873861227
0.698011973059599,1.22963320459468,0.509264778395155,0.924089844767155,0.998703972670386
0.660569485339635,1.16190026834017,0.48647946800253,0.888038194506919,0.974344995092463
0.454035998546365,0.745434458856402,0.326952097295786,0.673491100343417,0.803569045035443
0.551167729687636,0.953817979554902,0.401848479998322,0.776870501046494,0.890653476196897
0.528889203748254,0.880916823783753,0.384551076596243,0.753961881281968,0.874377567858585
0.848236263064667,1.52865852444616,0.629373218130972,1.06720766529536,1.10485768086681
0.366481433497201,0.596037175465596,0.261645877901641,0.572413017482941,0.70577404787473
0.717522286677358,1.2792623464075,0.528967343047135,0.943212198518049,1.01442274654592
0.537217416942321,0.910043668643989,0.390546632929913,0.762795733697416,0.879563219377359
0.303022705363413,0.451768646154904,0.207021993359356,0.491078331533645,0.633864690338587
0.264938391109667,0.45063267206277,0.195705760152736,0.443370794196964,0.583465190888627
0.712004067254513,1.25407123428987,0.519720336003443,0.938319218477519,1.00850281118394
0.543786188286932,0.926704922299798,0.396712085743561,0.769108770642668,0.881137329557332
0.610992426787524,1.07171304640353,0.448422865111162,0.841409229266705,0.944502721367381
0.650908745276296,1.12527381572065,0.469416361450894,0.87706685754575,0.964261400802066
0.570676776785799,0.989129017494991,0.420525357870438,0.798166241857112,0.905100917758872
0.496704409247814,0.827930496931333,0.360525172441909,0.720843573275642,0.845883729087101
0.373090246890234,0.663186648867513,0.279277048871451,0.581816975431245,0.726113312389862
0.729728033678646,1.29226046917231,0.535482798769161,0.95294761736636,1.01969408217107
0.560459600989206,0.988415772391674,0.416291476907103,0.790643806705044,0.904081815233303
0.531522605997867,0.918568071977563,0.391000991301533,0.760330010821441,0.885250528614714
0.573470987909099,0.993979107934927,0.424839766012202,0.802959232237553,0.911571829511493
0.508580555788256,0.844991537041084,0.364692882105438,0.727717622099698,0.839631323980645
0.401084272249536,0.699164849191876,0.293455869320011,0.607803422944781,0.741528029051666
0.581994855883109,1.0113765361574,0.427297559651779,0.810340933443545,0.91697116610732
0.709878160905137,1.26435476100957,0.524259380504829,0.936323992345521,1.00931776758823
0.714674987453638,1.27105539489787,0.525515090385006,0.940819588168865,1.0126177898062
0.62715041102138,1.09863329309056,0.460991346652064,0.851977622771202,0.943996996915387
0.514801877514493,0.861219794098353,0.373737649202843,0.739641491704187,0.863353360570331
0.676099378720648,1.2158011957986,0.500463570982948,0.910304186027371,0.99554752629698
0.396802470021729,0.654470510761234,0.287384048049647,0.610775310838243,0.746141873142223
0.832765842721196,1.50436031587999,0.619762527710306,1.05279607694412,1.09465165158429
0.401046009616882,0.664152846594986,0.288221200139477,0.6130991957252,0.747523569703228
0.66478340410681,1.17211566527781,0.487679338640356,0.892603515021678,0.977976745259101
0.640019037509383,1.12926654772773,0.473161677972309,0.868327436846448,0.959244324566846
0.702446583294808,1.2574403687288,0.520846642755294,0.931222730265668,1.00776095919155
0.703233241501042,1.2464295657557,0.515530244012263,0.929956267019919,1.00455984302737
0.521425872915005,0.897556947307015,0.383068445333382,0.745402822254507,0.859949640740534
0.723451063748717,1.30316660959349,0.537423467917741,0.953676184108086,1.02448141465017
0.62322420486425,1.07549249002047,0.452660425693417,0.850428129108777,0.946150544772401
0.682965326166175,1.20467729877128,0.50020189221742,0.912616614909514,0.992667854695471
0.386719131949535,0.641727978739478,0.276740146193507,0.595525322434766,0.730800838551854
0.651245772376536,1.14514822597281,0.477906174252036,0.881354977429377,0.971518923989656
0.545670339069187,0.953503909280334,0.40352147546787,0.772142543007469,0.884376342939629
0.301659625356697,0.46454881362121,0.207374240617911,0.490570111955926,0.629587918049027
0.628031422509499,1.08646839971918,0.45623953231091,0.85333192235004,0.946129898972951
0.664314212422396,1.1926022517688,0.494747273693055,0.901391802516999,0.991666940081227
0.486969578796909,0.794274392461191,0.348025618741057,0.707246778579815,0.831746037051425
0.369653163836346,0.585670565995354,0.263473839227849,0.578275173399985,0.720321624361107
0.48866479761769,0.813489858214449,0.353543312542162,0.711594744261681,0.837547698510855
0.589804497454256,1.01347866310938,0.429203549974835,0.816479617311378,0.920175915658626
0.688112268519247,1.22724573923729,0.507890420574896,0.917990171654858,0.997806730202153
0.648904231102494,1.14250939708472,0.475182915748942,0.877582234912957,0.966921790936805
0.51966012933322,0.879548660850629,0.37510235741789,0.742730714587876,0.862061110059776
0.426645482723999,0.698590482790126,0.306516998071672,0.643585356621867,0.778555195764432
0.637747657177514,1.12643415493382,0.471898006243398,0.867630030298644,0.96058318799984
0.805848164181578,1.46226819535316,0.600117175704633,1.03397393660039,1.08263474960581
0.639175566072049,1.10718200930004,0.464483464863759,0.866245959006262,0.957685738309883
0.38627048753571,0.608818254384565,0.274923404577882,0.597446867556981,0.735361584581695
0.496844508490186,0.845849704781116,0.364108721255668,0.722878152703988,0.850879134021607
0.744049895065838,1.3287497873124,0.548934773824661,0.969040822974186,1.03299393084223
0.720151489838044,1.27152342126495,0.531302829369112,0.942073838803443,1.01166852570452
0.749131115616792,1.35722877026661,0.561768213816503,0.978255371864171,1.04254314561387
0.723859682353343,1.28654902866106,0.531118168310511,0.948207227181589,1.01665600029134
0.658212262339003,1.16492134535349,0.485621966515909,0.887786176552941,0.97646906559836
0.430332378310998,0.702980047169955,0.307739910436895,0.646866327621225,0.781528844316304
0.651533361185969,1.13107253732649,0.471113836991961,0.876148943378973,0.962660167088167
0.523945093332143,0.894071333297142,0.381327928820529,0.748737845973279,0.867244649042572
0.521283851206121,0.885042731710228,0.381021441479024,0.74422175382228,0.856038376643444
0.557543226534923,0.962460872480338,0.407502509614746,0.78308672177326,0.893208140544139
0.609785672555805,1.0931015101191,0.455958441372714,0.844952150266876,0.95079777550926
0.767898573233256,1.3679880486482,0.568607727950689,0.987637419523271,1.04472003503712
0.455457420624465,0.775905033717514,0.336266167321028,0.679330921615587,0.812256571655816
0.638834205263721,1.13745598438518,0.477845880400419,0.869800779025645,0.962832663202407
0.702491113759234,1.23304748800648,0.510616327674046,0.926163507383326,0.998581563519152
0.632516520757493,1.1197413094011,0.467920761335627,0.863292755387315,0.958958202529028
0.514572391615009,0.868653531634941,0.373413869775078,0.73815717023115,0.856139756003857
0.364876167632171,0.60703360831523,0.261426463428023,0.570363180859907,0.712872818572396
0.280718946955812,0.420355158953911,0.189843667092301,0.462703141667512,0.597227843065497
0.679584819442973,1.21330573920293,0.502115229827806,0.908638137436018,0.99064026268207
0.497517423886607,0.845355343196119,0.3621968493096,0.721079742918087,0.844146200652977
0.530698186945304,0.891694597207398,0.385308674033909,0.75601554970639,0.873543049354169
0.456432979004813,0.748610569555147,0.327180419379961,0.675169191668869,0.801284429565153
0.613003626117274,1.07254308188846,0.447881771051903,0.842942379089511,0.945603791922472
0.457875599151759,0.771571025255657,0.331607351361335,0.677078086343557,0.804963157909289
0.488589573647159,0.823043970289988,0.3554068048536,0.711499250222802,0.834097184679288
0.634492206619344,1.09847974337002,0.461289286314939,0.857876411516669,0.947728423921935
0.540186336558981,0.930168336710589,0.397145206178211,0.768429634955211,0.886388692506159
0.531120570838026,0.910601179448086,0.38774205190654,0.755167698334291,0.868829455345449
0.613324803486769,1.06887148973082,0.449737214579678,0.840809703409917,0.938818607924587
0.563688026292056,0.964872378750877,0.409167276164103,0.789158783396285,0.899149736221246
0.447524049570627,0.771223370729071,0.336654772558761,0.674766177062499,0.812256713125387
0.589590648254246,1.03388370071159,0.439612079709754,0.82012668561076,0.924074638336249
0.54170639995629,0.925191285798871,0.397301310315967,0.769970506205712,0.888115686009917
0.702205556832209,1.24834004658396,0.51697167236368,0.93133624259981,1.00700885845091
0.558252050326952,0.969977842652551,0.413149944521578,0.787934304824014,0.900550751201464
0.603702834325497,1.0513278350928,0.443203810708275,0.832478662463423,0.934751803408806
0.603668688528851,1.03416924903155,0.437906239463643,0.83013821115572,0.929819194025862
0.716595780419296,1.27059333887395,0.525801864705865,0.941011838308366,1.01168321094521
0.623002611666447,1.09617328027641,0.460233244354059,0.853836223990696,0.952069596400305
0.250230205259965,0.423308068146573,0.177852375792051,0.417907754535988,0.56642353669854
0.605698617253035,1.0460427630944,0.441972221776826,0.834057847366183,0.935203097630178
0.649092132432796,1.11385078092364,0.466814441550199,0.87421024014856,0.960617208090041
0.218805791229623,0.350795651500056,0.150715588579923,0.372960510762796,0.511214968729915
0.582835112950538,1.03037323184593,0.431392081507023,0.811838537328925,0.918554515182623
0.489926741153383,0.830446356627581,0.36018239248484,0.715574652252211,0.840580125255426
0.264953421377893,0.378407155774066,0.173688115192199,0.437461385041868,0.570467711344225
0.512046856720884,0.870788467725178,0.37347266123575,0.735385638068849,0.85175968363827
0.411760603634889,0.654553220220833,0.291325368712961,0.624761342974204,0.756132258946875
0.722110734032589,1.28130627291396,0.529670752361711,0.952812967533473,1.02073894464385
0.748011882311999,1.32843887095598,0.55760992425816,0.969052442784895,1.03079754063964
0.552574247297665,0.95032821820483,0.40440361284602,0.780487088579566,0.896446125979138
0.524601269461779,0.930016410150183,0.399288246778437,0.759858851388149,0.88493349824918
0.615971340518985,1.07068606568687,0.45081178173639,0.84444395268272,0.943023299792456
0.47301827695514,0.822678135624523,0.354115731579349,0.701243250843613,0.835771712160731
0.671440472029207,1.16421154972577,0.486641386282391,0.893867588873895,0.974117896494401
0.734572721395386,1.31553817540161,0.540696664992675,0.964149630403618,1.02928890567567
0.395529216145989,0.631267025663442,0.280422497533421,0.606999111781996,0.742591644763944
0.444039289535044,0.744261760993811,0.323804688088112,0.663347121841918,0.789519607817503
0.704115026897559,1.24967674643197,0.518442231571405,0.931730160872199,1.00638852476552
0.660669266956246,1.16145095339504,0.483143506451693,0.885274514084433,0.970123383921125
0.668038744182495,1.16508267636737,0.484796788840176,0.891056929918538,0.972316731872463
0.794902949422884,1.44195320926921,0.594730725185378,1.02147074509876,1.07356653947917
0.444556775950493,0.727232085515624,0.316421538875084,0.660004718238078,0.784172844329783
0.565178976305379,0.976456919820994,0.41475376255274,0.792481114403352,0.901994414761506
0.691003322095792,1.22888412443541,0.511910920492522,0.918596036694573,0.997386416670207
0.659942591693854,1.17828807754602,0.491756768924382,0.89118508729086,0.978603037822864
0.701491756434045,1.24169951236429,0.516638475764287,0.925465541759025,0.999509396327481
0.543301515006044,0.913545298454287,0.39083496001394,0.764858080667655,0.87385722730056
0.504312751183509,0.829507458632679,0.361298310761484,0.72510447409759,0.842859385850637
0.655641106486311,1.16110691899837,0.488244914981384,0.883326117556785,0.970050205863568
0.642946133683365,1.12522539176628,0.469725463129787,0.871777848969134,0.963790807041326
0.565233113089934,0.957231485661214,0.408798960152697,0.789354882564018,0.89676235545177
0.56834077544583,0.965815997254181,0.412681434026934,0.794436373013714,0.903556996655274
0.581618775440903,1.00675256986246,0.427238924000386,0.809947360953283,0.91668175536657
0.6206332633219,1.08770093104172,0.455155116433976,0.852025780691185,0.952680661111965
0.583482308910297,1.03518597634299,0.435969992599749,0.815499960669942,0.923627436866517
0.476643959294769,0.796980107945896,0.342907610598553,0.69718634270669,0.825325561339028
0.708568318479041,1.25531537164398,0.518808942377551,0.93669752090662,1.00945723700519
0.608205461618547,1.04087202616677,0.440722487050712,0.83166140869233,0.927681319862298
0.43149519201375,0.682479492134588,0.312444735450061,0.64900728234495,0.785711098006462
0.759680782665218,1.36551034379501,0.564697945819877,0.984280323408089,1.04442230996105
0.491235371241262,0.824884547765518,0.355412982996822,0.713684425170375,0.837557750973956
0.304553576948473,0.49592837395247,0.220424237107838,0.499721285438988,0.649169576779779
0.623389291460652,1.09614390358502,0.458896135669917,0.851425878265981,0.948409485307824
0.544781517896679,0.93330654430202,0.397728999904526,0.771028380125329,0.885653283564586
0.650451102368632,1.13997184096512,0.4758533253748,0.879391637891387,0.968391061744329
0.482408423143811,0.798680472096257,0.349669868994315,0.705966584370205,0.835265499804498
0.550591160445425,0.947202720314785,0.405893868107361,0.779662036950094,0.894408372396158
0.687521492377646,1.20337003621715,0.500128902837598,0.91258332209121,0.989725925165328
0.584057002912841,1.03003341095238,0.432903432928948,0.814869555996785,0.923571788294928
0.728951757922081,1.30278829771495,0.538752732522885,0.955633973414998,1.02327896241413
0.809512841448724,1.45953248472716,0.601029963421663,1.03025695689388,1.07743428347527
0.871201424653227,1.56959610906243,0.650653321566998,1.08625212476953,1.11819652462689
0.389564331710728,0.662767012044377,0.287304339806627,0.604586944695488,0.753709083064991
0.259922998447038,0.424293908484393,0.18077917503214,0.429481976153169,0.567877484153501
0.453587211987653,0.752333885562685,0.326769205362412,0.673107636419785,0.805043733369197
0.469165145717412,0.79165743522957,0.34149760196395,0.691760665572473,0.826262118120207
0.802845471343688,1.44069037787526,0.59489869050444,1.02215086439224,1.07110185546025
0.555241725307635,0.961627040106675,0.41299633754551,0.782352147312151,0.889614138849357
0.577255981922304,1.01933461535337,0.430375455291165,0.808981627082579,0.919743814589125
0.531280891235566,0.909031994033889,0.388606771289877,0.75761856661626,0.875421870374907
0.504721853833776,0.858811700226351,0.36793734007017,0.728296201149588,0.848543173324249
0.640694625895759,1.13858017535709,0.47549294760929,0.871971798646146,0.966002019615841
0.767849855164202,1.38198422556347,0.567461319416377,0.996292702094794,1.05314240833922
0.645807555693337,1.13438006712158,0.470364646031298,0.872624206284587,0.962855455204339
0.720769226200507,1.27095132975317,0.528276500940505,0.9419705369766,1.01058037388045
0.631175207440173,1.11620428081603,0.466400359869869,0.861661955000917,0.957763656722679
0.626003277557026,1.10841495386912,0.465929017932447,0.85755616218283,0.95459208124123
0.38210316691145,0.607316844598136,0.265604600382133,0.587640524293931,0.721035082814615
0.53370429764594,0.908592324528652,0.390498360292913,0.760227266596459,0.877067111971572
0.717366724869365,1.27803422602841,0.528997640097263,0.942696246363996,1.0133377880954
0.466429294912477,0.767406208760681,0.332578576382859,0.684904737879444,0.812310958511658
0.531078865530129,0.931595326156467,0.398084257655955,0.763156822685712,0.885141900264571
0.82675226647652,1.49828790726909,0.615984698727687,1.04975701421813,1.09303476132454
0.610889763536016,1.0940385682767,0.459925475100311,0.846383622981721,0.950232965421507
0.621722202026701,1.07880137353451,0.452746324077391,0.847792882211068,0.942783866837795
0.511535073778011,0.871915200965607,0.375804805533926,0.738079484342693,0.859356820197774
0.745557676007833,1.32861502835253,0.549762958526319,0.968879288324499,1.03238209395851
0.513208868349765,0.868537774201735,0.374780879765529,0.737764814099794,0.854972790752617
0.545721485373766,0.938371841518236,0.401461815393679,0.770153743279734,0.877886876074925
0.491794179329439,0.799658911547404,0.356772404585075,0.712989085222979,0.842583529873049
0.673990898222051,1.19022835481295,0.494678668563822,0.900793324090556,0.982576217473984
0.73750276889869,1.31122071130999,0.546508335190923,0.960432111832314,1.02621811508227
0.631730258721019,1.11178429181659,0.46732829407144,0.863500772554361,0.960237421157922
0.606818430165311,1.04777604592815,0.442822555735349,0.834922596950061,0.935988625579638
0.523149468380188,0.90304384232663,0.383413225609693,0.749358024989698,0.869874388513755
0.527067704217987,0.90193701702034,0.38475960867629,0.753077348485138,0.873008902048189
0.541901141371927,0.932828583837289,0.397897688761555,0.76796310259995,0.880749972716224
0.472803421309292,0.784355809916049,0.345199925738653,0.697102665495629,0.827620871772234
0.703756947617118,1.25683812412542,0.51988024655831,0.934108591436355,1.01033510865452
0.734577902681729,1.32985639280131,0.548993128824269,0.965392902107997,1.03401641086041
0.462058925524148,0.758271985878337,0.333031948535386,0.682794358722995,0.816017335996279
0.680860335083152,1.19709706340442,0.508199072019975,0.905085867043694,0.983584272363273
0.399146652030728,0.62009595732915,0.282004975351896,0.609321584058667,0.748628396622754
0.593505451000447,1.02818370679442,0.433715076916857,0.823209963224007,0.931371077797522
0.631015067736177,1.11082578431385,0.463770750474819,0.862167140106123,0.958421698564301
0.579240097949803,0.978152134143191,0.417838529311515,0.804207716297975,0.910812877839551
0.523527342318226,0.869493523501704,0.37589316789278,0.745585229395856,0.860801801752231
0.567962700929304,0.982358906185055,0.416138594400296,0.794763304577007,0.903048337294572
0.517489350913331,0.86248898261349,0.373811560048935,0.740191930575405,0.855420904326234
0.659433726002894,1.17119498836383,0.489636452422581,0.888213009020134,0.975079073026184
0.708680612933388,1.2518254556815,0.520982165607654,0.932655169283141,1.00506857981466
0.476796939183942,0.803981805767841,0.350054977758705,0.701880660167143,0.831514191395009
0.548675584115002,0.945783937137288,0.403674517342645,0.776308674486853,0.889303448379882
0.819084021866518,1.48346966858408,0.610041158600719,1.04166899180227,1.0866969324968
0.76589699105908,1.37018399466117,0.563872200372778,0.989339215166374,1.04658305675752
0.662421076933801,1.16527489605532,0.482708759862676,0.890531441890395,0.976775550191835
0.804670265505495,1.4327497973397,0.602702460817938,1.02074067184243,1.06760296129651
0.471243060387885,0.805565160549744,0.349077778507824,0.695183357537728,0.820570032081089
0.62761914858197,1.0959216800354,0.463826947416841,0.853772765583886,0.945776327397547
0.515718263217947,0.860106182184162,0.376934277912866,0.741391753773655,0.863457806351718
0.616913736957669,1.10318541197047,0.463306710289297,0.851182548526505,0.953497105903546
0.654513890259872,1.1399546495385,0.475824751151453,0.881947916031121,0.969276043907957
0.66013312835843,1.15507861622622,0.481547447030628,0.884414524330774,0.968993388582892
0.597089550575312,1.02830546828483,0.438162016917787,0.822031137531401,0.919639394038529
0.431577866068046,0.696529519846416,0.313494829318821,0.649555755995062,0.791063015729303
0.57509996651638,1.0194155503016,0.43602603187239,0.80743718358881,0.914006846532618
0.44192134585478,0.727413151133656,0.313245178620178,0.655076401240953,0.778618972750932
0.541260404292144,0.960570687775135,0.412702589545068,0.773488489666281,0.886466989191284
0.725357039894977,1.28547818727719,0.531579499365574,0.949650633952582,1.01748476205919
0.518401556675263,0.872109852810172,0.37747269850384,0.743441801955274,0.86187496191904
0.373339757742676,0.625301085504329,0.274996184461766,0.585556563142872,0.723127072455667
0.471236721667438,0.782165810810111,0.340129511275935,0.687900250960922,0.802805702320609
0.730480994671337,1.29951365066735,0.537047517431227,0.955682959765769,1.02212231441476
0.551641810222081,0.938251699439832,0.401059238054894,0.777879401487006,0.892431488485109
0.380693624955342,0.591696838677219,0.267353652621165,0.588738166989992,0.724020385068455
0.661161698197481,1.1837048283913,0.49118411933123,0.895471389495315,0.985042719743026
0.643046995264684,1.12528143335117,0.469480239431443,0.870940335700755,0.962084878207336
0.754964756506981,1.37340175684398,0.566194005200019,0.986238637208551,1.04960186339904
0.486845106679289,0.825790962549562,0.354309645519076,0.708980886983614,0.831805618656321
0.511785576338077,0.87925441508948,0.380107956177617,0.734963601887121,0.845825356818619
0.493869086417438,0.84861485846245,0.361167275832865,0.717096645433511,0.840237385764478
0.619617575115197,1.08094072377574,0.45523139469295,0.845567189562862,0.940166593834583
0.572613057892102,0.987443965296297,0.418151207236281,0.800122693776891,0.909646461558124
0.415299676802143,0.665917416816515,0.29143724573193,0.626339979951719,0.753512388405739
0.364676283506494,0.563026652477249,0.259641856430018,0.570290595623159,0.71510201353903
0.730432417687482,1.30183437295695,0.541044506510372,0.954174789074786,1.02120877553348
0.546607656738573,0.91381628160181,0.393346255561049,0.769706888924808,0.880982034543687
0.449754411814446,0.750841404314601,0.325973696980242,0.669590291507457,0.807574695496459
0.576203485103563,0.974037267377941,0.416686567536125,0.799421271401288,0.901838489391374
0.401947191993092,0.713340659782283,0.309860643934457,0.624989560779862,0.772344359291252
0.482222667594951,0.846655216919378,0.364450106131666,0.712626133912822,0.843447612449452
0.686477789919305,1.23306689535403,0.512581178117985,0.91690794534374,0.997555371036846
0.669071818558241,1.19175516208803,0.496431909432472,0.898935394818322,0.985102919448641
0.607116806441167,1.05513469772817,0.44315360825524,0.834562824093819,0.934959868179671
0.556402178214678,0.955669297146622,0.406644669273511,0.780477556560767,0.887473183655111
0.428325465396474,0.713954423254533,0.311154812080949,0.644505519296983,0.769718221657924
0.539053218975382,0.914098956554116,0.39144852045954,0.764351339424125,0.880241798128041
0.691088679769044,1.23520214736361,0.509038968650322,0.92410398532948,1.0033086783294
0.386977929482938,0.652566458847144,0.279069898186282,0.596629812684572,0.736352913018082
0.677698438816399,1.19602764680505,0.496103123430703,0.90698526218901,0.988532504817709
0.759042436137733,1.35865687625656,0.560734594131089,0.982941883200623,1.04268030596178
0.713139702849817,1.27451038845858,0.530107722676802,0.940635914153627,1.01405802163296
0.731829654991501,1.31187665537418,0.539802451135916,0.958625838111306,1.02553704617181
0.709358675344805,1.26878439089235,0.523048613188631,0.938719124466409,1.0123497312552
0.664226849904983,1.15756525695676,0.483215498168037,0.892328024897224,0.977195621285458
0.63216077583358,1.11476196425513,0.471718993616174,0.861126340021872,0.953183754285067
0.610248533739155,1.06587118672274,0.448866141535344,0.838999326608656,0.938903201134531
0.64822674810694,1.13221307188292,0.474360087364168,0.874474010623982,0.963576085358309
0.671430152138139,1.20009694563457,0.495236403716247,0.90156062501817,0.987341650522092
0.674079290204745,1.19025742425513,0.49625200074514,0.900122612264129,0.982483003643946
0.601038308552943,1.04626296666201,0.440982748732948,0.827748253490713,0.927664945935717
0.68370694150378,1.20930773465938,0.499560381039053,0.911482790149726,0.991250202304148
0.505424851180972,0.845674177095565,0.366958460829079,0.729487655988244,0.850555953616359
0.467526072619382,0.808215431918324,0.343794350946776,0.691325995768494,0.827469134670882
0.524540983794608,0.894320620586726,0.383404937095673,0.749580686375937,0.865332819443154
0.78786164220907,1.42425377796771,0.584659249163796,1.01349057193111,1.06570680957642
0.451711752387091,0.751518748749446,0.327030137767614,0.671905051534552,0.80288385216717
0.578608018903534,0.985989713717914,0.419544933325726,0.804677336006392,0.911563078380596
0.639449270394061,1.11863125669506,0.467487345181324,0.869495051659107,0.962437025824379
0.496929794976277,0.846321394610042,0.362346798074471,0.720897122639772,0.844983843497057
0.566696483637428,0.984237434577134,0.416554827088944,0.794305825956185,0.904126889974434
0.598341332950613,1.02415776412163,0.434129866343022,0.824746239789713,0.926665381827225
0.709285614588076,1.25671264497237,0.520124626735953,0.935165721561493,1.00731978419865
0.733738147798962,1.30805945601454,0.538887763534692,0.960111910335787,1.02625090920937
0.69625521127751,1.22738129011621,0.509788108897423,0.919616499289309,0.994729255921151
0.597358910655132,1.04692051153592,0.440172899140777,0.827332495292012,0.932460493330524
0.52378564078985,0.915896077177176,0.387633789882571,0.752672989389472,0.877025942652083
0.638189751678555,1.10399243531287,0.463890147358998,0.862519190337145,0.952677104786474
0.588682507936767,1.00785594813467,0.427395590797251,0.814540048698473,0.917970417208888
0.728356305133988,1.28889076852173,0.536531937694516,0.95099337060725,1.01841026533096
0.528967357801828,0.88663162154725,0.384922615892625,0.754512691733034,0.875521123846529
0.68964777072109,1.23052897843996,0.509361168237007,0.923010068727398,1.00413647405455
0.566908213050162,0.977123405860931,0.414428828430775,0.793647792343289,0.902813471994796
0.786239181808674,1.42050303828645,0.590005091514294,1.01085377123858,1.06469566523746
0.590824894946816,1.05510005137576,0.449371309559225,0.821211254134656,0.922542440305576
0.423004235023401,0.706958386841491,0.30795149493801,0.641103357014326,0.776992899286298
0.664259761117923,1.17642272109439,0.490399777453355,0.896954308515898,0.984304097199589
0.795137907060444,1.43561638915045,0.589429013726561,1.01882566912567,1.06897720034784
0.53153489481905,0.892084820835952,0.389748955891733,0.758700101123177,0.880664762808993
0.603884163232956,1.05590994424117,0.445276928690278,0.833315898727964,0.934244948792417
0.549144983562191,0.982243718387471,0.415266499417427,0.785262238466501,0.908843081312496
0.678583568634834,1.20334592093653,0.498511784148365,0.90712567939133,0.989114636043449
0.4729528519307,0.811188833332609,0.348680628470055,0.698120294712492,0.830755623524236
0.539046199463605,0.921796668278065,0.397751259996349,0.764242074078741,0.873726595825622
0.619470742501325,1.11474090990876,0.466467583633066,0.85587152260293,0.958653036142739
0.774156417909535,1.39377763924463,0.576648085194377,0.998718503137988,1.05578398285784
0.312337038333323,0.483159657177149,0.218017297831309,0.506522776250642,0.647802118823097
0.421793079789604,0.697991919109132,0.304105121161273,0.638294607784517,0.772547481376166
0.51957061855111,0.884628027734487,0.381928516341864,0.746259466848752,0.864333432733702
0.748828888173241,1.34452937292618,0.553055002707206,0.977600235697695,1.03993863985331
0.507705163569407,0.848724312662927,0.364545169059582,0.729134530238349,0.848613057300014
0.70872142973638,1.2475409485767,0.518256851094295,0.93062324946677,1.00230685524321
0.417826367976397,0.683006229969886,0.30479970499647,0.637295073163912,0.77655418980475
0.623221034181072,1.0801924561458,0.454237746581995,0.851083381090757,0.947292880639049
0.53865579831811,0.918617235904334,0.396610256895744,0.76393470695179,0.87339504757509
0.251268079371007,0.410328975335459,0.175100598283205,0.417135580985925,0.551401133122807
0.702716393927266,1.2531278313243,0.519796316691368,0.929352890269139,1.00491389227771
0.603445145424695,1.05143666082211,0.445523619849361,0.831662521859717,0.931318301088877
0.388578999601537,0.617670262209359,0.276225198492586,0.599500933799032,0.736118972110301
0.678265838582366,1.19905943435417,0.49878705744425,0.905380889014509,0.987654875987132
0.741389565130191,1.33357993324617,0.546130794682445,0.97349095226231,1.03626890836446
0.503626983364204,0.856155910294344,0.370320669047171,0.730392999111051,0.853887090830505
0.587971555577305,0.998773341382617,0.423265167761309,0.81179694122189,0.914045293829185
0.623442414029496,1.09128957824837,0.457336318915862,0.853125216217584,0.950900706475139
0.658307564873606,1.13806731163014,0.481144513346673,0.878341626546392,0.959911787859396
0.63599450171676,1.1115275556477,0.466338514386594,0.862697705410201,0.954010938300417
0.666027126492046,1.1840389420479,0.49128281274071,0.897375603989005,0.984314655991571
0.557515430776207,0.998092270215819,0.420463564011816,0.791504145374429,0.90723847276799
0.620005487102171,1.08787598726168,0.458565851557236,0.847919323123027,0.943589823774863
0.415552286197924,0.67321093948656,0.300271427353749,0.631435808268881,0.772057376805461
0.593538984194256,1.03414320735578,0.436544235930454,0.824638577429019,0.932972722403414
0.694582904022366,1.23298319093761,0.51322280218462,0.922117881415834,0.999789874348895
0.261131426753485,0.41534188596665,0.180647583367405,0.433837453722723,0.569111485932811
0.543984247701489,0.909784413963538,0.390765869094516,0.766245937925044,0.876728705610954
0.603294828950727,1.03627542264195,0.437093550339696,0.826945390975238,0.924172783683331
0.605769252592338,1.05375378335417,0.449748713894728,0.83018362521185,0.92424762916577
0.410070143039464,0.64987014397199,0.297792433798041,0.621400121817813,0.771404202121801
0.578950182195852,1.02902767970127,0.432552539054959,0.812374535094675,0.92412226747257
0.714934759580865,1.28364113294666,0.52949730962381,0.943801081465105,1.01571274993249
0.706081825502816,1.2518660735756,0.520406354864181,0.932637635268682,1.00726336369531
0.249790678523397,0.372893445609205,0.166403108171791,0.418411536735169,0.548624783759203
0.701317052162191,1.25671963193013,0.521754645613366,0.928249517129581,1.00347542019605
0.691018585664939,1.22453089882076,0.507041564322142,0.917746142787957,0.995247129709328
0.663453283350877,1.1880122238381,0.491934520369361,0.895752549674339,0.983863547447182
0.660400369261321,1.15569449544569,0.48045690266154,0.886898563605694,0.972233698735452
0.554646517828272,0.960081087857354,0.409064199894267,0.784439236802411,0.900608555827199
0.583516187065614,1.01483877434871,0.426025651746749,0.811613620669071,0.919933821071201
0.466069669783792,0.758440553297301,0.336943353681515,0.687624789215922,0.816296095934084
0.336458787655015,0.513071801718474,0.234711774863243,0.534487431421836,0.679425925853014
0.277441021338546,0.445746038972437,0.192622104050129,0.456369688577179,0.604899493584072
0.741861454852498,1.32390477491994,0.550256171413167,0.965778542452023,1.03070494729848
0.687171066861926,1.22376820401409,0.506819736281991,0.916879903487219,0.996957429578174
0.653032927698921,1.1385102996077,0.475218254536156,0.88011318207863,0.967986967372059
0.443739996227576,0.742162404662157,0.325046780981388,0.6660822926731,0.801081594582196
0.569381619326672,0.974189941170308,0.416202654972299,0.794101241451587,0.89803780831836
0.5728057802224,0.969686739945091,0.4135556756616,0.79792926416803,0.906378796196499
0.591660911105414,1.02222701309384,0.435458729365546,0.819689728661886,0.922867316770366
0.769013276457108,1.39549241873511,0.572953036304802,0.997042287955052,1.05484761303773
0.598689380814799,1.0414946830004,0.439221349237705,0.826794557944225,0.928780444118301
0.629771328844961,1.08764699746142,0.456806212831765,0.85602741558924,0.94887726973168
0.61778887584289,1.06212998089895,0.446097312213467,0.840205537864523,0.933697604238412
0.521653022857813,0.893926907334212,0.379997907385188,0.746177237708559,0.865931722991347
0.348567780089328,0.56427717432529,0.246363107595029,0.549240757470301,0.683972649285861
0.646313505561673,1.13685815232112,0.477949424422978,0.874694307546009,0.964353379326048
0.645191794827363,1.1474350362127,0.475561016610457,0.877343931172776,0.970701727209916
0.540329175300129,0.915605507076255,0.392108262314939,0.765167874833238,0.879375111413633
0.612645561613941,1.06062414143955,0.445087221073561,0.838273560330444,0.936271819237381
0.571745238629666,0.974847980882729,0.416035548596718,0.797575849811706,0.904203182453199
0.659973854383787,1.16348891952526,0.483900670582175,0.890821298850309,0.978932826214438
0.83661742001258,1.51265539948186,0.625305774315743,1.05614315253343,1.09704549240041
0.411325383304022,0.670662257024663,0.294143544798543,0.624900623912703,0.755314743970248
0.414016892693322,0.686957118909608,0.296764502167202,0.627492554132553,0.760090715934541
0.723493208480883,1.29262334746977,0.535605189832358,0.94879692989651,1.01847956311869
0.624969245615474,1.09528511443612,0.458235221275718,0.852681574424915,0.948941619884542
0.730486000236087,1.31344759405145,0.541771644759767,0.959468857799308,1.02753704690663
0.551778516835925,0.932560847005806,0.398147055343263,0.774742778770377,0.883901659120494
0.587612501507965,1.01496611408633,0.430148732673921,0.814682723121075,0.919178751659927
0.702185574713438,1.2233826578952,0.510024469909644,0.930235805668369,1.00217915521972
0.39362263629734,0.652833018063961,0.284054455235894,0.605279717653346,0.739857306507133
0.813802460502139,1.46460310855636,0.602036520334269,1.0340309681402,1.07990156802858
0.609891780841315,1.05245611422639,0.443247822976973,0.835964718373263,0.934589839014155
0.449488056023373,0.738074927559673,0.318905231012625,0.665650592856353,0.794460724717499
0.719205849329088,1.27922216729011,0.536634524364521,0.944388672312175,1.01526835201083
0.527181393607277,0.907508299976448,0.385758997922413,0.751240074799613,0.86581178817382
0.762888890802026,1.37360964244116,0.567298417318938,0.992200682653448,1.05191688077617
0.491656507170924,0.840603396267862,0.362074790818253,0.717873038260932,0.844666810135962
0.461512455165148,0.764221309429001,0.331675523318674,0.680746258734726,0.812555474563169
0.604612775062818,1.03915298160794,0.439109451791509,0.830100294683471,0.929097906144599
0.561918793802038,0.965370975362208,0.407237004471185,0.786879861952154,0.897868993714016
0.713432348776488,1.25790294042109,0.52542700733455,0.934817211427639,1.00555556128936
0.658970945248023,1.17487230728654,0.488287070759022,0.893254459382717,0.983065437144481
0.49951174754967,0.857487601970697,0.366899620515475,0.724326366080387,0.846094024013472
0.541180342858024,0.909152287716248,0.390691008991568,0.764348028703142,0.875709853489648
0.223932877669845,0.323481218138241,0.14627893099376,0.379769290870245,0.511131500065061
0.650916907941129,1.12806314351105,0.471593000723737,0.877288765600148,0.963946300884515
0.564732220734605,0.957566128495092,0.408745538647459,0.789654007407703,0.898432803434418
0.776589451062938,1.39905160338347,0.575717864548296,1.00254904256713,1.05772239568972
0.618501014571788,1.08149010342351,0.455588256147201,0.847022159370192,0.944356763751655
0.583168846930581,1.01618541171037,0.431379713012967,0.812333439369149,0.91814342556004
0.391026912374261,0.620570798314284,0.271621723880974,0.5975691705484,0.726221907196888
0.637996074486096,1.10464217199446,0.463921126448291,0.865904971675493,0.958047746097215
0.656722046265475,1.14109853054237,0.476335475938653,0.882005022141156,0.96698465141074
0.77587960693042,1.38461953906587,0.576653605987387,0.995881865615389,1.05094329399058
0.630682322674495,1.09169771914833,0.459237756414463,0.855655415811703,0.947637907716562
0.749232217295469,1.33929587716144,0.553749100204077,0.977418001404254,1.04047278280205
0.518676641839969,0.886400949697632,0.38124036867491,0.744869210814659,0.862673863037407
0.531152635745504,0.913584965768428,0.38872769652071,0.757745673760272,0.876905107963827
0.364546315733525,0.582841757181965,0.256268480071281,0.569168417725777,0.708676640363669
0.406258028477447,0.659800326481952,0.289016073725439,0.618681884769669,0.751321933035467
0.375404865818197,0.628256841395823,0.274367147411938,0.586946676434215,0.728189142038064
0.587015710918347,0.996866569126459,0.424607337055925,0.813257413448211,0.919235043387071
0.540035574225499,0.959983057447125,0.407419627830919,0.772790549555262,0.891304864799597
0.432152510445448,0.660473217165223,0.313414387267361,0.641992185283203,0.783313699760591
0.523246869814282,0.885421345116755,0.378979976122345,0.746611936266008,0.862853009471831
0.664021153365285,1.17120546540062,0.489811536277502,0.891428237741349,0.976200360763906
0.545088807457339,0.900871825679531,0.390185970949293,0.767305545061073,0.879856659182253
0.504019346665136,0.859126264314217,0.370530551686773,0.729738461518569,0.850648061681023
0.614757682155654,1.07436170894034,0.449508584289878,0.842736931648452,0.941908910097933
0.382750434235512,0.569740267202142,0.268984102044913,0.585934762826178,0.72689316876358
0.738726809231578,1.32666074211571,0.545272184428524,0.97028329145469,1.03532604654608
0.491248311422181,0.815918064592441,0.355675512643313,0.714131219147418,0.841888306476829
0.647409976413719,1.15123458723113,0.482649203077123,0.879059606578727,0.970825333701249
0.587447901398234,0.999991616945874,0.424992968662433,0.813205610529922,0.917807459682205
0.743138708877536,1.33233753137688,0.552056617947451,0.968198849290656,1.03252619493866
0.458790828837122,0.783948050331462,0.334127717078588,0.678579260500828,0.808512500085498
0.710995957037082,1.2607144992071,0.519506974042475,0.936244338983275,1.00828827299516
0.644255401484687,1.13819893280909,0.473178605471861,0.873300910905861,0.964571214293326
0.565672027464466,0.990536049472587,0.424614493333285,0.800639160237463,0.916496210863589
0.434350583161089,0.728110160514513,0.312261154900783,0.650122284773635,0.780869239060289
0.527372972953942,0.888456100378169,0.383289532873269,0.752872567061223,0.871852579898443
0.363993902312416,0.563201997426881,0.252107958391106,0.565894057252911,0.709158690094741
0.606020121739774,1.07190137044975,0.452458187170029,0.834702814896148,0.933861189134514
0.248117115662508,0.41017667316286,0.1794166727495,0.419685355149095,0.564716642341573
0.460009588996843,0.742243421598249,0.326968264926036,0.67744047909488,0.807752286583264
0.633783269510063,1.10632875249723,0.462616518865083,0.860396528754721,0.95305999934722
0.778676635509751,1.38921284500022,0.575027195737903,0.997629049295299,1.05200931937513
0.799945881463303,1.43706941142814,0.590414548540846,1.02157213272903,1.07020048291814
0.433931178732873,0.710560154430964,0.307217668143394,0.64619810021665,0.769027316607113
0.671540014239781,1.19168289692592,0.495287265648278,0.898468999349077,0.981834095535795
0.595701264927118,1.02728378573355,0.433042315418654,0.82379098738089,0.929559774264821
0.5185517175638,0.867610550536565,0.37734450872789,0.742879093577005,0.858374815395402
0.653850301165303,1.14057408784763,0.474312114509264,0.880948681300466,0.968565722149455
0.192330234551313,0.288527176053395,0.131420804334425,0.332012841192336,0.470540389105113
0.589440879566625,1.02002478188872,0.433255291038439,0.81924212327739,0.926017356965082
0.583714880746471,0.997062725142302,0.428146220827883,0.805798766399178,0.902324828275612
0.629669251018878,1.09954644871716,0.460071977964352,0.856709868837316,0.950460852319097
0.402871675465143,0.663571430178793,0.286233594976841,0.612444591189247,0.74208957098739
0.441686628225472,0.710754979896527,0.313118608452757,0.657634564315706,0.784316834779252
0.834396209899077,1.50239793317777,0.620829970075469,1.05160195227192,1.09273398762916
0.476639184230295,0.797963791955854,0.348826809752767,0.700614601945554,0.825673683602239
0.657895606204539,1.16696292174432,0.487688727679042,0.888628874852274,0.977539786369031
0.742974178776253,1.34199552758888,0.553575344184666,0.971878671735142,1.03736511656385
0.720311873760534,1.27362670361567,0.528767992986712,0.943007234819159,1.01241650188917
0.774692998513308,1.40495111604307,0.575512053944455,1.0038237153454,1.05977952665838
0.808749439292312,1.452411028576,0.599477960881387,1.02775274809078,1.07503708455674
0.69021479586271,1.23512877140818,0.513112362381879,0.919242257677622,0.999029778556749
0.419853582985553,0.693875510157906,0.303327690589336,0.636166165180893,0.768000174952353
0.481171152683329,0.794929309973437,0.345725020770807,0.702084417280705,0.82710510219851
0.595329480565779,1.02868990545471,0.436073868174459,0.823019779456834,0.925607565180604
0.852134428163182,1.53474812723973,0.631947163697073,1.06987130432997,1.10643630373446
0.636993183013119,1.12516602901951,0.468046905088948,0.86779382933447,0.962853464426262
0.485543553023965,0.822002926710155,0.354267151284532,0.70790871145746,0.8284240975804
0.644712368227683,1.1286554019722,0.47163300660774,0.874717708110371,0.96570402304789
0.552987982679886,0.970875068210246,0.409815010478359,0.778723770732079,0.888123406737019
0.293120487717269,0.46357039296627,0.208860994599539,0.484371703007922,0.628592999508238
0.642992084314324,1.12949346796819,0.471938681900223,0.87506988314417,0.968201333288812
0.449861225789188,0.752094976735221,0.325999361344337,0.670090966840893,0.805622181113706
0.740418299736088,1.33027962410067,0.549094197607852,0.967165169473084,1.0326718925108
0.609037704379437,1.07696985694626,0.453008819005437,0.841788634783724,0.94523915211308
0.499868535393379,0.864872615281554,0.373292967488343,0.730393088005759,0.862462489122199
0.849631351519851,1.5082829820231,0.633525961551157,1.05930307618622,1.0959465010885
0.477278348519693,0.818229139558713,0.35424870643219,0.705163530818562,0.842316231189058
0.325218907618084,0.527911846221154,0.231012226509193,0.522130677008551,0.671252075785067
0.528342403375758,0.869186876881157,0.376791041254707,0.748925500657484,0.862600695382334
0.635321919152955,1.11454012734165,0.472260084172874,0.860216113522122,0.948275107982553
0.394719107544112,0.626488484870693,0.278880855091072,0.60540405503897,0.73972929913788
0.541363147411268,0.921028780331221,0.395310628867414,0.767665428644349,0.882248811848502
0.480325991220148,0.810382684587116,0.352931638888465,0.706618209011945,0.838990805952583
0.647866114671276,1.14087199605286,0.479854375800464,0.87382725919008,0.961142551800979
0.683959526985185,1.21503720757457,0.506956796557216,0.911453691481843,0.991514034482318
0.747185158549778,1.33596726778315,0.552488169522008,0.971921038648302,1.03562508643417
0.533181138321938,0.922904098844168,0.391601373182368,0.75783170422978,0.871546781573375
0.640543922486027,1.11422427492007,0.46551694421344,0.865727418061144,0.955962387710827
0.533588556477589,0.887323004890035,0.382266670662507,0.755624772627457,0.870219056812233
0.591805890564095,1.01691639564089,0.432794727899756,0.81655494221335,0.916481964553161
0.716529325926662,1.27295046443015,0.524526303196349,0.94591130622596,1.01624383439122
0.468328300822679,0.800256252149634,0.343050584081987,0.688560110224445,0.811237416538905
0.493605367658918,0.827602853885696,0.35529036335548,0.714196448782038,0.834131572282994
0.666107449140764,1.17233975457241,0.488673006539922,0.894736401430188,0.980204226912974
0.607360162084235,1.04811253989247,0.445590927804457,0.831262617965623,0.925697855725136
0.763529862995606,1.377506009487,0.566992763737982,0.99244527115332,1.05121813344524
0.595664998731913,1.02966421528353,0.433909749730175,0.821666305160398,0.923546014082336
0.394950578673732,0.628757621159638,0.278971888461025,0.60500954955184,0.74417303624423
0.695804191525935,1.22998965293528,0.517223185183737,0.920123476039784,0.995793055444616
0.705459023439128,1.26536700115388,0.521908317454881,0.935229743283915,1.01066387470469
0.952296809851475,1.69472465013465,0.716739869801124,1.15650565106682,1.16781722699884
0.743949536387823,1.3266212575415,0.546967837860664,0.967826328415324,1.03153605831235
0.816137447364398,1.48794837191048,0.610943431927782,1.04287642871311,1.0890466743202
0.477870971522542,0.801943909281692,0.351413320187433,0.703386073803859,0.832181898419387
0.739814692711463,1.32526007401217,0.546053762754237,0.967189509373932,1.03222596246211
0.506538374179916,0.857685295664256,0.368292039579496,0.730795820503557,0.853087861257163
0.476795157630253,0.796686328103422,0.348405231882748,0.700873436963677,0.828502601912342
0.717412898032519,1.26822182880306,0.529626229586685,0.940213233041971,1.0106181949205
0.339128665198006,0.567880574991627,0.246497111073974,0.54154072554996,0.687732670200082
0.566003340996422,0.9653674448083,0.408423279631154,0.790140054397327,0.899423626856272
0.430810693000219,0.690025957282169,0.30576743245582,0.645696952060022,0.779430686392512
0.831687026215185,1.49328646806986,0.621976669043329,1.04804011756737,1.08889471106161
0.71319219114639,1.28753131433048,0.534321998551789,0.944386609615375,1.01904288104861
0.657157685720159,1.18246639304399,0.498907013478248,0.887844751059272,0.973834250217881
0.641964171450699,1.12664749208317,0.472903611799101,0.866867418305152,0.955149614357839
0.621429182580449,1.09701830900624,0.460815965946867,0.852661394984802,0.951570513819568
0.595979458870504,1.0382691264728,0.437086933266262,0.825617158625282,0.931308183917845
0.627382936092659,1.07499821482194,0.45317414242847,0.853882748351448,0.947729942198666
0.372170391870966,0.582829898672513,0.262892107577543,0.580286192722312,0.717172880245522
0.343387459519279,0.53949418948037,0.240962540269361,0.54483553673685,0.684720809155959
0.531196772962617,0.890932581323462,0.382479839696513,0.752850534208752,0.864128195609345
0.793816263753277,1.43622832718059,0.594873549796604,1.01717578934187,1.06800019281154
0.548579214056995,0.933861032824175,0.400018214016851,0.773888792670485,0.884919141636998
0.737462210089328,1.31700669819838,0.543046326075945,0.963025728754833,1.02797938854665
0.646550104230817,1.15287675229784,0.481754128073389,0.87849631570536,0.971520044878925
0.526536370071293,0.906699582753118,0.390974530011322,0.754719989334091,0.871157710906768
0.678076087968389,1.20739451477204,0.504485748090911,0.907509798896377,0.990053673908363
0.535500629206889,0.908324274023466,0.390975519880662,0.761087948072029,0.875076838066116
0.587073726930249,1.0249202152683,0.432392241038784,0.816967660531237,0.92472091831603
0.561476393591588,0.985231075897156,0.416341944658924,0.792156586256606,0.907039638101391
0.645257726010879,1.15694377381708,0.479737967446121,0.881444789993306,0.977452637127107
0.601253916210165,1.04945780761662,0.440687476198493,0.829602138275033,0.931933514363453
0.464339828268421,0.784069284592032,0.337042674071025,0.683077503970132,0.805487218080497
0.664729163660496,1.17064107866516,0.490868592787357,0.891593172527055,0.97602082927017
0.398193656972508,0.643018507009359,0.283989439063262,0.60946132906243,0.736620681129126
0.542947437208813,0.916108286572012,0.396028915986899,0.769421766897587,0.884161728324092
0.455337989429154,0.752158471225676,0.327536415390023,0.67507789315397,0.807309279620671
0.482034137072784,0.810884545685415,0.354001599273438,0.707653498440657,0.837286143323368
0.537229693866571,0.932309744025498,0.399018311020505,0.763288459018732,0.874328099617383
0.575407123258445,0.971538553907573,0.415017655493581,0.79732750310307,0.898913958441599
0.447132182186658,0.76327402970831,0.336152769751906,0.674901520262121,0.815989358080292
0.585917726943745,1.01398848833495,0.428486500624472,0.812727226121222,0.917507230876626
0.583622370305987,1.01367191515629,0.429318937966628,0.811743678609526,0.917819497605482
0.689410278797189,1.21929325544286,0.503527231305807,0.916493373271973,0.994325293655959
0.549143221303123,0.913268789352702,0.392978949657056,0.770677284372497,0.879496132927701
0.651286280005808,1.15451125863763,0.479907146314012,0.880382761975806,0.969967727682445
0.613362154554415,1.0645722032931,0.447902699289065,0.840117533150506,0.938376860759524
0.748072280208218,1.33967335097756,0.552414551813415,0.972769241415789,1.03518110968052
0.812682126345067,1.45472865790422,0.601533515850522,1.02900882671026,1.07500016000647
0.403495063971646,0.618376659032958,0.284655128454201,0.613445686005297,0.749332755864753
0.639304862504873,1.09926042414576,0.462200806423971,0.866485743565556,0.957745875885726
0.583828912343981,1.01541086573324,0.434960475932073,0.810892165289469,0.91170526969913
0.700832039141345,1.22888735564161,0.511221951045682,0.922728664968581,0.996101805567853
0.705419952291664,1.25822719415078,0.521051998383169,0.932186693906815,1.00678993297964
0.590459611532418,1.03348752409918,0.436650455908255,0.821988861046715,0.929500316089997
0.665833081106233,1.16424626947058,0.484998304456098,0.89302266308386,0.977452344177415
0.639300897836763,1.11042579988402,0.465658792184615,0.867870815309026,0.960094779017068
0.559318964270867,0.954228841427123,0.407910385683036,0.78551023095802,0.895482168845422
0.634435832205486,1.12871991713536,0.470704920698823,0.865969584708167,0.961624369358436
0.544383854984362,0.914021275748522,0.392424529790792,0.767537042082043,0.878858026804407
0.507385261687906,0.893696010396349,0.37915740223422,0.736835034802153,0.863448365218507
0.398098850443054,0.625377547341636,0.282557006118561,0.610218992140093,0.747992351620791
0.332774968592776,0.52277879830059,0.236765610848631,0.533868410331487,0.679994827637143
0.438504450135911,0.723605916360807,0.315070772433207,0.655952359520236,0.785876081414466
0.596826728116134,1.04833726055081,0.437415694857255,0.824114558395957,0.927123512507437
0.661428285213037,1.17707972986077,0.487642028739119,0.890636064376562,0.977518013340939
0.665008119757663,1.17465486514139,0.492274464987496,0.891685847755709,0.976597956381403
0.450925763747339,0.755796988177266,0.32842770809696,0.672273761319903,0.805547659390418
0.606698237259338,1.05959615449053,0.445438269189114,0.835613690352665,0.937013957579865
0.538360106092372,0.918237625731011,0.394064319587764,0.762882468899437,0.873463911209091
0.510727990205927,0.868831859070411,0.373439056344036,0.736344498593048,0.858357579950635
0.490909454623399,0.80821146470057,0.354265247773409,0.713678209154808,0.837902212835806
0.866124140439929,1.5605598197295,0.646765878844241,1.08128451985058,1.11430751543499
0.533743257445345,0.909576986557219,0.389626815190702,0.760223223268603,0.878487768672898
0.477188687118643,0.775483298200231,0.34403756365843,0.695999165607348,0.82897976039823
0.678013283728169,1.19259766085049,0.494594710366516,0.907708755307812,0.989350530513011
0.611100315951216,1.06973387948987,0.450996440009592,0.839707917806575,0.939293802164824
0.520083019693435,0.899444863524231,0.385828158947809,0.747003889144556,0.863641671700843
0.582863074941165,1.02252091714711,0.433474377710657,0.813849818216334,0.920752406922356
0.728422816147214,1.30540691425777,0.538164441779288,0.956189997110546,1.0246118745281
0.870792632991071,1.5612126236729,0.649005094496709,1.08302650784584,1.11534146826741
0.406159630403349,0.655815690601496,0.286709309030089,0.617324177837544,0.749316583707116
0.480033330721706,0.80768652398773,0.349342429050714,0.702408673832034,0.825833989889425
0.640642750212866,1.11649231562337,0.465833740439117,0.867657981544517,0.959553125819173
0.785116640502871,1.41105559471905,0.590615196713763,1.00771345593271,1.06130915737077
0.68491571643903,1.20821582981577,0.502222603556096,0.91170134078277,0.991329642390827
0.569437919777248,0.975951455722247,0.415174160547414,0.79584433911839,0.904011067175436
0.740040979806622,1.33807948475667,0.54958443465617,0.972443941921692,1.03821225536332
0.608678023524115,1.0511274495036,0.441734060070628,0.836275984227147,0.937597309273587
0.670269216184578,1.17125620524257,0.486676481434814,0.89532679641236,0.977683833999974
0.621818500544402,1.08739873631156,0.457882580198952,0.853303587228936,0.953009678370071
0.55769111373172,0.943429998679348,0.402918404436937,0.780691740336281,0.88780741162008
0.575721226395616,1.00830117039317,0.420564019223916,0.803213150691666,0.91409272797634
0.551613917667655,0.956171287379875,0.406948825329219,0.777518641570267,0.886530818960267
0.738017325405676,1.31005731076745,0.545269989082011,0.959431455408925,1.02391827950988
0.658375477181198,1.16636162448277,0.485369309222742,0.886796442169859,0.974036250934165
0.657894790789526,1.14689200380221,0.488301165830453,0.881389002951436,0.964492765292605
0.526751486386455,0.910029055416571,0.385247541833936,0.750745082034216,0.866709863479516
0.754385949484797,1.34307176452222,0.556939261664224,0.975750759978892,1.03627297373014
0.60429711379477,1.0730423645035,0.456044329925548,0.833333907385527,0.930350789234923
0.5856831248461,0.993939850082798,0.425521894933701,0.812746165017588,0.91852419303025
0.6982718811433,1.24925338324837,0.518652937312135,0.926342925234732,1.00311969605507
0.549899615481867,0.959582078209794,0.404324231192315,0.779140385955383,0.89919415208397
0.508106758311655,0.838979025163174,0.367378025367814,0.731311415608869,0.854146501129912
0.437660983224293,0.725462598333588,0.315125656763884,0.655184350285898,0.78542014300319
0.591342079121821,1.02806048884482,0.433844287141665,0.821390388486862,0.928987436611477
0.605560355617677,1.05631908499246,0.448713438319666,0.83228538203478,0.928861405390138
0.412085657733087,0.61283268351629,0.296562376410773,0.618433173177138,0.757683181797939
0.585171012511182,0.99538137855224,0.425214100051113,0.812080046362514,0.91775029687885
0.313958536224896,0.481881120728852,0.221103017636697,0.507481471494866,0.657416751272147
0.505214906609074,0.832419927414502,0.361736694278762,0.726316725853959,0.84570629511589
0.591304018973653,1.03816144694858,0.434377761084621,0.820676666026624,0.927455298573217
0.633012421705574,1.10928160135582,0.463946488737001,0.863542933285017,0.959155248485328
0.722781985599551,1.28986154348433,0.533557893812062,0.949388390897084,1.01871828809495
0.617246781271218,1.06112906933303,0.447180268212388,0.842054825003174,0.937108196879217
0.699466848741261,1.24611347616864,0.519658115968405,0.926731792086614,1.0032117816997
0.53772588332929,0.884282325957184,0.390604022988151,0.76243307376345,0.881970976956017
0.543520113391846,0.927546360300276,0.398107405594244,0.769980074169924,0.882967163672137
0.657715804729569,1.16046863849771,0.48707759185689,0.886753479876082,0.974377654840112
0.512711249032341,0.877793890541381,0.376446680680738,0.739575540561751,0.863688951075204
0.340413643197252,0.553283640832797,0.245267302966636,0.542445279057786,0.697047260305264
0.697791780572965,1.23911270694127,0.512129675050755,0.926309261004633,1.00262178955348
0.630098729193165,1.10286197384754,0.46416084395258,0.857278425481685,0.951058788575563
0.566731752895448,0.933738789187022,0.406636647705063,0.789771585900665,0.896484262119969
0.62543853350597,1.0569953339731,0.447817278258057,0.848647583741436,0.93996457617094
0.542926903010182,0.917902900697262,0.394651877714847,0.768006399589366,0.880875163970457
0.45449727497997,0.756535752558678,0.325704678270858,0.673004133235832,0.805304806326029
0.438347322226243,0.732892944914305,0.31824902087536,0.65720160050086,0.788164457107719
0.485935998765972,0.814634214519989,0.35450472649698,0.709596742423804,0.831984443543463
0.594798403082569,1.02490121901174,0.431612483489785,0.819969714046816,0.921618934303325
0.478659924156121,0.797934717444614,0.347021966007874,0.700574894412184,0.823556018634366
0.624691295459345,1.08374727041542,0.456006283764137,0.853025323777642,0.949449520980323
0.538410635125432,0.907895546330642,0.386295745924653,0.759849201548939,0.871816047034695
0.65322470704762,1.16148125472198,0.482932006686026,0.883139803688182,0.972369084996513
0.525340113392181,0.892417057318028,0.382935697142529,0.748076393193267,0.859441306249459
0.565471123216713,0.974741601124129,0.41278224200529,0.789701196008248,0.895604161110522
0.576009086027818,0.996228000219501,0.424812838583561,0.806319676725118,0.916445169300918
0.518813267348037,0.899123710018021,0.384517194808939,0.746397134305572,0.865891383989666
0.666624566733297,1.19838063565583,0.497750767722533,0.89951239044596,0.986379798534434
0.429830814725858,0.721609323608397,0.314667474605811,0.649257365505894,0.794406614825968
0.39422412538568,0.649895903879945,0.282844673936567,0.606241097320453,0.746448807464466
0.595739484086661,1.00888817832621,0.430078400196091,0.820882855275563,0.921989453978451
0.581521516470309,1.0213668111054,0.431278549182961,0.812387879174512,0.922162632095256
0.326459865015028,0.517065074283943,0.227688813975189,0.521034069964629,0.67184250681568
0.664679332406332,1.14925632874484,0.483801760653053,0.895345336022583,0.980763580474197
0.686341933546072,1.20811470101765,0.502416924039989,0.91375330452341,0.992552673183018
0.570149901259842,0.978759834779453,0.413224325129635,0.794649452988172,0.901982248024182
0.611779004876461,1.07553957672188,0.453708670218497,0.842021156380849,0.942743596155656
0.64660172205724,1.11868243684684,0.467727016433925,0.8700878802909,0.957057202350179
0.368886074814322,0.629478155758953,0.271691008125347,0.578579789339364,0.721994221773492
0.500334039608748,0.848906591526343,0.366452916312107,0.723694192725302,0.840545598401069
0.46869942832573,0.792158280443407,0.345337723915832,0.693440978462203,0.821471304033733
0.619030217815476,1.08392306933887,0.45730325675922,0.84617381659643,0.941623786841488
0.286406635038639,0.418212522639145,0.198252921117408,0.466065622472526,0.613580190655286
0.572335999654486,0.984238655783625,0.416034660180893,0.797535873136284,0.904685091694988
0.637533690478248,1.1021071424319,0.463447463772569,0.862991514329946,0.952911349211026
0.418455155895385,0.697303224988387,0.300716872855174,0.633389247993824,0.770050201806315
0.614413028152287,1.05231044294099,0.443930815325604,0.837339096289441,0.931605355320004
0.58624854168345,1.01757968698289,0.432063629208645,0.812572648182078,0.913989094709518
0.52340463668472,0.878386944529366,0.379361438796688,0.74683033049732,0.861100467135159
0.726786829280546,1.29480279399797,0.533462220747916,0.95437807279691,1.02200145274019
0.345481896873178,0.580585039842426,0.253624700118813,0.551296489001811,0.701900641090781
0.806692474344268,1.46893716864517,0.6014236931194,1.03661723708518,1.08395807077519
0.884041069673572,1.59076998149569,0.657141391136603,1.09859547061859,1.12700232338981
0.666158344300536,1.16759862013924,0.48941585461793,0.891833935136665,0.974897121815578
0.628503900342508,1.09031709325012,0.457084071374885,0.85164139686691,0.942627452061768
0.591074861960646,1.0277261551089,0.433577908361002,0.818334304618396,0.92173590354141
0.621400404887021,1.06664943344419,0.454964320314409,0.852225274716444,0.95163894593679
0.392478989348777,0.59906022259989,0.274977087039214,0.602049432940911,0.734478543114701
0.443123116493522,0.75970603956351,0.327422724864811,0.665312290404625,0.800071624376511
0.337007707082063,0.556819049642634,0.243012312782368,0.538123229467618,0.679481374534067
0.362585841367995,0.577249694511128,0.251584748686731,0.564431756330831,0.700549800351739
0.712248498601189,1.26244486061962,0.522661760118796,0.937472489442163,1.00935425799613
0.677652047571484,1.2020714042447,0.503160074425843,0.906225627248667,0.988642599806559
0.563635664443933,0.954654377366667,0.408034657682438,0.789419775002671,0.901365947764181
0.655476024059184,1.13306439574794,0.47384979699173,0.881333342011687,0.965851059115664
0.595499787877262,1.02088135243259,0.435852525847866,0.825385310374965,0.932503030683701
0.919843563776023,1.64710846211283,0.686131779892018,1.1345999659001,1.1536958063016
0.427666928616022,0.700984822043178,0.312518059276215,0.647716262033859,0.784541790572891
0.737924706373201,1.33508554175053,0.548434279420514,0.967098932383864,1.03415840316546
0.620028351044837,1.08340571552615,0.454336184155462,0.846284503686696,0.941497164984142
0.590133125107322,1.01711827384656,0.430812765392116,0.817318728783992,0.921371256610528
0.429795144602083,0.730379057937613,0.317399552757976,0.649644091894246,0.779819535296787
0.752198556367789,1.34570985794182,0.55698559962846,0.975508138567053,1.0373460303267
0.614210603437822,1.0956230325925,0.459983716049402,0.847845385479108,0.949534885599353
0.657459337914033,1.1875994015945,0.490713839305342,0.890619734290817,0.980584898901472
0.528188658245771,0.932488862759799,0.393956410913604,0.760083862607534,0.891057210282944
0.611164651184961,1.05507913281583,0.443405354736168,0.836296319882484,0.933446361602483
0.710269825072488,1.26242585200167,0.522371380606554,0.93530636973351,1.00718646981593
0.666840424623503,1.19165885361023,0.495893315037143,0.896683504721774,0.982592004277667
0.587708550961556,1.01408462747213,0.432867748562052,0.812235859106038,0.910906063508478
0.641109486881152,1.11256219683536,0.46471872750175,0.866436407700083,0.956143876846021
0.84691299044621,1.5237435028518,0.634221095962939,1.0630269765258,1.10051317933039
0.713002850559463,1.25967371866534,0.520363307543386,0.937498571374664,1.00797855205972
0.791311896212127,1.4088426898928,0.593949163599612,1.00921970332997,1.05993855945652
0.697970805329268,1.22787859307408,0.512045256803695,0.921095225272075,0.995739185773225
0.508377510791144,0.829162359742171,0.365401999529326,0.730266281136869,0.849834203107636
0.741174966563351,1.32695470349824,0.5469090185992,0.967802336460107,1.03248866450481
0.737224091595561,1.3101330264369,0.546835755809962,0.959108877394346,1.02411329040206
0.608307041345115,1.05031430140671,0.444018585864823,0.837098905772218,0.937981345572739
0.182944911177265,0.295119432170214,0.125263049247346,0.316074913021481,0.442135345046634
0.665711230029637,1.16865705584923,0.487561991775779,0.892733753665404,0.977116062739169
0.408461557519442,0.682261438721202,0.296615817594501,0.624385539665183,0.763765066125701
0.768151179520862,1.37452946669671,0.565407068766137,0.992812278332124,1.04908653195371
0.46509382394483,0.778751418164624,0.338861419526333,0.687979316447999,0.822365021560675
0.540815415633851,0.928527108127146,0.396440421574854,0.767133350055202,0.880809808922483
0.465416489843674,0.772532594874709,0.337357172782103,0.686904038481336,0.818853053558171
0.475066760089191,0.791866261917523,0.344724265475271,0.697282344904584,0.823373011682446
0.475767749276276,0.821218645809441,0.351664851276841,0.697498775027083,0.820635372270125
0.610080218099104,1.07067018238958,0.449791425243778,0.835670688718348,0.932115538139857
0.746475480833941,1.32420744970392,0.551011416873759,0.966820412310312,1.02900360521512
0.839094240615669,1.5212474212244,0.622967800405944,1.06408517831644,1.10229399423354
0.600446773178141,1.05191816914411,0.442254995319289,0.829398949245898,0.93232293054937
0.6039379287641,1.04864206386804,0.443110707800225,0.83187683023393,0.93266876478387
0.508395059673705,0.868590029509458,0.374141531586515,0.732681213704832,0.848305806577702
0.585309622590234,1.01494936260526,0.430161138907992,0.813403821198074,0.918356557868496
0.455843535237124,0.720675969607461,0.323556288628384,0.671244301763985,0.801792470635695
0.359922427839448,0.614552113424143,0.264206407158735,0.56728441119434,0.714845631756698
0.439530287062419,0.733551915859734,0.323145494942314,0.662004650629037,0.796211753072234
0.405187471292177,0.653716690755548,0.290751016109007,0.619439544380699,0.760094341754651
0.605476567071254,1.04769785029949,0.442175360052333,0.834557355583038,0.937519476001721
0.527160093175811,0.919997219641429,0.392926834471741,0.75866520650952,0.884529865381404
0.696556263845831,1.22932761724973,0.509013549913346,0.925707851354686,1.00127741593959
0.684429747859898,1.22138406485622,0.507840634758151,0.913569218182992,0.995119886795469
0.726429774323084,1.2886211784516,0.530866340182317,0.952524974675856,1.01907901651739
0.703078607241205,1.24283704415994,0.514822680230652,0.92729820364255,1.00065548062326
0.419275534145578,0.715769829638535,0.305346027985563,0.633875014848582,0.768100044278021
0.697997451634015,1.24558432279307,0.518285489527143,0.925529267539352,1.00220951186573
0.389838261886668,0.634336515437795,0.281004737867399,0.602860684529939,0.742239735744564
0.671739449251679,1.19754788884286,0.497221990047568,0.902797313228627,0.987086156062238
0.790363984826844,1.41585571458054,0.585573359519169,1.01053740351123,1.06301665081198
0.852320064640514,1.54130605039688,0.633439962212005,1.07181281482006,1.10813395421612
0.565514387571824,0.963943780529192,0.414707019979842,0.794140647349864,0.906443656617781
0.511373659286363,0.857561977806975,0.371684958009698,0.735944119266213,0.855411680924646
0.432595063994163,0.711004297895011,0.309370679541119,0.648694267556172,0.779734635078022
0.394904466596306,0.64797419788345,0.286818954554125,0.609517943128327,0.753926657310644
0.736652832722874,1.3222733702751,0.546263676657058,0.965669801199274,1.03224400988918
0.597789083108514,1.05886344646684,0.444690731304506,0.829685154544978,0.935390012721769
0.712113224475275,1.26436561117129,0.522340156521147,0.938786459488854,1.01071705456436
0.512517558074076,0.884327431209138,0.379150149398855,0.736917982574487,0.852707370726951
0.700100798246814,1.22808684074887,0.512693502630659,0.922450762650754,0.996739687792254
0.536169707415933,0.904908246697737,0.388737954853103,0.759353421643198,0.870481061531882
0.776370854223306,1.40128001680481,0.576431511198288,1.002602487595,1.05874000707497
0.673491607185487,1.18056768476086,0.491557923214037,0.898784978353369,0.980364211598586
0.703376930358105,1.24269227496086,0.515307761424699,0.928530318880164,1.00283908834855
0.579908682819284,1.01214711047939,0.427843814898852,0.808865846534026,0.915723235920787
0.767520474760252,1.37467188357258,0.565355659634226,0.990913328112554,1.04803027881426
0.537524967031073,0.926803532594492,0.39858348934681,0.766602450759035,0.882081399098942
0.644241777067279,1.12332093632552,0.47122873150163,0.868080946861006,0.95535475427745
0.612354182860126,1.07334390149297,0.4527525177203,0.839808602400292,0.936566113620703
0.751004691387821,1.34237487680302,0.55186621337779,0.976904509857602,1.03783864654366
0.482765198241695,0.822580994290866,0.356464607702892,0.708341027479701,0.832884801992096
0.696305911234831,1.23470555355743,0.512044011959894,0.924787046187323,1.0019555081028
0.632590337216029,1.105378491668,0.460533208475005,0.860550310824536,0.954720956213478
0.629065281873491,1.110018497036,0.465901033684748,0.8623132869748,0.96059840367616
0.771036108324195,1.38236371470517,0.570355703349191,0.994805279305255,1.05197098936884
0.434663765640802,0.729678397734858,0.320718166204091,0.657020801361069,0.790732181207649
0.70900331155133,1.25717433570624,0.521526094620989,0.934096075779625,1.00706000280375
0.507264104301705,0.868010344626634,0.371468805094126,0.733146247135795,0.857470275853486
0.636932661181337,1.11191786156466,0.465505739508624,0.864894922863363,0.957483518640849
0.536804733211199,0.913562542144613,0.389707081155591,0.762020657461751,0.879319115338737
0.466342444175915,0.794908153461149,0.348004462853938,0.694185399075076,0.827232675012831
0.487499864852822,0.827821184652304,0.357008635222752,0.709468883232911,0.828418549454259
0.523562170764501,0.904903708002093,0.384572847205417,0.749021220032689,0.866814475473352
0.36698315314123,0.583695623400808,0.255903578594272,0.570066429358596,0.700682726748782
0.522839628697741,0.905411805683006,0.386364557074143,0.750587824278073,0.870213353189226
0.643094146024813,1.1227880486336,0.475737508683423,0.867918622075639,0.95528968808136
0.673245952824495,1.19242833966666,0.494448596425147,0.903750508575571,0.987951122251445
0.585465454088252,1.01901768184432,0.434566240325458,0.814114919804251,0.917397717686137
0.702061088972114,1.24339855933881,0.513394599985476,0.931104453868151,1.0063174536132
0.684069332246141,1.19348178099952,0.498259129506977,0.913396868142326,0.991382882707589
0.500107877526949,0.837342576913027,0.367267643033384,0.72635657201068,0.854403607625767
0.779615934868605,1.40347203590353,0.578477939795537,1.00360405608553,1.05865344370043
0.708344127229115,1.27323530088118,0.526152051324339,0.938163026730164,1.01289508722283
0.621627603646044,1.07856821610043,0.452561556327517,0.847539913865583,0.942369637476324
0.389650672954544,0.664033945678067,0.285079056045875,0.599503844966403,0.735354157112549
0.768622733783693,1.36202792934,0.564053209840789,0.986031504556123,1.04229773438183
0.718794274277401,1.27957215946436,0.53171803549623,0.945213619987849,1.0165678900178
0.526737669432735,0.923969157172978,0.397836237141136,0.755361321821621,0.868923990409375
0.714228837338557,1.26590143388292,0.525994427992146,0.937746471547258,1.00878084822448
0.482486688231739,0.814437574079133,0.353922964027485,0.708014651704093,0.837237189486091
0.459206937613172,0.790951629029231,0.338458910857663,0.679804893853325,0.806733915765904
0.640440878270408,1.15279057147212,0.478786339606382,0.872482882900316,0.966624997467912
0.577667593725015,0.997297207264176,0.424434274033894,0.806598203925249,0.915116187087949
0.561300682251637,0.949537260262489,0.409784660719113,0.789235844387015,0.904221590773166
0.624598792452592,1.08186811481209,0.455469544442618,0.847928041942286,0.940226212552585
0.374378075946721,0.623370984888439,0.271571987057171,0.575249909437887,0.697062182796618
0.680266966446329,1.21532734543183,0.503330117107266,0.912498804137116,0.996306071178886
0.438503697586,0.692682333342995,0.312051403961736,0.653983903633887,0.788517976209244
0.47256325929744,0.773023031985215,0.342750222586262,0.693562077143544,0.826246100549209
0.546114696536277,0.925991292368535,0.394556780489482,0.769976420998603,0.882942576697318
0.431392992352958,0.714715405692999,0.313070014545719,0.649878497955134,0.779916931928694
0.665974037539518,1.1817647932373,0.491318369915537,0.897226463606914,0.983952484237192
0.697037785621519,1.23178154619474,0.512361435714545,0.921896374644292,0.997435166619138
0.649274659702916,1.152086121227,0.479795819706815,0.880709226914774,0.97280336104292
0.424312208347399,0.697959471899837,0.309440102333666,0.643262428808854,0.782559672810449
0.174506022206513,0.237102063159657,0.113279429318255,0.301196124142594,0.419138893227162
0.659255521493605,1.16694635464361,0.486375032057647,0.88744671743979,0.973561349656258
0.402712668990635,0.67679175115919,0.295119813672554,0.611173621060149,0.733189302663798
0.514285672750348,0.869259246405022,0.372631826108362,0.73787606343777,0.857469441620708
0.508502449513283,0.860040695035892,0.3698888285057,0.733499732864147,0.859346050875469
0.618567531597499,1.07273626931215,0.452086119075512,0.847954816472994,0.946734668771136
0.412102086401193,0.668536230265675,0.291790543454886,0.621549743784861,0.742921356679453
0.626904055457802,1.07863948164364,0.453962687879602,0.848875075786917,0.939209300036054
0.663503925442393,1.15517953307336,0.482409687333531,0.887078455506836,0.970250676723089
0.464348400592818,0.79182921141369,0.342139315763189,0.68816422472684,0.817836369012065
0.389220000087326,0.649447518972406,0.289987984226972,0.606665923366254,0.76123867792364
0.589752490941917,1.01858346883848,0.429099197858677,0.814474397327014,0.916888249676706
0.4573488896189,0.739407904943795,0.332066006754687,0.676844057479836,0.817160872734723
0.382749105583092,0.617385880243993,0.272063473974253,0.592160779157384,0.729349462507233
0.274980544536501,0.434756148176183,0.197360627685949,0.46107451082068,0.608859947521581
0.601538126135288,1.03790341944488,0.440750917759413,0.827667840723526,0.926716992940469
0.605263133253099,1.0550898507171,0.443285043790533,0.833082935122355,0.934474773928206
0.756661097359997,1.35841723488218,0.559696622982775,0.981477200348516,1.04210858341083
0.669925370367723,1.1746359720057,0.487827562936698,0.895947706599495,0.977897900652287
0.796729601745999,1.44894759863288,0.594377208496869,1.02311383130532,1.07358737983544
