Bahrain,Monaco,Monza,Silverstone,Suzuka
3.88814555614996,5.29882138675581,3.43239989588242,5.91304386083466,6.30415250631207
3.41519884529487,4.55817289752534,3.00581841175432,5.37975986195288,5.90940806579895
4.71257469400297,6.57054938081129,4.18318967865374,6.80070991349165,6.92544909139377
3.02763242955388,3.93733543530969,2.6303928551831,4.91630472959283,5.54622848348595
3.63351670456173,5.00776946467105,3.24414696849343,5.65813299652919,6.15013587821721
4.43735060317695,6.09685694916934,3.88841053694975,6.4935544676601,6.69781843889698
3.82116666938004,5.16110534156711,3.38432658000628,5.81819803601927,6.21444755702788
4.11036765357007,5.65298327476418,3.60878765942544,6.1728611568271,6.48956039597572
1.58694933166061,1.96213936131117,1.30962677168894,2.95478004339938,3.83050939755531
3.71408522627331,5.01629890356896,3.26867195919122,5.71961514451483,6.16214268473095
4.45226668338617,6.26503916763478,3.97257872136071,6.59281395705607,6.80123260333088
3.41552921566893,4.53485584920263,2.97420076034054,5.3569343575999,5.87190797522209
2.72642305529601,3.59794862558385,2.41126103933856,4.52555446594398,5.13727981442292
4.52432199922931,6.26543005903078,3.99719146810368,6.58732015296764,6.76685601529085
5.23329566914698,7.27210043633184,4.65618890177191,7.31791291649022,7.28868035660755
3.78661524388116,5.1259445791113,3.35140205998624,5.78767776567019,6.19643649746878
3.96816475887597,5.41101475465927,3.52515928958968,5.98027966487975,6.32890049331864
4.2804597255925,5.84735694018398,3.7360353731147,6.34641965271289,6.59107226184948
3.44831434920306,4.79428865965841,3.13809930809389,5.43945405331006,5.96101553215022
3.38631847788601,4.48780550443144,2.94801079239272,5.32962455367792,5.86415317512682
3.9050013023837,5.32435863307823,3.45238020963661,5.93230748680141,6.31682659032838
3.77618284392595,5.12569717379492,3.30401228540206,5.77210023930555,6.19962861263276
3.21118221231066,4.20835810126474,2.78669628103783,5.12454521330921,5.70240426761175
4.37924876552886,6.1092712050879,3.89006226269983,6.46882640612582,6.70196269334304
3.65050736360697,4.97944000865417,3.22594852950013,5.64963835688781,6.11784314447809
3.41473419148483,4.54217554638262,2.97200047903638,5.374414165796,5.93636401593047
2.98301668543536,3.84165362910841,2.61515603793027,4.87745489230525,5.57151523230632
3.0389344128474,4.07028679079911,2.68851743316776,4.95061149494141,5.59576939889022
3.07057242821162,4.23864129830372,2.78584562139574,5.02544810623494,5.69983203682816
4.37027629092301,6.04925494683163,3.84219641932887,6.45506508342128,6.68273579996579
3.28792594715847,4.3514774073633,2.86813371118339,5.2120917516437,5.76069748811672
4.99691699684002,6.97899118046629,4.43595324693035,7.10762698134562,7.1440925642812
2.72790980964891,3.47324182849854,2.34381477289519,4.53055884996961,5.16017242677532
3.66892455428491,4.96829669425899,3.23932572184601,5.64989302181187,6.08721874472829
2.97054691667284,3.84742776780319,2.56223670489808,4.83705054256902,5.4746093779996
3.67220269163309,4.94090019591558,3.20959921275624,5.65657748348792,6.11064132001002
4.57487402978531,6.39983081302264,4.08474129256288,6.67971825072437,6.85512631902384
2.78228142210359,3.5785190960148,2.40611828559112,4.61704617278776,5.28909883914264
4.35431953264976,6.03564112711273,3.8394237149246,6.44506787759233,6.68182413205309
3.86654717884373,5.3152609793922,3.42296046506362,5.9110669513084,6.32443899813964
3.48462363843027,4.66386781873957,3.06922040378799,5.43974254580791,5.92747270641026
4.04080350905882,5.48017827166782,3.53761374497231,6.06504861485527,6.40168600333215
4.09881391705265,5.50205880731442,3.55539961722871,6.14005313321975,6.43747456662742
4.3415442009568,6.05193348267883,3.84679177277922,6.44879983094323,6.6946233430639
2.76075633310425,3.62818268968859,2.42108834895816,4.61074462197982,5.33546897846966
3.19008068819257,4.40654501543371,2.91335105967346,5.18904867148636,5.85380251483005
2.96370730583173,3.7924734462264,2.55836226532203,4.83223428582891,5.46074659434287
3.59508306279457,4.77157344790699,3.11417267762032,5.56516773023029,6.04178474410739
4.3608365159063,6.0541598710417,3.90209563504518,6.43387959551452,6.67572280264584
2.23756343107821,2.79582331646387,1.90579337887046,3.91792820360649,4.71961807068953
4.01742195107833,5.43390775487916,3.50679607956495,6.02941542562227,6.36398979566526
2.34167682374895,2.92432960259857,2.0022590753541,4.06276719080325,4.8150426940006
2.53883072901579,3.31674975783345,2.23075703313607,4.32297151755428,5.01732944010826
3.18226149605765,4.17399749335947,2.78212294847245,5.09918391242794,5.67799136610266
2.55760318934684,3.16862210245069,2.15147575980964,4.31394022308078,5.02003695155715
4.12713607908734,5.76613843940547,3.68236350364675,6.23798576704158,6.57541479728519
3.22563600634121,4.24031206714967,2.82681535197389,5.16190457696751,5.81906047705007
3.77155580426604,5.10051110748184,3.30631782649089,5.79701925776639,6.24784350462863
3.31307092050482,4.43317041110702,2.91705252425843,5.246745325252,5.78514157673433
2.69449169928007,3.40888443822896,2.31327676578359,4.50502900420342,5.18517920955319
4.53240953140018,6.33688099160998,4.03739247951562,6.63782969980172,6.82617651464256
3.60000639183494,4.75827884169464,3.10696725457299,5.56018926225337,6.02532881100545
2.93720141633092,3.9192664601298,2.59644470098905,4.82365605493818,5.48524795370401
3.33212113070117,4.3913340127335,2.89803381769084,5.2738477348081,5.84212060998571
3.22713533491045,4.24719398236233,2.81532557589934,5.14991387678578,5.72372607718455
3.67175402129393,4.94749281299074,3.22827941439975,5.68287681468528,6.15223483084642
3.97513923327307,5.39155035360619,3.50065354469772,5.98556383370089,6.33751985446263
4.78546574111032,6.67899174755958,4.25494092275589,6.87942028666646,6.98324852300436
1.85379128767565,2.16649126094293,1.51811141748575,3.37915293404718,4.14005867296687
3.0342168947526,4.10065855427808,2.65810463789125,4.92796703010774,5.59031066617384
4.01398696145871,5.49416822097478,3.53483936367679,6.06944807032442,6.42797645512718
3.71736011955911,5.06953708753489,3.30184067159515,5.71484799162546,6.14335821504411
3.00184356385786,3.87323793827949,2.58038388843596,4.86987600519704,5.49787959898457
2.91271348587542,3.92727579165548,2.5773850884714,4.80286723385109,5.51278612841862
4.30868013308986,5.98139382094438,3.8101848670647,6.39653383134929,6.65783797719456
3.22374095822403,4.33869095752629,2.88005252264823,5.1966600269233,5.83722251683792
4.78312184402923,6.63003283534276,4.2342612693068,6.85500942789723,6.95978872711501
3.67474273357381,5.00860135229524,3.26014205840908,5.68318141832007,6.13911629996504
3.63708041029191,4.97772510735388,3.23704589359537,5.65631436528695,6.14012880502278
4.53765686475181,6.31443839275072,4.00953086264071,6.63364927151531,6.81153371806357
2.8035889772412,3.73620784667703,2.47346547137119,4.6682332724579,5.39167546118637
3.48829804393798,4.67998025948847,3.08638016099414,5.48594317954411,6.02682827767617
3.69402260587041,4.96704098636182,3.22874929971058,5.68532265307926,6.13373613847968
2.81953193381026,3.65894205576411,2.43224173149907,4.65297806625548,5.31280451492209
4.50990290202687,6.21146883701669,3.97290434691414,6.56619172457438,6.75061355154107
3.92458250504854,5.34022789722974,3.45426221676735,5.93883628497466,6.30970623604864
2.62092002290526,3.4890039459348,2.32937601687714,4.45289907747563,5.21878781361045
4.68044850991159,6.58240101194972,4.19688767122898,6.80233598722314,6.94904175317972
3.09972769020677,4.12632894024046,2.74364841397136,5.03166029461892,5.68353738754471
2.6271235758261,3.38359056679755,2.26283960180932,4.422561526997,5.13452577441332
3.73011487365496,5.07394501743985,3.2866988559484,5.75101204143609,6.2050352195314
4.03329955340092,5.54201898815188,3.58511568488483,6.06408876545715,6.40087718323157
4.18140484643608,5.80107303710881,3.75537333355425,6.24493403129433,6.54258178661035
3.18564983102835,4.20256652005432,2.80329599848271,5.11646264370791,5.70713383599881
3.75455515178879,4.97632990532187,3.26457453768351,5.75953850658299,6.18831416286611
3.65535242534075,4.90710995931601,3.19938261945206,5.65435645442633,6.12926790088025
4.77730699076885,6.68564244347668,4.25010057986637,6.8791967114459,6.98475173931118
4.14470172788835,5.7618377954246,3.70332533877934,6.21492329151317,6.53787339509849
3.34378222494515,4.37637345187201,2.88147016903777,5.2672661320569,5.81092856226066
3.12924452752325,4.02826951463364,2.71943577097113,5.03699285098081,5.66577780322674
4.07721125475208,5.52550191598647,3.55045272777422,6.10725784697652,6.42562649797835
3.39696891645121,4.52593465851456,2.95837284783075,5.34857155406672,5.89823950272697
4.46125926711812,6.17232062590688,3.954360894191,6.53321661734439,6.7407947960034
3.92213327166461,5.33139392313671,3.43282561112481,5.94550936669252,6.32483041704233
3.54578735299494,4.71203120326803,3.08015804164095,5.51304109752044,6.00764136918383
4.3720177322219,6.14567365090679,3.91293591111948,6.48505048773952,6.72992203490686
3.95597951973707,5.38632857000429,3.48347844848849,5.99220515150203,6.36666556748207
3.52735537430011,4.81486851123835,3.16355745488171,5.53850855517969,6.05037777783273
5.24994931830035,7.29812068547078,4.6755038724812,7.33364192190586,7.29730058784677
3.19437325389973,4.20455287142809,2.77435251634167,5.08365563405785,5.62419272811521
4.02498587952446,5.54896902686617,3.61438519806853,6.06335905436757,6.39956607885962
3.54737640103469,4.78003934494827,3.11736483457671,5.52526350798758,6.01771404456102
3.52732612092628,4.75862818076436,3.11591968511163,5.51109972855967,6.01353216956694
1.56436347449603,2.06394852859596,1.35292544476176,2.93169967157592,3.80786922569557
3.26602216805188,4.33552633528325,2.87389287627512,5.20831240905613,5.7798409865691
2.77291501836261,3.63981534020274,2.43991344710311,4.60881515102165,5.2496741075166
4.22474410516625,5.78858889021475,3.75868137917242,6.2612022753542,6.53581595154984
3.96867727560176,5.35463112146981,3.4503687403021,5.99280541752419,6.34646517231084
3.5686542444098,4.78271045578197,3.13843774698246,5.54389212158771,6.02041683633883
3.71367119625444,5.07236256274914,3.28313036533939,5.72780856653113,6.18369940035158
4.03040934761423,5.62113689702351,3.58435283314593,6.10970704972351,6.4804612018003
3.31719706343685,4.43451499439967,2.90274638983968,5.26678761738843,5.85302764215793
3.59319593855037,4.83288732310632,3.14957313358479,5.58646417193481,6.08035936263147
2.86306272366661,3.75890894564685,2.49475386596971,4.71914038571845,5.38428264317757
4.54463849081677,6.32791996719451,4.03854415078608,6.63096093607323,6.81242036493695
3.11773552458199,4.100820487854,2.72159346598887,5.03180950724551,5.66622713523726
4.39404490104012,6.02422832330716,3.86881127474809,6.43257565658327,6.65323919582929
3.76033619632402,5.15198733314493,3.35283313917957,5.79737836234661,6.24450960373218
3.48560197008393,4.75789627273054,3.08932851116557,5.46982235084078,5.99534338842118
3.21329809032574,4.24728086088264,2.83480812839715,5.16216990486965,5.78495830370562
3.61138102644467,4.84104790720661,3.18710419093468,5.580810966824,6.02870308628811
3.70712845743534,5.00434786247832,3.24357200041036,5.71846325215324,6.1838413409521
2.73809297600637,3.40717369286797,2.3481230389721,4.55939570036836,5.23926216288415
3.45179872030697,4.55873238406716,2.9953053696929,5.39328515463309,5.89515082498782
3.33537174579481,4.3630726869071,2.89955776303042,5.27163568200316,5.81553373253408
2.9960358285992,3.93348035525901,2.60637202911575,4.87861281153151,5.521237790137
3.47950935400136,4.62029121190466,3.02688840473947,5.4387029187284,5.95362649990473
3.95323048501637,5.45242453429412,3.52174720098585,6.02247713981193,6.41216663957506
4.07780960033681,5.58262920555863,3.57678011313086,6.13583982243916,6.46718354873303
3.47762453674558,4.62130766935682,3.03337136656341,5.43308286657164,5.93894045099562
3.175724558394,4.22894298877668,2.78279518293294,5.10556080483276,5.7354882826436
4.18611688267304,5.79900733998624,3.72519455309958,6.26339687006592,6.5715085175925
3.07914351336412,4.00200196025421,2.65281407033855,4.95477137385702,5.54282381003941
2.17206130749148,2.80535701821506,1.91835577124183,3.86500442908407,4.74807628071342
3.01644869384572,3.94619207678125,2.65020329952573,4.92178881818577,5.56811311193828
3.48990506741227,4.65023858639957,3.04501616362075,5.45094685037324,5.95715251323015
4.06012907342661,5.54035732938279,3.54511087163821,6.09588876050581,6.42205840638899
3.7946109140232,5.21522460912378,3.36239688381269,5.82726606210903,6.26710916151148
3.89557221230422,5.21332894932904,3.39100529996248,5.92677462458652,6.31730856227469
2.83011435517541,3.67917668956773,2.48656759628112,4.699057680153,5.37739869699376
2.24077955561874,2.70213833807208,1.88581684754755,3.91876416194748,4.68474465883495
3.53409803293061,4.8624104776862,3.20863743467986,5.54148715040021,6.03435965318846
4.08785279212946,5.62194133922048,3.59884878230394,6.14738693656651,6.47191079874623
3.07859699951612,4.02507758176545,2.67990069033014,4.98001052132333,5.61650261712749
4.45918428710571,6.1357901059299,3.91126027149957,6.55276633890173,6.73684652546772
4.56483498788145,6.31168763937785,4.0597147310145,6.62719895538189,6.79424840439554
2.01805688534878,2.46589914817099,1.71745988979893,3.63402521018827,4.44397136133118
4.14658932533038,5.75994145769128,3.65815740297831,6.22678605358104,6.5402467459854
3.5495411091237,4.88239028928066,3.19920604702194,5.56572705901009,6.07001903829107
3.1102770186281,4.13184940665486,2.71808383961035,5.01361645100796,5.62222727683169
4.10931355574605,5.69815011892863,3.67499764573099,6.18020798069876,6.515035763452
3.62238162941695,4.91191931335123,3.19841443246784,5.63465491600474,6.12802696747091
3.74064829496054,5.05329374863259,3.31330813386901,5.73629430627209,6.15883122889472
3.57413535873315,4.87451309159606,3.2004014980632,5.53939972008609,5.99007549415144
2.56974007158407,3.41342673380207,2.31845497518234,4.40216884090213,5.28626841186925
4.37377266306504,6.07447850844433,3.88607405891885,6.451020423859,6.6880502040347
4.11243348072556,5.63761325455248,3.61402933349641,6.15153508458488,6.46869482648129
4.50314807313005,6.25027956657385,3.99596456248628,6.58881652959689,6.78706652813567
3.16112045127296,4.13664572774828,2.73111250554368,5.05844845827309,5.64534341112649
3.17248207944334,4.19372277995406,2.80305734015194,5.11710529888049,5.76312864414509
3.26101914825676,4.3546330066391,2.86378716527931,5.19927794676318,5.77705541297921
3.32771965422497,4.39962673147831,2.92089537525051,5.28810441510817,5.87653627335829
3.67066304975702,4.91602892957597,3.1993285918287,5.66049617689752,6.11774764238965
4.1432379520688,5.66609875252735,3.63336830431462,6.17849039651263,6.47984400571606
3.3560984371523,4.42397609729978,2.91621901870592,5.27512745280639,5.7837110927856
4.34025934423553,6.04282742343745,3.85558982990825,6.42763548280463,6.6770741556501
3.05822934720298,4.09055728361163,2.69294139581472,4.96525099102557,5.60242212876473
3.16592301515235,4.13129509243587,2.75037607520428,5.07730993718641,5.67322270142192
3.65501127184624,4.85405874770076,3.16625314821934,5.62782741098366,6.07759779007786
2.50688588998533,3.14578862743367,2.10336597123101,4.23215418726985,4.9047463929248
3.77333428937829,5.20125267857855,3.3574580625534,5.80693061533998,6.24694040917471
3.27561759686006,4.39606320736348,2.89409505679837,5.21704710435486,5.78073026766907
2.88478617618163,3.70974443100099,2.50118637167955,4.74383818091886,5.41418616911689
3.43969473277874,4.63222861679615,3.05405064824613,5.43749860099504,6.00177039643776
3.74051011556549,5.08667832378096,3.2995833789745,5.75711831861159,6.20696314248654
4.92753735442204,6.89314321071785,4.39498897514594,7.02938079713911,7.09181180371591
3.96857049667357,5.38586042105743,3.47984298345233,5.99194996022703,6.35695939032601
1.84820991817713,2.15772472624548,1.55508309340703,3.38030316972893,4.23404058432101
3.41104126089867,4.55138404588131,2.97406120255296,5.3523658281842,5.86885063874248
2.99905478825915,3.92259922193391,2.60639654951079,4.87960323739049,5.51226819215749
3.18414110081511,4.09428322160823,2.76402716836116,5.09794333728779,5.70434995207086
2.93576340578973,3.8999591792034,2.61493877278351,4.84271687549588,5.51484829927067
2.27015711031528,2.84683412701076,1.94971418098198,3.97303240342954,4.7089772994488
3.75337188580315,5.04099964219875,3.32023816163993,5.7242509076528,6.11558513326478
3.33758963696157,4.37419535497909,2.88618409733509,5.26549929656521,5.81204049016237
3.04023524797089,4.00342088634099,2.69314060645483,4.90403977077609,5.44481684832362
2.58776342912009,3.26279395396864,2.27390555979136,4.39284464582723,5.18544400616143
3.30608387226198,4.4883772893844,2.93392409920193,5.27685496903311,5.88194365517152
2.46526876950023,3.29994219971508,2.23965832898459,4.28655544977231,5.12724018688144
3.22478734779385,4.19849308914318,2.77650562580924,5.12934705801663,5.70094362675376
3.80281033671904,5.11507082171873,3.31335289162456,5.80050010933795,6.20808134003129
3.92923100417952,5.35035596865138,3.4459578427831,5.94759971818726,6.3237174707027
3.89460317699567,5.31226136031494,3.42498574230977,5.93685548094464,6.34555762971471
3.21579393730217,4.22189701735109,2.80494978204389,5.14473283336788,5.74470141321051
3.99723688977448,5.52707061655774,3.5556082233542,6.05976706723134,6.43417387250839
2.60016540957991,3.23189296151216,2.27474541781586,4.41035178456031,5.1912558673464
2.63943862435072,3.45694357412062,2.30446269265847,4.45455958136133,5.22487065776988
3.79756417505567,5.14305979692615,3.33707636616256,5.81354281303287,6.23373399689862
2.75499614838168,3.69395657630869,2.43122279251651,4.60708088757861,5.356130614174
4.56137242972034,6.33096036532204,4.04021245228046,6.63061970337377,6.80227948524209
4.2076295978721,5.76830406357211,3.71965602524658,6.24521388715478,6.52640406107585
4.38082496257723,6.07933304390645,3.87344589965794,6.45881021988553,6.69284715545534
3.94373485194634,5.35744796750252,3.46001545846366,5.9761832325838,6.34678362545619
4.1088399710682,5.62548582327673,3.60811000253236,6.155048864321,6.47201263544274
2.22034866678051,2.48864900703849,1.86491356485349,3.83628202466089,4.60828233773017
4.31077704157499,5.9235411284497,3.82639423443926,6.35264926163098,6.59798974780061
3.56839304069693,4.82906937771079,3.17598345158101,5.53767597737748,5.99458690325616
3.31488417082633,4.3726746999082,2.89084799834572,5.25724947732238,5.82668964408448
4.64727902188779,6.54071652120634,4.15614696045975,6.77644277795671,6.9312516721387
2.61877628604474,3.40957522632385,2.26753459103913,4.41941701768633,5.17235135881918
3.73738273383857,5.03810210609974,3.28993180489352,5.72709564615315,6.15041736664915
4.8362229251969,6.84649115801641,4.33002778023739,6.98777215281314,7.07517124944251
2.27755125849538,2.91339249799652,1.96557108494467,3.96466730311229,4.67468799985062
4.38446211615864,6.07785749231567,3.88943635586784,6.45019918514972,6.6805674084943
2.90998065302128,3.78148812178335,2.52343049607582,4.75460700288733,5.3589548081934
4.69631995644279,6.54566480117114,4.19029754934536,6.78446565924877,6.91680874237905
3.73551943986136,5.09527479924406,3.31329225847799,5.75489352883434,6.19952058336101
3.93350360970389,5.43139917373785,3.51907220160508,5.98098689727747,6.36445644017064
2.27057129611038,2.95925423248419,2.00231355625577,3.99557481115289,4.80365602796058
4.01995894918711,5.49242734804258,3.55603467788364,6.04778783240942,6.39142342270759
1.61439366311551,2.05881033592887,1.36214481846867,3.00827881541213,3.85469946575959
3.25105730502616,4.36149367385841,2.85118235896747,5.17849563967334,5.75031122661558
3.08508327869804,3.96147536988743,2.68253809136605,4.98258232581938,5.63232209451111
4.15979408657695,5.6777042414501,3.63772903539156,6.21154774717533,6.50758729650933
3.47517263197572,4.7180706786493,3.08013484219214,5.46672602526462,6.00087038096032
3.63692538052223,4.92670692422305,3.21709978624194,5.63547744794823,6.10859360783041
2.80109954322648,3.76816847735885,2.50660647612099,4.64784975223464,5.29468132204594
3.24735873864727,4.25286876351371,2.80762258360242,5.16410550672992,5.74315295223352
3.20756058757719,4.21408104076152,2.78861537721724,5.12149701338753,5.69782058516082
4.99854747125664,6.99005959597973,4.44294794432923,7.09808893213902,7.13508594903309
4.57051058392967,6.43658130574382,4.08462704550604,6.69711674122454,6.87511612763775
2.09923172232612,2.6201420719681,1.82023907333314,3.75614676668676,4.59448756212493
2.43783834163148,3.25164270928474,2.13886746906848,4.19450712222273,4.9936688244829
3.36895537852376,4.57667758125405,3.00381900889037,5.34221925070464,5.88956879816678
3.27361532490394,4.25432780195992,2.80501286009607,5.17481432468793,5.72130782523981
2.80159252523085,3.61365078816743,2.42546320170175,4.64377574561576,5.32799162494761
3.45132126512511,4.56893037434943,2.99959321110727,5.40942296127067,5.93969073731262
3.25167012568567,4.50980600604592,2.91500226181728,5.22554531128316,5.85729905922688
3.48074040202407,4.63955329522548,3.04917763177945,5.45693748875758,5.98413238415286
3.92985963644921,5.36583677510459,3.45912277442152,5.98101712723923,6.37064974992335
3.97501949145571,5.49201251926471,3.56565771285923,6.02557897608455,6.39608187964369
4.16019506896918,5.68436175484808,3.63332246610254,6.21050510210112,6.50621796613523
2.31064339293152,2.98017221713022,2.01239142795618,4.02644424958331,4.76417018062674
2.13679492324556,2.41994758517293,1.76833411518629,3.76192043063596,4.51926847401107
3.89295893724753,5.31830588789446,3.46498097346893,5.9164106680714,6.29750995064392
4.32667998526292,5.987051221479,3.8126586985709,6.4011128319204,6.64931251643796
3.59501542945256,4.85361481455737,3.15842604759425,5.57737190621744,6.05698911379983
3.10235980165086,3.99948224416933,2.67878789095655,4.99423200592207,5.6100424382937
4.66348395695863,6.55747421116468,4.17309076451508,6.78255296426416,6.9271593033703
3.4662429295733,4.53866273352734,2.99417677448834,5.41874307364976,5.94480053985222
3.64170979235525,4.76075124085951,3.14021940861971,5.61339142411321,6.06871706233741
3.61277794654208,4.88419800787601,3.18487628727346,5.60069448220741,6.07093254000698
3.54942243789286,4.68985204728526,3.07859681201177,5.51591710994595,6.00764698522172
2.26905245063064,2.59230754340336,1.90383921137012,3.94067480475955,4.69645405509182
4.10594898135033,5.60752646097539,3.59784428483023,6.13822755541418,6.45187068953295
4.53168663375291,6.27336927770833,3.99567956659778,6.60704605141631,6.78629897154436
3.18186869856274,4.2570856367624,2.83364062903157,5.11392235665697,5.68180939814701
3.918792161619,5.32484267592882,3.45423658972666,5.93255671722983,6.30560285547972
3.44929060491372,4.59355230532956,3.00949529666799,5.40133386443179,5.91342796319918
1.3605075532383,1.79792988308619,1.20739531733147,2.63385214330826,3.47793490855068
3.5145904788992,4.70732510030389,3.0813586232667,5.48633687493392,5.99009202458704
3.31582103447129,4.49325965642442,2.94833455231078,5.26307853919356,5.80871890293743
4.04944951720165,5.44209403938398,3.50636810703355,6.07612627652922,6.39582160358483
3.44918801641476,4.56893831536072,3.0046911704972,5.406457327249,5.93133104678631
3.12193313463489,4.14196486188824,2.75772413380693,5.03417175389249,5.62191266412795
3.02659549752499,3.93571260264237,2.68288511000112,4.94705178655866,5.61551985872059
2.23897761560226,2.80966241365912,1.89384612185475,3.90595499299388,4.63649114734555
3.27313016901351,4.27589219999316,2.83660714247801,5.20025259697586,5.78927605512302
3.42481238245684,4.66192456208524,3.05367289321228,5.39245597892924,5.91208516064121
3.71449911760662,5.07435154383819,3.30099171115662,5.73300818371466,6.18960192203422
2.50288486822255,3.1885555046886,2.16390020447822,4.27854692791064,5.0413390176691
3.73046279058992,5.00679474299045,3.27530416660238,5.74837570020721,6.19475012349427
3.77444324199062,5.06569929155791,3.29305603669293,5.76932811244845,6.18637415952927
4.06126780441284,5.52227068233648,3.55813756459119,6.09948327719728,6.42804988174038
4.90443948823632,6.81042294024194,4.37051985918081,6.98131025315099,7.04847898505638
4.22162679343916,5.79391548206319,3.70430322667542,6.2698716053228,6.54728715935162
4.20067416410544,5.79149335024803,3.717389931742,6.24679649620361,6.53532715961598
4.01694906045388,5.49147939997696,3.53064069311431,6.06003804393447,6.41023559617398
2.02989560369857,2.49704853573563,1.70630639099865,3.62380477994677,4.46982476487402
4.48020240177957,6.20127892158199,3.98064472985907,6.54122856342682,6.73799576393563
4.60921410415399,6.37954598693746,4.06653093961344,6.68067501267879,6.83620647187152
3.0809720891712,3.90620556745292,2.66908131293389,4.97788623941181,5.59745408458528
4.35290611109658,5.95801253494264,3.82234887430271,6.39589357197928,6.62738404301965
3.72548610432911,4.99211429065118,3.25870064514809,5.72770467825277,6.17387986347561
2.77261936555151,3.47705746894106,2.3765680991574,4.5992733129888,5.26898929387771
4.01700968640397,5.59856208418057,3.5971516149611,6.10572864652773,6.4817920276881
3.58208068374855,4.85891490399306,3.15901765873372,5.57725612095391,6.07168049343192
3.30165437828447,4.41332156170916,2.90223905450738,5.2412527904523,5.79564919232319
3.78822775384488,5.21128054292294,3.35241079539349,5.82007224694945,6.2617317989746
3.38473561743083,4.57874856034116,2.99674883767236,5.35166138144452,5.89906656122913
3.76008896244016,5.11444913053395,3.3217705008578,5.76260538041533,6.18774209765969
2.03154351946329,2.35206655158742,1.69975811591432,3.64906891450657,4.40448659846085
3.6331823992721,4.92084129342614,3.20667402869695,5.61465516154366,6.06856622124852
3.69470870380433,4.96933095076978,3.24730322616553,5.71601974762534,6.18881264982799
2.73507260226672,3.30330109664955,2.31962160582364,4.5292739310587,5.20206402140369
4.28781998396342,5.8991988357124,3.78258612977168,6.33826286730156,6.5958554944488
4.20998881637366,5.76222673292619,3.71559462850425,6.23768392543881,6.51560387431505
3.89499211632848,5.28176927206175,3.3988912957674,5.91351730005608,6.29925996134962
3.55590591048384,4.77515954248362,3.12321064631542,5.54658500367293,6.05518508843306
4.75461277605182,6.69420226306978,4.24699009674129,6.89175948867153,6.99982027793342
4.42498052503826,6.08040220212964,3.88366831357145,6.48044038548761,6.68774000992793
4.66806348954196,6.57658840243339,4.17011636609715,6.79681579283523,6.93361666388896
3.16528358566631,4.01437780776712,2.69351517755192,5.04312850214383,5.61077338501197
3.28905242005073,4.35724335418009,2.87410631432061,5.23017344162591,5.80931579997577
3.13903410160927,4.30360616765061,2.78564965305019,5.07839992389164,5.75009484857887
2.48238584989067,3.27863103172973,2.21776709579116,4.28913760083443,5.07893918867543
4.67252459334316,6.53628248915637,4.15665734977717,6.77835265028251,6.9202194638822
3.67392274506165,4.95725161916243,3.22750222513596,5.66646962080444,6.12037849790934
2.07713100048642,2.72188606797963,1.82453042286355,3.68853835508584,4.44001360908616
3.24618512442889,4.36347073335487,2.88818960147459,5.20864972472821,5.81315572038101
1.96786094411246,2.47924439936102,1.70440590863729,3.57518026367411,4.39122259170597
3.80664203326988,5.14636227086849,3.37733808908954,5.80128987200382,6.19350975771999
3.54575104050202,4.80934893737607,3.14006323687709,5.53651642933662,6.03860794114847
3.36447664240943,4.44314343374824,2.91739460824495,5.29892302077507,5.83888278312002
3.87601156708416,5.21717052854838,3.3735064605014,5.87758526719228,6.26636690179746
3.43699616541523,4.5863809946421,3.01871999266061,5.41409460447458,5.9671389325383
3.00111404345319,3.95581963950624,2.607838136602,4.88703627481596,5.55874670632063
3.74577474826903,5.08393333142183,3.32123294674939,5.75085038325382,6.17677875145259
2.99498928464992,3.92363079154598,2.62158537973481,4.88272940220256,5.51095939325278
4.24262620508409,5.83124125994553,3.73413334359054,6.31801982900743,6.59480170065447
3.79614868727853,5.15704378749036,3.31356183167192,5.80225472180363,6.22769133885985
4.23002681927988,5.8720289838892,3.741547332186,6.30088360411273,6.58757889072858
3.15915595327856,4.14035538841025,2.75213487939261,5.06013445464935,5.62536144913855
1.75338492265276,2.10677675261128,1.49641929377021,3.186637999118,4.14398968230797
2.61516890756365,3.43274444368915,2.27176225538782,4.41138591186037,5.14548044139681
3.50954447211441,4.65896126245125,3.06367798833898,5.48369731968951,6.00057796191852
3.98392261837309,5.44393176396103,3.50379057621274,6.03327064615774,6.39748490675099
2.95598006113856,3.85377678266385,2.57271064869837,4.8325312888271,5.47602814488577
3.92817663984707,5.35357702590208,3.43160235435272,5.96640682674396,6.35458781650774
4.02871552713571,5.49077177596053,3.52582556977414,6.06877988018088,6.41208317042968
3.70963153222925,5.04328500504479,3.25790545660019,5.71516992242188,6.16907879505836
3.60809924470464,4.85820401271855,3.18283796636156,5.60563912202427,6.08880492234764
2.53655017935008,3.13408181309056,2.13500258364776,4.28636907593212,5.01588628762758
4.29065404701143,5.92427080574497,3.7891247161207,6.3512764049162,6.61157386484415
3.85594573551527,5.22818398361245,3.37018990144393,5.86113089146196,6.2560820489256
4.45227027199499,6.15566205811695,3.97260386250096,6.51109811041081,6.71309362050271
2.62825978551857,3.27476690514462,2.30106349531449,4.43781814021437,5.2126743786319
3.39457167805699,4.55978752307545,2.97914611838042,5.34294414414425,5.86961640813529
3.7394595711887,4.9439024000875,3.21722414314459,5.71025776624151,6.12191666424353
4.28686175970473,5.94945638113823,3.79353696684558,6.36263281846319,6.63079159559008
4.90961532995624,6.82988089177154,4.36368489109459,6.9940276743341,7.06293255357859
3.13560999193438,4.10407351796838,2.74618796920609,5.05709792084677,5.67923654471217
4.51220062611229,6.3598329261722,4.05678437281457,6.63312382874374,6.83468956807424
2.95045765985792,3.86198350063479,2.58075805061805,4.8326646272435,5.47853014195462
2.37547535421252,2.96780757786937,2.0272079365798,4.10293906729148,4.84761974877277
2.11502238426338,2.64619878250609,1.82772860327891,3.77396710506193,4.61796419843229
2.78581178912919,3.68716417341464,2.43619843298381,4.61522522390072,5.28017004347208
3.57339814313396,4.68349602101845,3.10679999144752,5.55319330545017,6.04798998045414
2.43280237539112,3.0925114425916,2.09197561862925,4.1812768907218,4.93418091533979
3.76717641431424,4.97619897364277,3.27336780256469,5.77434894421799,6.19989813456514
3.56235796359467,4.79333921794478,3.10534327882839,5.53360706237938,6.02344066560777
3.28596718366258,4.41153010957067,2.88595681472903,5.23494506024396,5.83037871435625
2.71246721951836,3.44017853435707,2.35631329869611,4.54230584651375,5.26630960056014
2.88337394312593,3.74036570323478,2.49719730835707,4.74323647856223,5.42539165366449
3.52461782928496,4.74462052710313,3.11466413386319,5.50480876327828,6.00283726225551
4.67354542424838,6.52200514315061,4.14843104138804,6.75952138882266,6.89401767441661
4.14835849200506,5.74778930926231,3.66432454405955,6.21696650865121,6.52998741692975
4.61194596797412,6.40214434257333,4.0730329233239,6.69138021135624,6.84541366834837
3.81422833988922,5.21840204277621,3.37811012042116,5.84077579260869,6.25922795358968
3.9443285178889,5.38382924895396,3.47604399802778,5.97270559036074,6.34746732247725
2.59273444203982,3.11378353193264,2.18661140177274,4.34590316259629,5.08498176978738
1.88922666554272,2.48482064549352,1.65690412578855,3.42281905942463,4.20078971054193
2.96588395009179,3.89579019758467,2.62859613860661,4.87737289556862,5.55172385556648
3.42654074042168,4.56844912322811,3.00368696196633,5.36475835329718,5.86024400027434
2.33265834533757,3.13436631511398,2.11328814201687,4.10136234424763,4.9246247530856
4.21552132624591,5.8760773365734,3.75547236707454,6.29585152835534,6.58976543962692
3.96951101693301,5.42043447668193,3.50045639980238,6.00277562530118,6.36841759451429
2.62002483380435,3.39798266550259,2.29340901031208,4.43816601215621,5.19500608437163
3.86674248844096,5.18494620323302,3.35934488673094,5.86765417032636,6.25514564943381
3.93320708400146,5.31846566669986,3.42679497804434,5.94446260507684,6.31166394580883
2.83230938353284,3.6408583700842,2.43152106146193,4.66538438820558,5.3227310508924
4.11737306099847,5.69660126218561,3.64778369506839,6.18972452122477,6.51705641656636
3.45834592907144,4.56939797826266,3.01090166287603,5.41933695300994,5.94530786139424
2.6979057872978,3.41194595678442,2.32052511144322,4.50852026278899,5.23420580553615
2.44674018309238,3.12531168362558,2.10026586004161,4.19086532003033,4.91713242255342
2.45827535190273,3.05746892118159,2.06069080599671,4.18259400715996,4.89179526686866
4.47193116852009,6.22625676052955,3.95575216216502,6.57073871161103,6.76991210679437
4.30790995806587,5.97434793970422,3.85968162791785,6.37562127877167,6.63275374009504
2.16990087751517,2.73853591640168,1.83554144814749,3.80544824047957,4.54969960701507
3.76676119964128,5.03438205619453,3.28231141613803,5.77700325473307,6.20964600583174
2.49430559326874,3.09858754768832,2.10778349441067,4.23694167594979,4.92163478687915
3.54028890010866,4.73326105727617,3.09430293481089,5.51663997674126,6.01676286248631
4.75534526408995,6.66574651896217,4.22410006100497,6.87099093878427,6.9784602213667
3.07919273568154,4.00980261727257,2.65419145376027,4.95227389972758,5.53517894103185
3.78602241588339,5.08541661496056,3.29909354926108,5.77522190394526,6.18572298139676
3.93749387357798,5.33023200296489,3.4433081173718,5.94899433959257,6.3159282357828
2.78539933008509,3.53410352972116,2.38625053208119,4.61160240574962,5.28259183511533
2.3071546978056,2.83501499167718,1.95010388107775,4.00801881810365,4.76611768660179
4.10605132163207,5.61576549031625,3.63631607505024,6.13694136462464,6.45183541745686
4.40452437824578,6.08893902138119,3.88869455066003,6.47842123032481,6.70010619333687
2.2393775354067,2.88489323128643,1.93375326586368,3.92127917001752,4.68468349095742
3.55591500844022,4.79027539865685,3.11688981295127,5.54159461410897,6.04823939764711
4.12110081881985,5.77745817606286,3.71766329593906,6.21527725859243,6.55129581662124
3.09850071397904,4.00422214824438,2.66731244949445,4.98303821625596,5.58198041245398
3.90666519432778,5.28789465461711,3.41369254462766,5.93439954305202,6.3224626421755
3.12901097212342,4.18819428955884,2.75561569287729,5.05319430359269,5.68417201216687
3.99479190385789,5.37652190246486,3.47011633348271,6.02903153407191,6.37114842734945
1.63525903507677,1.88634526573294,1.32837143006264,3.04971424032207,3.85673929146315
4.29682393978625,5.91877430812719,3.82226696200145,6.34696324005616,6.60111151726739
3.37262741240972,4.58600640534506,2.99273269548301,5.34139706859397,5.89850380385039
3.09202966088676,3.81383618934785,2.68471264376786,4.9602192203938,5.60541261682834
3.34065911910785,4.29496604324964,2.90226635050946,5.27912718057264,5.84860914187143
3.55713068106606,4.86684428713166,3.16195464682345,5.54840600761248,6.04204023884951
3.99164985967303,5.46091854300539,3.54495166664735,6.01375490312837,6.36210202899148
3.64425928402803,4.91160084234876,3.1738393512953,5.62101470690583,6.07954546501948
1.1329658145294,1.23571830759226,0.884549203347578,2.17360888775471,2.94181939657434
2.79933931996058,3.85160149119869,2.54223907804045,4.69321770744449,5.42074032338684
4.25807241001677,5.87635438731497,3.74351369454934,6.32408208401263,6.59483841687257
3.74901621379234,5.06171060988557,3.29604887744878,5.77847254413713,6.23382368900721
5.41733869853555,7.61519524732107,4.88863951947489,7.56224747605951,7.46552433801166
1.91389678829827,2.38238189923482,1.61178936454163,3.46351759652179,4.28549542667428
3.56552518508431,4.76714480287851,3.12154229336163,5.52973007076223,6.00218868067617
2.27681777264906,2.80456304430113,1.93477045577708,3.97461043817655,4.73770174019144
4.55643483562178,6.37575364440715,4.05975366750736,6.65974885696398,6.83534130478665
4.42677293860998,6.23049134959067,3.97558138876293,6.5679305373823,6.79892276727489
4.23137235017895,5.85812229471226,3.74712831677865,6.31174849189091,6.59794740402309
4.08356365284834,5.5423135003308,3.58986886818846,6.0945969596663,6.40908098722624
4.16074574786511,5.7396710480297,3.69464182155032,6.20778844737633,6.50828260819264
4.31672463994577,5.9666241761354,3.82536895870823,6.38283649334759,6.64110545372777
4.17263406094782,5.80166322246831,3.72833872629906,6.25458834921503,6.57082906942462
3.26769815902933,4.22143968172259,2.81008185160937,5.17845393063409,5.74236738949578
3.35689773027475,4.35199355577134,2.90846544732698,5.29679679727018,5.85240825562176
3.3038175200906,4.36536651212039,2.90157859623384,5.2535337843528,5.82133405997145
3.37647281738972,4.4664061550438,2.93803781410994,5.32032337052397,5.86259075864264
3.446110238436,4.61292205580589,3.04150262672586,5.43364751145246,5.98793967766745
2.84853913401923,3.68178710136871,2.48012154775214,4.71067215761308,5.4089372662451
3.14450907471241,4.15381920828721,2.75950114870398,5.06425649663163,5.66667209247347
2.90541766728303,3.92082584661439,2.58307216054107,4.7893081051552,5.4601608651726
4.672502420526,6.49296751628993,4.13441557224384,6.75273637755874,6.88727444608517
3.01350501182262,3.93768304396673,2.61223660813728,4.88973282368728,5.50943473238294
2.73386912105773,3.48380408754363,2.33167412596448,4.53717844551096,5.19711888957165
2.75479712554111,3.64385329677392,2.43798947104742,4.60986015359017,5.30396642268786
3.82298067460292,5.24194951573697,3.39483129946802,5.84071398638434,6.24980120665416
3.52521626804257,4.68989989136812,3.08047084279937,5.49875860974837,6.00220246334991
3.87459069478303,5.33255699717162,3.46685707908891,5.92279833753721,6.33048826539247
4.25659410818011,5.89740862214351,3.77861322477291,6.32010785224313,6.59555987324415
3.13771755454498,4.20100566053009,2.78125972165543,5.06887905144174,5.67944654562666
3.66920887437558,5.02347364492607,3.26258475455355,5.68650681558289,6.1581873039362
3.28348712318144,4.33574818417263,2.85362622901789,5.20999266648144,5.77531379600823
4.17812401246756,5.79288494875289,3.69036735122974,6.24978560164898,6.55324818612809
3.28148809639738,4.39196466042557,2.89533881010746,5.23275386575407,5.8143559506576
2.18369136074768,3.00230471877813,1.96827432277926,3.87808203042987,4.78512705977588
2.81038353084528,3.73393685765609,2.47132800124168,4.6615779618902,5.33924264745754
3.87705447475385,5.36666649195199,3.49925775776196,5.92199724323999,6.31955641654086
2.86865891885285,3.81805659848768,2.58546756641157,4.77548219154211,5.56587866340064
4.55016434244462,6.32173236852655,4.03628847973616,6.6370869575578,6.8171640241577
4.34348905648113,5.96372983234602,3.80029606554142,6.39663480201303,6.62810310640076
3.43156834780867,4.61537054178125,3.04809636742986,5.37363004502523,5.85745531057486
3.84654771466276,5.21490972477078,3.37895519964439,5.85787877582012,6.25967691910923
2.22105396512616,2.73993402783712,1.85959647140616,3.87876865055946,4.61888992238711
3.72017110865077,5.07452167655432,3.27795543720535,5.74131649136366,6.20277753003855
3.02043243767453,3.9778583896451,2.67328510278766,4.93968570847144,5.62068326338537
3.93528308791055,5.40037774117946,3.47811929145752,5.96130208454398,6.33177284717505
4.24296562386876,5.83411558535908,3.72877515855948,6.30265467760387,6.57354225139916
3.33106182340348,4.36410957271979,2.88809846913839,5.26546892744168,5.82273714687327
4.43950545125741,6.21820461323103,3.95194435188381,6.56279562228698,6.78717207102935
3.65358746071809,4.92167080602196,3.2168961611254,5.63674828651503,6.08388791098887
4.01542945157424,5.55332709650992,3.57370779410429,6.08060784706193,6.44422988128618
3.91912143237207,5.28281774971609,3.41721169369573,5.91782837359281,6.28330036094304
3.01187040384326,4.08203262300885,2.6697839972123,4.91096476179797,5.559043914616
2.35324131242299,3.00259825600498,2.02695250555892,4.07421865668621,4.80974198027211
4.5910491715956,6.43280410692278,4.09756806754923,6.68958341338515,6.85775617886689
3.69124726189471,4.9664410906165,3.22921110194256,5.68771449816888,6.13983127708743
2.81840599078789,3.71704863428535,2.49895264379106,4.69633495067881,5.44927947406332
3.74491226940048,5.09660388578088,3.32736870353423,5.74452190057101,6.16812484509103
4.54781637096273,6.28109792499732,4.11661037817547,6.60912042691124,6.7761494010354
2.72125854924451,3.54459945004273,2.35791684772389,4.54346063971771,5.24752346444491
2.93229657018801,3.89849221512635,2.59362856436176,4.82069881483171,5.47551433017045
4.02518900392458,5.45896692772535,3.51740621831086,6.05043492647919,6.39140419022457
3.95679864306806,5.48678420536658,3.52718372702307,6.01628094200458,6.39983736824986
3.47748802043467,4.69757448342532,3.06629547896286,5.44728082562052,5.9564014157177
4.37292332933463,6.06411419198445,3.88881425033461,6.448298644661,6.69190974118465
4.86978962416852,6.78502240503455,4.33541848464633,6.9602506961384,7.04123495908777
3.48743663291733,4.69239944351236,3.07295751908552,5.47043022086258,5.99557350572753
3.22687274525126,4.23528011958381,2.83177249896193,5.16716921358349,5.76932031996807
4.46706177994268,6.21236952956292,3.95572827976625,6.56017139987116,6.76344971223969
2.53755154507665,3.38411535032079,2.25247420153948,4.32514358919995,5.04728630014333
4.62647290865931,6.46488566603306,4.09664991711904,6.72904803367668,6.87737270817431
3.8551595679019,5.23746390762247,3.38497623535396,5.87899382987906,6.28513174607602
3.151329314686,4.18685207048568,2.78595113809555,5.08979617836286,5.7188937560757
2.76318859807491,3.58491294570937,2.42391736396811,4.61728417666274,5.32368449529237
2.6900179508913,3.46573314715711,2.34188877409895,4.50911762091759,5.17780911520069
4.09247528737998,5.66908589469229,3.62541426657638,6.15932019448371,6.498036792113
3.64622710470939,4.8748780000668,3.16085753956284,5.62984053719115,6.10159209792072
2.97092494160418,3.77919249626173,2.57939555934036,4.84534319466672,5.49988880240423
4.60106392350659,6.39891107227603,4.07813889268188,6.68479727663199,6.84597482312626
3.96341413848619,5.45736048638679,3.51179296886723,6.00310261943873,6.3787361735783
3.90721425676373,5.35310473483814,3.45259056876494,5.93198826887572,6.31829791341019
3.4474109974774,4.54683122522702,2.99041154838367,5.3889960186767,5.89212100054144
3.33681582858399,4.401145850301,2.90701378889853,5.28318287371562,5.872516541361
3.83989234573327,5.22200389839247,3.3727658016875,5.85899576198353,6.26895829844937
3.1999200762969,4.23611843999328,2.80172589805849,5.11893702060684,5.69437470618897
3.09202640922486,3.92693355603241,2.64578520555462,4.96687027078965,5.54843153018815
1.74029935159568,2.07484972832193,1.44482042671045,3.21709759592837,4.04264307510926
3.8759742387571,5.21887605388769,3.38803469960932,5.86730183453398,6.24085252126024
4.41714809733975,6.09586113747184,3.88089456768829,6.50949373237091,6.7108275964279
3.07915498675681,4.11351880653476,2.73574444801661,5.00773152807747,5.64319115124631
1.76143327997213,2.07045328584623,1.44498801878737,3.23703510761689,4.05154412661077
3.03553904815522,3.98353588583936,2.64708010291728,4.93164130080954,5.58351670199658
3.96921767645039,5.38751126859769,3.47754823042703,5.99223122630163,6.35462888759467
3.05875315508751,4.14673022316554,2.72842801978422,4.99502479793893,5.68535017307697
3.29012703836257,4.2939766779747,2.8428999233154,5.21735795825538,5.81486028808378
3.1345358282283,4.12853304155624,2.73144307670062,5.04502130691937,5.66134115635111
1.93664033591211,2.3510621862423,1.60308807302601,3.47669388000427,4.19068213936725
3.9170059795373,5.32132701567498,3.43471371268786,5.94817062067491,6.33354552598718
4.45733673760194,6.22731575826243,3.96443083072211,6.54296378510753,6.75407636219722
2.65446153601548,3.38750555808075,2.26081744026113,4.43051400550312,5.08950525666013
2.82866016267042,3.50804827240084,2.41097430918521,4.65321258898606,5.32702028078792
2.52617514529553,3.22557512298278,2.21589870457633,4.3235317774851,5.09847876725226
4.15534569646127,5.76772257852292,3.68378819663734,6.23485076480093,6.546362236799
3.65552145287246,4.95057562120161,3.20755447388973,5.6470433563227,6.10995458370024
3.91740936939594,5.33013015412273,3.45502870171243,5.94232319131901,6.32378414011066
5.13725365604197,7.14871485192865,4.56685682833206,7.2241638002505,7.2239584037035
2.96060875838888,3.93795987060812,2.61359920529378,4.85519112821017,5.51140680303629
2.90107174838194,3.68823197948552,2.47883223498345,4.74548376246539,5.39354982860438
2.53541123446648,3.31008712922894,2.23072074156946,4.32689577346909,5.04310239106123
2.70065233104023,3.49046213862521,2.31899876541098,4.4999834665036,5.17232159335277
2.41891039245633,3.07161681164546,2.08290566546759,4.16064205600915,4.8772997017096
2.14357353487507,2.5722534168332,1.77203457444236,3.77111167592503,4.54590699765218
3.87819996186658,5.37151303303927,3.4408861932807,5.93336484969425,6.34950868093454
3.57394741968654,4.89676951965559,3.16996177047883,5.5772630284676,6.0850070142176
4.54629737354002,6.4263953915083,4.07685539910647,6.67440968085205,6.85862160872667
2.56856174757787,3.21187045693608,2.17132676803957,4.32899033905178,5.01114067013823
3.54003340668326,4.83330575581421,3.13998758198139,5.54680991717653,6.07509278609728
4.72800270101562,6.53518322228757,4.17192321033731,6.79296991454016,6.91120065146152
2.99743103172633,3.97758978964462,2.64403676246474,4.90225237827108,5.56398463252072
3.06221142179819,4.12023141930841,2.73166733626298,4.96011711910891,5.54579381500849
3.59147289363174,4.89012621867198,3.17487927778073,5.60078935522343,6.10776632994486
4.26848223971975,5.89584008414159,3.7682409865766,6.33935333870453,6.60580246639767
4.0627034941892,5.62608121128758,3.61230600505649,6.10962731112337,6.44557725641132
3.8642102901733,5.25695944247243,3.4125402281703,5.87683770147376,6.26760645100716
3.08702347057535,4.10203736294279,2.74733889488011,4.98413764678948,5.53819518357046
3.47530339451067,4.71978326637219,3.08807074810923,5.44378794241721,5.94828396648882
2.52559329382038,3.16870629565629,2.17958921945139,4.30212748495215,5.05257037237494
4.14938800637171,5.71559853371796,3.65657871287804,6.19761351376203,6.50183884219645
4.14576674512193,5.66223029836072,3.6507832822741,6.17234375385203,6.47232556946365
3.54479743765121,4.78115681842144,3.13522033313123,5.52579453070323,6.00876247958494
2.89976105721581,3.76803052752857,2.50081200209289,4.75619905067134,5.43351284471421
2.28789449481347,2.97194021977291,2.01106749598528,4.01461648357672,4.82351930238811
4.19860755859449,5.82737926347241,3.73569250968044,6.27115043828607,6.56782469192057
3.8119126431193,5.19061409482848,3.34937123949918,5.81930903273465,6.2292767088842
3.73943911700907,5.09281960651822,3.30562900832647,5.74916251642055,6.18676424851447
2.64132628392031,3.4325260307697,2.29846150068427,4.44982928556598,5.15333209618948
3.76435392327254,5.12200197458665,3.31253397252007,5.76579937829623,6.19177933132544
3.96245969918599,5.46288183845464,3.48729479488397,6.01589464381394,6.40217946367715
4.30144706014388,6.05433077447714,3.84666830876147,6.41442617120022,6.69413037217634
3.50488932024239,4.73282395914586,3.101748956712,5.51033874897528,6.06195742460757
2.87902489890959,3.78824140496047,2.531577524019,4.73656496636094,5.35976891533866
2.51357929187307,3.26643553242976,2.18597470303457,4.29220387242367,5.0595370466238
4.73015082222424,6.58488508201217,4.18549808433186,6.82573527860995,6.94518779182622
2.97381747640981,3.92398173829878,2.59450909477515,4.84322951198235,5.46245888297162
3.52507447319528,4.7301176764104,3.09568054109558,5.49860832163384,5.99892473738614
4.38115911821636,6.09430683663998,3.89764903884027,6.45211060626186,6.68290649369187
3.70952504817208,5.06545727708445,3.30244522916571,5.72403130174979,6.17178717184564
3.72626513404433,4.99761348988324,3.24962333094395,5.7047929902369,6.1281619873961
3.07073731131926,4.08778135526566,2.73049766040293,5.00344256281931,5.65760304855687
3.06540279323126,4.03699170940234,2.66821734262753,4.95532888127787,5.56628477337053
3.22870700647952,4.08072357761199,2.78319669310523,5.12886342292239,5.71094569662
4.05508516315335,5.58283655238989,3.5852753314165,6.09590200070437,6.43863082854708
3.29857367463376,4.3161902802911,2.85452654387238,5.22514720451081,5.78947956109003
4.01922312944051,5.51371442980256,3.53106872911496,6.05567925573417,6.40252398547033
1.33069438916079,1.65061175326885,1.16100529665825,2.60784807613539,3.48387123420785
4.27041460704463,5.87566491120633,3.77196736633759,6.32711859900293,6.59412866009282
3.00755950051062,4.06466524323329,2.67230371830719,4.89931414398993,5.5241736465464
3.88069190050413,5.23832911865492,3.38662142089939,5.90481664391144,6.29761817904523
3.94342093440276,5.49555624439164,3.52782673544917,6.01844151321457,6.42001733349908
3.59300557507169,4.79786173637224,3.13882993289408,5.57954633544242,6.06773748303946
3.84213478124739,5.15510984731304,3.34319988963985,5.84495040710448,6.23893190321257
4.5265954939055,6.26083756563751,3.99754939899628,6.60100955156832,6.7824514258894
4.42284789111521,6.14969072039966,3.92652367413918,6.51341978781031,6.73832368862979
3.96003374100632,5.3996505104876,3.46614211250234,5.99456281034386,6.36944125088772
3.80871583851913,5.16582414710884,3.34861677341767,5.81070534493962,6.22015500875941
3.47158621812904,4.67595206974021,3.06556417663555,5.45629354757315,5.99061751332032
2.38092864465373,2.81739052381126,2.00992541227692,4.09172489329127,4.86065296060012
4.01760870840872,5.49174133339435,3.55094802809622,6.04020588702392,6.38472702970154
3.6956413847438,5.05238213527762,3.28899587245746,5.70462936844953,6.15394549863749
2.66999805603647,3.4241341774708,2.31259877455712,4.48543884083356,5.18273887403216
4.0806511433307,5.60105582923815,3.5866335334901,6.12674158106529,6.45432441826149
3.51977876164943,4.77987108098569,3.12873919413292,5.520567453342,6.03891032129936
4.10025645857087,5.64889418457622,3.64609037066663,6.149191253706,6.47546487343489
2.83833472904763,3.74839081827339,2.47250652288732,4.69228269169959,5.39711387473638
4.45027366524277,6.26045791457396,4.03108426458433,6.57450074571658,6.80776958999538
2.88422346334518,3.74962854504363,2.51662063678962,4.74170235110682,5.3733115446813
3.3178026861775,4.40492510964892,2.92198324224159,5.28211328192,5.89165592747686
3.86638684439263,5.27432379017451,3.39977837761215,5.88239619951149,6.27880791918993
4.59948701775621,6.43730420763463,4.09479440889314,6.71166578953078,6.87655895027422
4.09005462101458,5.58003676255558,3.58374497818844,6.14995005630487,6.47600220981877
1.98826862875584,2.57340101770354,1.74060972234667,3.59839093419053,4.48073846456601
4.50856879009776,6.23616181852502,3.96814778742919,6.5933529204338,6.77402651862458
2.89554766771896,3.85114080688336,2.53711155758503,4.76832206045431,5.46145234684104
2.5443712513649,3.23643153921405,2.18285730743471,4.31930300230465,5.06459270182104
4.7917229457332,6.66554160903238,4.24229702338955,6.87229765015264,6.97075074202151
4.28739010366205,5.91556642527491,3.81032768635481,6.3397409959607,6.60096263934602
3.64648064915353,4.94890702714493,3.23522367375305,5.64350000021025,6.10207296618557
2.92811074807922,3.91254547360203,2.59468810634823,4.82055702961924,5.49138044441541
4.53789413293453,6.30740682767701,4.00518928957078,6.62781510720563,6.80438892828755
4.39545422557843,6.09630290169484,3.89065695465851,6.47492804374427,6.6995138422305
3.62837143046219,4.84323621348482,3.151965400167,5.60295101955095,6.0674918456802
3.76699492101609,5.15192301589058,3.3085028108227,5.79772966365107,6.24980728128698
3.45697244613396,4.61495381861433,3.03077362166852,5.42157777084922,5.94042639888142
5.1074009727781,7.15700648636098,4.55475536195144,7.2278132356537,7.23465157778313
2.78546682567563,3.58907197057815,2.40674160491941,4.61978979097771,5.29474027668716
4.28481900713213,5.90567054849387,3.77660181135987,6.34389299118935,6.60489846918174
4.19416714250024,5.76374576722106,3.70788725689812,6.23200034467314,6.51661932578943
3.38474086098605,4.4489150535209,2.9483903207258,5.33657265816006,5.9015506964821
4.14788725946444,5.71659592798966,3.70737619275742,6.19043308445335,6.4932665716622
2.43257868957453,3.26921026543489,2.20267633495012,4.19921120001806,4.90895764755072
3.65882655594163,4.85715997093815,3.18150739573167,5.64587713593995,6.10530562938444
4.33882488845922,5.92649516303593,3.81161884127477,6.37361612281554,6.61094947310387
3.00667944023365,3.9812265181092,2.63932283701777,4.90814033093103,5.58212673294151
3.21569474794051,4.30529108369763,2.82532665092976,5.14511580915282,5.73308613563212
3.63826382528488,4.85593195604212,3.16189041251281,5.6009394433526,6.04582421724508
4.33832419142812,6.03296887959021,3.84528277834463,6.41866447559959,6.66082246059961
3.0725673795358,4.11088829007812,2.73043287339421,4.99812642253822,5.6308951031929
4.17058015559797,5.85775516448268,3.75729622723016,6.28048980434716,6.60443711282852
3.92513684207018,5.38959450550314,3.47429753881437,5.97938569914709,6.36887082621347
3.68113284023469,5.01671211282184,3.25583524778826,5.69800053778521,6.1692207618407
3.7842231628785,5.08142181520697,3.29824920554366,5.7991176756681,6.23029768072239
4.13975696813729,5.69472282783477,3.67191747197862,6.18501813526214,6.49242622474228
4.25885495299103,5.80703964636469,3.72939163949707,6.29615460971605,6.55778584935866
4.39192924688619,6.15167568818515,3.90351598170327,6.5121933927152,6.74361021337198
3.62773755780163,4.75661639891158,3.13896761191451,5.60563687196475,6.07419033814849
3.87604192784832,5.26162387136415,3.42666674319537,5.88556477223445,6.27153570131462
4.36421236241169,6.01084466194847,3.83569292634588,6.43284096306513,6.6615454310024
3.10621657941593,4.19933818085845,2.82647290301529,5.08845403542462,5.76815079013787
3.30268912948185,4.41770212020562,2.90145324318692,5.25437007212194,5.83863521870901
2.30280004111307,2.86496948697606,1.94411486503725,3.99413412619564,4.73145896151489
3.03715408480991,4.05041454919101,2.69948068852791,4.95519250261778,5.59287288248221
2.47111775211111,3.1068857980927,2.08629746152785,4.20621593443523,4.93977077104388
3.96358042326269,5.33139726948466,3.43551161144514,5.98924843621343,6.34485571468756
2.88303328205734,3.78157839871271,2.54743711542086,4.76420940876043,5.52904973369743
3.86078194124349,5.30105278123275,3.40817686771728,5.89649560925681,6.30956077165706
4.05510664914798,5.58735966005564,3.57481829863648,6.10797050088539,6.44549479678182
2.24300502532963,2.84060714668548,1.95322221153482,3.93651242365397,4.81078274765416
3.66097147100521,4.98488905390912,3.23949831709504,5.67085391794585,6.14230900982077
3.37424729361042,4.62641859152696,3.00340633429798,5.34814674178059,5.91399683409879
3.54122142254348,4.72796750512653,3.08905346245346,5.51727290457477,6.02561527485538
2.95477716228535,3.86424846019195,2.5833387771144,4.83679941792467,5.48115307309934
4.09786129644694,5.61883113399721,3.67342424205002,6.12576330332928,6.43225446241957
4.00717266660877,5.51795993026468,3.53783942387126,6.0460178884118,6.40188482422059
4.26445954886587,5.91108925322645,3.77845349740841,6.31906030127346,6.58774522529514
2.81995277374661,3.65784652686544,2.47675473540992,4.68653107272172,5.36870906187147
2.83116656132436,3.68526841500083,2.47359048055729,4.69326235800715,5.38807215128133
3.97286381854742,5.41213823424194,3.4884368850816,6.00860880332436,6.37390940903741
4.8316073396785,6.74288586017433,4.27398609193211,6.95090389136125,7.02283345639411
3.88550327987412,5.2974131313602,3.44399740351048,5.94474371408587,6.35940166321271
3.53498870721505,4.7815892733815,3.13874579496023,5.54571939199244,6.07489466176869
4.87450251394318,6.79640853920295,4.36780947747639,6.96854033464012,7.04685123657939
2.88157910687947,3.70277578206181,2.49282933020704,4.73996178318919,5.40037854480234
4.5257556196454,6.33692737620713,4.02180811466839,6.63552671682493,6.82093825659076
3.05825745332064,4.10130423432014,2.73743730934312,4.99846608437461,5.65865016567583
2.21641416027805,2.76134354233182,1.91027231962796,3.9117317420769,4.68183721806238
3.4251014488667,4.57355687682008,2.99868853375485,5.37559177034839,5.89150300246605
3.29611752218479,4.26147326697172,2.86116196016765,5.22733923753733,5.8030038864129
4.25307144767412,5.82682806299068,3.74297744999646,6.29118273497117,6.55994428611988
2.15783701711323,2.58625912941904,1.78020072406332,3.7887624589411,4.50401971700594
2.69194921539363,3.59608798403962,2.41435674876483,4.48782952718128,5.1012837847674
3.64970220054349,4.81779201056108,3.16156876802369,5.63318285414803,6.09708784767918
3.55952673310948,4.87178896966992,3.18056520922099,5.56826771163113,6.0780765002297
4.52735943019348,6.33258613219179,4.04610801744039,6.6196653789675,6.80880246133163
3.3193617713382,4.46958613952063,2.94734782036699,5.27276748851464,5.82616628239765
4.28716975356136,5.94413796434091,3.81141772871504,6.37069410308087,6.63942080409575
3.54830552110636,4.74913794309229,3.13009150021248,5.5149552308011,5.9813443172302
1.98411530239442,2.50394005475309,1.67898765696021,3.55925486729047,4.40018772070195
3.33876046093547,4.40355383735666,2.90679179562287,5.26843988455239,5.79762923544992
4.36031753427539,6.02319652195865,3.90946712232949,6.42070321686594,6.65434568850894
4.46495982874763,6.16745800282253,3.93091707153669,6.52887978735976,6.72578113762576
3.4337897149462,4.63455262092613,3.0493461654822,5.42588301770927,5.98142765489153
3.95309184092315,5.40848783411913,3.48926526114804,5.99497039546952,6.36780162475642
2.83261750780171,3.72267253374101,2.46881310904806,4.68940877400916,5.40871853645416
4.17255919839392,5.65476393444537,3.63311753941076,6.19797010800511,6.48494309108977
4.26743633714468,5.92223241022641,3.77163756042246,6.34415693325109,6.61439498782061
5.03462488641315,7.06719746855093,4.49630171324012,7.15011043921191,7.17880848807442
4.58105150094909,6.32010161906769,4.03783410326487,6.64247303788351,6.80603329434055
3.1646741955399,4.22930606631665,2.79340465776673,5.10562758809015,5.76462084741533
1.98753407697127,2.28166816494794,1.66895137031182,3.55458443440913,4.3784773590576
4.82801898917495,6.82725348183097,4.32139875384984,6.97613028461969,7.0676239226119
3.96678309693237,5.38361987030607,3.49148645642431,5.96712041036786,6.31450926373041
3.93539377792432,5.37301378644963,3.46648225353325,5.95607699579645,6.32436560862597
1.74346704081025,2.34611460648696,1.52999463151413,3.19496064302539,4.06451413110945
3.76235731019088,5.12484729830686,3.33083953627138,5.80111682415372,6.24737665421319
4.35374628793783,6.05406931338996,3.88976290790039,6.43019363000175,6.67862461488171
4.12932813081422,5.63615915774885,3.61636292885046,6.19003790846775,6.49978733932807
4.58257632816533,6.36730568393271,4.04834861667864,6.66620576665604,6.82997397202712
2.77963765938184,3.55686213047481,2.39649654614914,4.61252084777047,5.28209760789318
1.96362167053584,2.41680586352259,1.61243767714353,3.49969097043877,4.25347928337731
4.31307119589528,6.00231756937705,3.81839134488545,6.40731563570719,6.66445003204169
1.741736644654,2.23604424867954,1.48537766504806,3.20908102167466,4.09158294424516
4.27845035707059,5.86744874981824,3.74347530461316,6.33376923703806,6.59056736553709
2.61402411858886,3.46554583620905,2.30969122851577,4.43695239173003,5.19494280989022
2.54654637263324,3.5031972379054,2.3255507097604,4.38814478315489,5.25013583134951
4.17100401998661,5.69396450448782,3.65077360217125,6.21156553461562,6.50407114676705
3.77293770141748,4.99250476911367,3.251962100502,5.756779060625,6.16474114274034
4.14455771581754,5.6240338402675,3.60659104709614,6.17901659836548,6.47122612631903
1.24474921247644,1.48459207633783,1.01147395427885,2.41402229628588,3.18916642629645
3.49477291257941,4.61589804346212,3.04302421031032,5.46671683065054,5.99793070307214
3.67718090053242,4.95803267409675,3.21470055834118,5.67079911849938,6.1247986999031
4.07698912347159,5.57838349671468,3.63256178469707,6.11048984186646,6.43228669293519
3.99562871261762,5.48775907729586,3.52324646002738,6.03846925491509,6.40294551247433
4.37509351242324,6.06493460325844,3.86198480173009,6.45882980998197,6.69255346039118
3.69975798909175,4.91707202516257,3.20954002247702,5.68820119725698,6.13167018284128
3.61137633685863,4.84025817739283,3.15154909020721,5.58012852071857,6.04284541358126
4.14237830010537,5.68978999322768,3.63496154523262,6.19216049954409,6.49668239349403
3.84943997814893,5.27226354331362,3.39656540778129,5.88001826188672,6.29745323053106
3.68197397120042,4.98469341597058,3.26034083541184,5.6574386220821,6.0806935718706
4.2365287786995,5.7843287451856,3.70583458492354,6.27197998802207,6.54364678645668
3.79404261254726,5.17192872496603,3.35231896097295,5.83210319225586,6.27522514779542
4.88117638993387,6.77684399082791,4.34089228214628,6.95846888355673,7.03411783893743
4.09360860991126,5.58355641331765,3.58296648948536,6.12666479506235,6.44402021007437
3.41049520306611,4.51056069707015,2.96705382375734,5.35673718825141,5.88450891306902
4.12440525131357,5.59570580485122,3.62982169998495,6.13646700387926,6.43388442220378
2.83789101506882,3.75554526320146,2.51018200796326,4.69966545743724,5.35660644052357
2.20604502877086,2.73817531332149,1.88023381622936,3.87954385238807,4.69723253090468
2.7277561281635,3.7280954520807,2.43320948511843,4.58396526433377,5.37789584273868
3.75430099192692,5.09364547742558,3.30885776402908,5.76069614526819,6.18953722398982
3.62983156060378,4.89374491892772,3.19730289696766,5.62354637605605,6.09219754902276
4.00609881339415,5.45560071232272,3.51068804799761,6.04961652666243,6.39862114990548
3.00288631076846,3.96973599233058,2.64636243597351,4.90620551022463,5.55269616763379
2.92140111767728,3.94485165306264,2.61488139619571,4.83528781855657,5.5568225067483
2.96416888551957,3.85665392347086,2.57334761211801,4.83120371639322,5.44590546250235
2.26264323137303,2.82082194723041,1.9310536960614,3.95176776264489,4.77736487263375
4.09231994089606,5.60324703323115,3.61152177517675,6.1361898547436,6.46228994543783
3.23574584529955,4.38014902304113,2.87162885132199,5.18376359091654,5.77844242386342
3.22024595520338,4.22637087795519,2.79463877694343,5.12834006686271,5.69171498482351
3.87493850429012,5.30326438049089,3.41615564045567,5.91046576991703,6.31750541274701
3.14936618413349,4.07012344744224,2.71778764550647,5.04654697185322,5.6319928902042
2.63937428774993,3.26450241704914,2.24294124006919,4.4234389233485,5.14883153165953
4.73651041938944,6.61615975644896,4.21227610805572,6.84494046880079,6.9656104652557
3.69853468757297,4.89309441392452,3.19109829361674,5.67018030957043,6.10353170054069
3.31269379272948,4.37706024109561,2.88305352928355,5.25359224672311,5.83469209472869
3.16373975033906,4.00394299876691,2.74316309250914,5.04816999011457,5.70943383348791
3.96318992649474,5.47273766240909,3.51049212206133,6.00537329041197,6.38335681396827
2.19905916603642,2.74649282581209,1.86133970143649,3.86078600911208,4.64441746241835
3.83810989822835,5.34304333974123,3.43179331035414,5.89772457755382,6.32959750225813
4.12255315168992,5.61034552565141,3.61319245905949,6.16306298858613,6.47350894851053
3.62248728840563,4.85806431161298,3.1966381254935,5.58073524480119,6.0092156092891
3.55959763846887,4.69050519462322,3.07620978122875,5.50599028680616,5.97053798181469
3.54948717369767,4.86115244152231,3.17596110431069,5.55591227345568,6.06749539021521
3.37664923080691,4.49468231933928,2.94961447445016,5.32532340431457,5.86994797596733
4.17335471685945,5.68901090631129,3.64221978920743,6.21215667719733,6.4994207141104
2.65561766080283,3.37555437596942,2.26510123848468,4.44738547901646,5.14922458422964
2.82017965325325,3.69858329641827,2.44205559908819,4.66137246692674,5.35377940142533
3.91132157550984,5.24614965815752,3.40133822383751,5.9389555257069,6.31881686150641
2.48534283707376,3.20065870982686,2.15800022137359,4.24253306563489,4.93149510328496
2.99687670755881,3.84587813520746,2.58353325789432,4.86195834742285,5.45773722573265
3.52583652312742,4.70862072182908,3.07970913370182,5.48956483285402,5.98035452901963
2.55440148815079,3.42007916201114,2.30889282403287,4.29769764059751,4.91400041464617
5.08338864256926,7.11950229148229,4.52116622257924,7.20389508275741,7.21531181323239
2.11607335884847,2.59948259611671,1.75424044433718,3.72514148657895,4.47742507388822
4.04962409065139,5.58291303541595,3.57404540092531,6.10696296942561,6.4559032095169
4.12182730276527,5.66062993308842,3.62658284587893,6.19032224060607,6.50409598914735
3.09594653506739,4.04994614215404,2.66505035411061,4.97837357551993,5.58679031440608
4.87846455526611,6.78976278191264,4.34392684028315,6.96167258244217,7.03749193365173
4.38514864749015,6.08503000039798,3.90619899977375,6.45671099995209,6.68986206842434
2.71968038337174,3.53733287249291,2.3686434010384,4.55174443096403,5.26523097011175
4.76994024323031,6.65290409920786,4.23596723916521,6.86191863602683,6.96913614204293
2.65183656986347,3.4516134240769,2.33352786903677,4.47223985757774,5.1637078965597
2.91849010325527,3.81710154453815,2.53105559749663,4.77859235177194,5.42845712296643
4.41060696059651,6.10385569080701,3.88212730358341,6.49127246554487,6.70359680251843
4.46520466283412,6.22124974875475,3.96352693416783,6.55499983056511,6.76294278380625
3.8914293446707,5.29420772441299,3.42311293692134,5.92713753953587,6.32403687468932
4.22795494670775,5.86170959289859,3.73902507408158,6.30710637151709,6.59738247570433
3.50065321716103,4.63712065364641,3.04563081373194,5.44805736945966,5.93208984026051
3.83201935188667,5.13732711625641,3.34093364634698,5.84196110738271,6.24516836959935
3.40432713210647,4.54363645600386,2.99430838861609,5.37903523108918,5.94395652907203
2.42494487236909,3.07134081332457,2.08201404858545,4.1702305824629,4.92159551521665
2.32322114422466,2.93123599631189,1.98314718455928,4.02738514744647,4.75301656238456
4.53355656340738,6.31965732583185,4.06448651969925,6.63086790129386,6.82457267774717
2.51503608736837,3.16588127008104,2.16042571437319,4.28686848993096,5.02021960061183
2.83156488008216,3.69412095727996,2.46798468235535,4.67839446928807,5.33050571150584
2.64000277825723,3.27949528728545,2.25467636055123,4.43500428368243,5.13999911023326
4.73630322259818,6.70575361294199,4.24242117106866,6.90011560741158,7.01984258183716
3.42682325297706,4.48804923426011,2.95566859978122,5.35642940741265,5.85920466701137
3.95826946761352,5.4067496411536,3.47351561501092,5.97978818371098,6.34046250150453
3.32511552124471,4.54153676263492,3.02532815160166,5.32726811771719,5.89904788960266
3.10910493636926,4.05759868187407,2.68755159753698,4.99508521960605,5.58176652921554
2.80426773500934,3.715762147998,2.4852767549113,4.67805304316862,5.40566357086319
3.08674709369473,4.05128386790978,2.70153314279997,4.99434980587548,5.61443355326434
4.54153419918391,6.39314708543491,4.04339840050436,6.66706573005005,6.84859764045676
4.7518367964903,6.53787836799543,4.1939242917982,6.79678757982406,6.90450542189354
2.42833273930452,3.09252458979429,2.11841231329355,4.19391824755215,4.98721330800791
1.70432329069119,2.2319146825143,1.4681500906609,3.10281492421472,3.87846780321157
3.24277759438444,4.30148858659715,2.83611575084631,5.17912740140484,5.77954675874598
2.4558409437048,3.0827307206194,2.10552611783064,4.21062751031923,4.94789054860995
1.84271113564533,2.27590865178561,1.54068962568305,3.3546107679989,4.13386171616941
3.10423564761663,4.06038415711988,2.74052736857769,5.03275331357212,5.6736547366862
3.17677706156932,4.23050586484412,2.8036765954308,5.10938838183615,5.70907550626983
3.28846359524732,4.35508410758524,2.85671137499942,5.21776220373847,5.79126331242542
3.93962952660587,5.44937378961751,3.52113302613311,6.00362837995758,6.39329106277439
4.19938248985511,5.78566954595285,3.72318554235884,6.25528735126766,6.55106870756953
2.98489701114482,3.88073593993362,2.58004607462245,4.85575960952732,5.48833136177956
4.52101338957738,6.28683268068159,3.99208886114641,6.61731536719141,6.79820026846913
4.76810035026933,6.69965503722517,4.25548127479329,6.89996872335633,7.00957399693905
3.74406840067643,5.11444591179852,3.31641074968148,5.75659849500013,6.19444367949265
3.77256564578213,5.12415448538298,3.32543008513228,5.78567024575123,6.21328301222649
4.56127845949081,6.34969303526191,4.07591060247203,6.64914549476237,6.82867760044641
4.05093237942055,5.55929311896576,3.61922324113497,6.08117673446181,6.40804284163929
3.3518692569425,4.43693114716533,2.93130279887543,5.29472129086618,5.8317956897218
4.09315314899745,5.58412508491475,3.62314488083816,6.11179592059841,6.42743006577651
4.20263601071002,5.84909724640839,3.74338860433049,6.27174426473455,6.56750703620285
3.62958438351745,4.8373497657548,3.16697291618978,5.62421597822197,6.10531380208494
4.1712182822857,5.74543407356423,3.68696979347575,6.21984746284367,6.51639706917539
3.41957712720458,4.54074737892487,2.97594091894496,5.37279605825815,5.9102773485719
3.17678554220644,4.30489508050634,2.83905832973023,5.1221299825895,5.72241735523763
3.98674604309754,5.45091412416664,3.50065449516502,6.03493722360972,6.39673294868039
2.49708250813194,3.11985767874797,2.11640562964031,4.24556506197229,4.95743978086623
1.94796218501989,2.54495929358676,1.68352198998896,3.50949375736109,4.37573394624526
3.45423730317992,4.62836563454142,3.03049987801964,5.41996359890073,5.94509910358065
3.09777190115902,4.19718578836215,2.76851755035855,5.03832987397941,5.68675279831921
2.93245528461741,3.91965665023173,2.61213398808341,4.84213627837984,5.54530397033216
3.08905007414435,4.17901290575193,2.77676026430711,5.02527807661874,5.64503553101347
3.65012350054485,4.86016307768629,3.16581532420985,5.6310497285299,6.09288065418999
3.62816673713126,4.92273836359711,3.19697462033871,5.61880985009396,6.0953176438751
2.23788031272383,2.7647578305848,1.90588248064737,3.92602829876017,4.69194771358668
4.08842333751185,5.6513584852988,3.61344507821367,6.14645771439732,6.48182350132493
2.58191332262643,3.32427829018199,2.1977187999569,4.34895473779584,5.08536778270605
2.76562237742247,3.66078404726695,2.4536979963542,4.62441485461445,5.31456855136416
3.28111826532274,4.36680388948764,2.86615303520599,5.21960304795978,5.80511518737444
4.45390219186796,6.17706380180983,3.94232920027347,6.52208037083906,6.72623450694251
4.79441808299042,6.74443760524283,4.26352312155209,6.936934711978,7.02958130978334
3.44694943166802,4.58028405951954,3.02058162445873,5.41593854486685,5.94555234144854
3.72591905280941,5.15814925414392,3.3569956530082,5.75384350350273,6.1953037105942
4.06234969687447,5.57591717502899,3.59475411310502,6.10660465920438,6.44530524443322
3.16564525292767,4.34641437238091,2.86491888728109,5.13634230476668,5.7741838701696
3.66225182573039,4.83641385418937,3.15389955229544,5.63056457442121,6.0769288842903
2.04686379980909,2.63417021328073,1.74446873041717,3.60350018936126,4.33563449939646
3.67418506870146,4.94655723859665,3.21080355842937,5.65984949626769,6.1138796164037
2.60718065995571,3.428738040522,2.27572455754885,4.38251011610205,5.05628133755876
3.68057758606829,5.03236818182537,3.27313796680919,5.70453078371157,6.17522841190791
3.31341529144473,4.40467268836203,2.89712420738348,5.25331936298153,5.81257493418637
3.95559001329224,5.24020118764378,3.43001453505335,5.99231746824527,6.35712108575984
3.90660325364698,5.2946396621067,3.42071906640997,5.91981939087665,6.29997580835894
4.22568347594751,5.81522341127518,3.72085886258935,6.2980038125627,6.58118668116677
4.52288204519775,6.29008124828783,3.99688284252332,6.6164009920394,6.79836750588413
3.33360755722382,4.5045214297771,2.98568761810062,5.28388287074758,5.80771052584359
3.61234522802272,4.9390680975681,3.23247169865216,5.61547912489448,6.08776390833881
2.55915738920147,3.29870128522957,2.21049088467588,4.34000533959482,5.11067267162824
3.87727821348499,5.20399666224667,3.37197124613092,5.90725181914987,6.30139326712275
2.03706964822761,2.47216538636003,1.72514757991315,3.63033772032502,4.51333163022513
3.28063716821635,4.42541010601228,2.92113935074639,5.23529196995751,5.80096920310015
2.94672600689272,3.85800041864573,2.55698344369061,4.80224279526417,5.41813163179468
4.0324703023954,5.55274485137174,3.56462134999679,6.06635986761954,6.41428356005146
2.11689178828078,2.51151036798496,1.80937351621285,3.76191000911652,4.61933996840287
2.97559319631176,3.87852096914003,2.59789627984751,4.86807174863826,5.54641369097433
3.38932921842109,4.43654680504759,2.94708291837612,5.33923938730772,5.8833195844871
2.54278039297537,3.26279883833746,2.19913805237563,4.31380458638812,5.0015768476795
3.03876183913727,4.07555100771596,2.73307113491483,4.98263124758344,5.64535837196077
3.6833672558772,5.03727891718429,3.27870419752752,5.71093383032651,6.18457598992812
2.66539961347031,3.47959423943785,2.33764401860829,4.48751190984228,5.18421579870676
3.97590265344593,5.50603280189135,3.51480669698097,6.04407804705622,6.41994252400657
4.52351193183583,6.27343078603101,4.01911936785918,6.59825550497794,6.78785697354514
4.13965992086163,5.75897998421952,3.73226519885691,6.21188636388221,6.53367102367317
3.46951171973372,4.58787112210772,3.010758737221,5.42723169786848,5.94891510962453
3.22933991934459,4.25634645389115,2.83094715295761,5.16879255446809,5.77265276334493
3.827446417564,5.1772250575438,3.36219724103907,5.83735635556524,6.24524656934998
2.87637388644232,3.83354749887866,2.54150421566714,4.75719548687331,5.45408405357219
4.76589478855285,6.66928484539293,4.2383033616941,6.8670305905411,6.97596061802034
2.97195014021061,3.84096946644728,2.58201439071838,4.84994850929546,5.52748888642413
3.74524850264336,5.15715557842388,3.3384663808022,5.79439946045647,6.26905914107693
4.23941851638227,5.85596828357268,3.72348554403312,6.30435565974689,6.58236852514217
3.00310870921309,3.83231896010954,2.60267223014436,4.88241056074087,5.54081276124079
3.9177399322996,5.40743989960368,3.50204856206411,5.96796353249557,6.36039446822416
3.05941256217643,4.04958785560004,2.6756029262214,4.94666022472301,5.54485595023272
3.25160591296832,4.34991801984291,2.88505046298694,5.20592605140459,5.79081838765506
2.75191640948089,3.68058993758386,2.42784311740622,4.58495223802776,5.27750179985461
2.85195514433919,3.72718987255969,2.50301860593197,4.72526049178466,5.4261469406446
2.37193192115211,3.00369660712275,2.02408378029911,4.08002855546027,4.79061849416861
3.42591019922387,4.65568014415285,3.04534111808761,5.39829886777655,5.92477413491438
3.13301687701378,4.10507674049389,2.71962910913713,5.02800891704642,5.60954236928282
3.27074509439595,4.21688990555171,2.87704008406221,5.2110161630225,5.8310451525374
4.15733160201754,5.66840328730331,3.63254800750073,6.18650972916735,6.48095142318034
5.03120445967791,7.05377873138004,4.47570340689112,7.15312345410927,7.18003625188452
4.43907088284094,6.14877181000233,3.92080157108919,6.51748829840991,6.72924919674638
3.22037297712797,4.36591873241388,2.87255765763554,5.16904450535557,5.76266045984093
3.54040400782554,4.77444389527688,3.1287401838688,5.52879936054303,6.03429609764416
3.30846911061613,4.47700622542133,2.95855491030736,5.29818717773258,5.92603312631784
3.94018921524357,5.44023050388606,3.48969510363664,5.99221715772176,6.38583822585061
3.80996362387119,5.12609596704494,3.32469436931823,5.82629777332173,6.24362221661688
4.82723738073431,6.71944979752834,4.28581982829096,6.91016316747961,7.00082831555865
4.96153238656215,6.85321709750105,4.41262388678512,7.02147101823947,7.0698668950353
2.9947585921965,3.86331650167286,2.6029314493062,4.8798890061754,5.56254734117113
1.78686046108973,2.25419724432655,1.5102548635141,3.25586342441273,4.01357187526536
1.96453039191451,2.48814979467871,1.70667365547235,3.5701318882583,4.41511239878168
3.31411258983561,4.38355875853982,2.90230885861939,5.26047336738141,5.82581389706917
4.06525285952313,5.57382704923801,3.58690878128925,6.11073009742571,6.44725399696179
4.32845001928279,5.96482480965692,3.81692020213112,6.40770781673361,6.65321253367966
4.04244450927784,5.57044845420984,3.58920917155319,6.09325376281081,6.43712854618851
4.75555533233847,6.61431766556238,4.22241144908604,6.83567599281678,6.94867708945844
3.63138425215187,4.97799927705857,3.23220173554764,5.62491837810486,6.09080360476405
4.2280773289683,5.80937547204791,3.70528916445145,6.29730981899763,6.57426958680107
2.60794622420982,3.43914779983844,2.30338543503944,4.41956098193769,5.13604669809717
4.0684646282366,5.57230287533649,3.55805134564575,6.11881510641009,6.45095050237857
3.67412952895918,4.88333678776978,3.1783013432755,5.66081989050173,6.12265734019233
1.46731397808552,1.77195166807353,1.1993216279666,2.77794643189461,3.59177494283585
2.88275549987572,3.73513594102746,2.50059230856904,4.74145940543068,5.40985399325229
3.74686955880239,5.07129563597358,3.30295231414871,5.75515033739737,6.192517201575
2.4049886252885,3.02937382531334,2.0680090488957,4.13913298958921,4.84256760380056
3.21111829708471,4.26504589400824,2.81174660084184,5.13547966099955,5.72013597496179
2.81238345612492,3.56291758168869,2.40729449196829,4.63949284762366,5.28008319626854
3.04704165186882,3.8839855469009,2.62432006790399,4.92946884283913,5.54953854040392
3.96119587692996,5.37356173029564,3.46914970957291,6.00530462290889,6.37793470385537
3.5073331044684,4.71987267410971,3.08816989208523,5.49822455071483,6.03076467344366
3.13688888758337,4.1281331055965,2.75077303688112,5.06342884407711,5.69708971464832
4.0067931455408,5.43043686032836,3.49868007222636,6.02275711761965,6.36399266760238
4.25672021896076,5.85210516079796,3.74052053346828,6.33182204067476,6.59566446877567
3.17220552752996,4.08351644348711,2.74996954588798,5.08458445742998,5.71296631447789
3.17102914180891,4.31072312211007,2.820152594291,5.10939744195029,5.73054285545246
2.28570558888155,2.773374752092,1.91708679005253,3.97023746244664,4.73514908086571
3.53673372087168,4.73263047244487,3.08559218013218,5.5023410188292,5.99651832890526
2.53340549895112,3.29704450613952,2.20993791208731,4.32244037408606,5.09051504538508
2.73859125649131,3.54489994895368,2.38691420897411,4.57983138517332,5.30725070302652
3.23362865287793,4.2220524142507,2.82119872792848,5.1635110769062,5.76621414431253
4.19064450773075,5.77921424662215,3.70710992586222,6.24693476997788,6.5483233249947
3.88041801564082,5.19293172757192,3.35228114310844,5.88335903117416,6.26055873262255
3.25685207594607,4.44508682526718,2.92720341434455,5.23715739408605,5.85268385617613
3.74124691091452,5.07593578745091,3.29514154847797,5.74358989867356,6.17724313709125
4.42768854441405,6.13080639096915,3.90351784217306,6.52516576880944,6.73542917716353
3.24640557715128,4.28613941028729,2.83792207660968,5.1806028003667,5.76772180580826
3.42203279521503,4.54570043198219,2.98750895916679,5.37906208738598,5.9135255112366
4.46753495952824,6.17886578131416,3.95293668015439,6.53559364240128,6.73553238872525
5.01314535969598,7.01587241966254,4.45239218823004,7.12470200982728,7.15638596125807
2.94430769809299,3.79563342463208,2.54994733848495,4.81427729549088,5.45538167220738
3.795879270816,5.25507590077014,3.42301617670983,5.86561806400786,6.31709984238367
3.06081252101094,4.03865274919196,2.68289514120264,4.95469797407594,5.55691659585965
2.86562166449773,3.6499454270838,2.42874705904675,4.68682206008381,5.32186598473469
3.76931058229628,5.23625841295924,3.40393980830107,5.84183000422136,6.30378563198659
3.73216622687182,4.9866422993167,3.24599447571661,5.72783838828668,6.16182285818588
3.00012899945132,3.93304117892887,2.61117493006462,4.88073381402378,5.5088222197828
3.35943528366854,4.47149248217443,2.93506857292976,5.29496635207084,5.82664887755623
2.80119983709048,3.64477453313796,2.40237843308301,4.62372871400017,5.30356668953188
3.32160981663814,4.45263713795863,2.90986004559067,5.26004587048091,5.81617452726602
3.62962860713447,4.96178520036522,3.24071355082905,5.65550228020693,6.15096087631241
3.51952773632322,4.69903969881163,3.07436714313201,5.48945667922787,5.99180017599088
4.19674605100947,5.89363683788448,3.74959181375198,6.31646260175177,6.62442278421442
4.48159123753171,6.24382426188681,4.01195103368468,6.56817946366758,6.77157140127151
2.80385326289936,3.64053786122305,2.43744892963236,4.65049575356246,5.33848859034438
3.40782832293986,4.57543924177785,3.00942564434743,5.37076340032942,5.90048924008404
3.39567121449911,4.58735955700128,3.00954016550866,5.35214332893279,5.87424399226904
3.54311993665432,4.73379369441743,3.12309390852084,5.543897888931,6.06658771338779
2.85367512874697,3.7675501488334,2.51758538472892,4.73142017226957,5.42682517699802
3.63490921372439,4.90006432076469,3.1856252738137,5.63104946024036,6.11008001273092
4.36322292038628,6.01466812678018,3.84726514880456,6.42543302100331,6.65895142239159
2.45130723019673,3.17685063266653,2.14420397344337,4.2234971181194,5.00800404253062
3.85585819886365,5.22577094197418,3.38524148228465,5.89226082206076,6.30865595006858
3.5483529967557,4.73938641690272,3.10013586133555,5.5287676500051,6.03301944802353
4.04702514728276,5.5836219331457,3.59044392793992,6.11187026813827,6.46010194952641
3.89971951084849,5.22677260003984,3.38167188751793,5.9145676568861,6.2921095098123
2.3419058899776,2.91123479146322,1.98286941999371,4.05062337705898,4.79569744383365
3.16848719401674,4.05957526360972,2.71592796915547,5.05738850053106,5.62604712223841
5.28777102094823,7.35016106934572,4.70356133075668,7.37901993845018,7.33236075859285
4.62473958265905,6.48743268136514,4.11151552177709,6.73024296460179,6.88509522851853
2.74360123030056,3.66448147957249,2.45412166167039,4.60674362191741,5.30484815597122
3.05815618869178,4.00296713796275,2.65407440745591,4.93828167544271,5.53210907982734
3.94068781452473,5.41824137444667,3.48103531691581,5.99268655601135,6.38219366271898
3.97057597135006,5.45945409634297,3.54983954359175,6.00255402950588,6.36214210993192
4.45699511672061,6.08663450693864,3.92427121139587,6.48950535575174,6.68648412443131
3.94153181199821,5.45792537291379,3.50091039134946,5.99609113335592,6.38119020087847
3.47717054436692,4.6681637612196,3.08552002277294,5.45254498015551,5.95426005482527
4.45666000548118,6.18184859373445,3.95391627275306,6.52893065721316,6.73520563944032
3.39984968497539,4.46951213708054,2.97492789336195,5.36430049231292,5.91930648302771
3.55924859220734,4.80879883745006,3.13213833675473,5.54820442530566,6.05098096996148
3.79026292600968,5.0698601736547,3.2991860908438,5.77371192500313,6.17868075266512
2.89182478502184,3.83456581858734,2.57539312240329,4.782362681358,5.43362402645616
3.81355894035185,5.12695557239928,3.31534889307446,5.81716064999747,6.22669047882596
2.94942973437292,3.90773827181923,2.61510963995232,4.85573181600016,5.5615264239697
2.87406896758525,3.63322041702457,2.4574386034514,4.71532130515486,5.37080738206895
4.5382780991546,6.32923273856034,4.02444004967614,6.64353431139202,6.82120502904369
3.51586521645717,4.61962655902854,3.058861064938,5.48543639038842,5.99125699267805
3.35977720297534,4.44875120478793,2.95373266924712,5.32552253419832,5.90048862937565
4.00031782502083,5.50715443624368,3.56016608279255,6.03497147586282,6.39037958257481
1.64752401000414,1.84024554127285,1.33395287757837,3.0544377566665,3.85648792254125
4.06367270237086,5.57452999091653,3.58187159086079,6.13168518135481,6.47495853476254
1.71810419325379,2.06351715858423,1.44946166884225,3.20384535467022,4.02835272922583
4.04343576283085,5.4647894703733,3.56367746189084,6.04420181243184,6.36246854172317
2.55559815663925,3.28748009026529,2.22940631070916,4.35407939478628,5.10537466270777
3.52368073572169,4.69558611816017,3.09209358693822,5.50215125833354,6.00614902396753
2.93195570753924,3.80667915817958,2.51543132152214,4.78290873968469,5.43202862572357
2.63748115033598,3.49513761125555,2.30922090418899,4.45216705088732,5.21043301972116
1.12512417030916,1.28549626105146,0.884837170706157,2.16181933550304,2.96973757066188
3.66894928555672,4.9900002742591,3.22673412863968,5.67700207080738,6.15037111330889
2.67576769859568,3.41715451482255,2.31549670161908,4.49226405271558,5.21827554549196
2.45395851882559,3.11380239752435,2.08899420943035,4.1881874312393,4.89524359064741
4.24610543735254,5.82739289236663,3.72461114510437,6.31558023197482,6.58270463900142
4.14823447154553,5.73988916217467,3.67494328390567,6.21304305490296,6.52585011793539
4.34878593720448,6.04278065744267,3.84936116220029,6.4350767405335,6.67845246055389
3.42818472924405,4.56341714434527,3.00648964649756,5.39980769738835,5.9487488939788
3.76534957446246,5.0841580677397,3.29658188092768,5.77976957518686,6.21666730632539
2.32522010813276,2.82895115380059,1.92843038528308,4.0053218363352,4.70106280444995
3.41282555638288,4.52634154450487,2.984376761555,5.3770163593903,5.92681823272348
2.32817904256883,2.86457281370636,1.9752707724238,4.02955275037091,4.83572877160907
4.00171895254847,5.46395041434111,3.53689660813434,6.02239266604791,6.36521301509122
3.05648582128483,4.01864251463687,2.66302373852962,4.94077049923656,5.54342031012765
3.56213102177388,4.80872064342395,3.11814017990439,5.54558006173874,6.04729613454042
3.84197253241827,5.22499635334799,3.37807581939531,5.88265708932368,6.29939096798405
2.73469707795677,3.3810868897906,2.36956261496203,4.54993379961939,5.28549391617749
3.0775645426335,4.09036811765607,2.72798681408049,4.9845213300528,5.57440191606687
3.55406886670719,4.76743958070619,3.12002105829785,5.51840313976768,5.98889184647212
4.63361829010286,6.49712755169271,4.11423877328541,6.75509232243447,6.9004676296527
3.54617042800763,4.81398534602024,3.14862585834807,5.55232656651734,6.0685302463591
3.75756761067753,5.11885459664053,3.32618832077865,5.76656750977528,6.19392988877607
3.29008307072146,4.25822314561598,2.84257850164924,5.21303371646844,5.77244293563714
2.79643778053351,3.48145645440768,2.37641112032907,4.61469912253471,5.25779797739656
3.97187317080041,5.48708378172023,3.51086618434167,6.02083643695247,6.40126143018187
3.62568034354815,4.80505798380283,3.14418972474839,5.60449083157662,6.0736692169496
3.28082975390223,4.4666486308404,2.93101290887462,5.25614159371162,5.86347368648576
3.10210871203995,4.10603538046697,2.7323122287509,5.02066233609965,5.63945523537315
4.33295552019983,6.06550210196946,3.84790414550152,6.44149873521883,6.69365055416487
2.69474771002256,3.69014959664832,2.43343231284799,4.53036560163922,5.2394079443532
4.306464798099,5.93913013205078,3.78372473750054,6.38290321006746,6.63205178739811
2.16911048184699,2.72936549082766,1.84004438391747,3.81235305657213,4.55960402241232
3.38260248311159,4.52594467035062,2.98967898503143,5.36561801411252,5.95245814526997
3.86912040900005,5.34176899175999,3.42929141747789,5.91197476254081,6.32511223350037
4.27060694960291,5.8657080839354,3.78278978301172,6.30882533070756,6.5680856880726
2.97959356031995,3.97313559838681,2.61953430832411,4.85971728520016,5.48886564981772
4.5980164874641,6.41187863024986,4.07081775595778,6.69245761802962,6.85133528354405
4.00144295151466,5.45970573727049,3.49425714595237,6.03546695615345,6.3908430021453
1.99076889251811,2.56325968025209,1.7342967041326,3.59324062006107,4.40415149849523
3.36143114277169,4.39469536265649,2.92137746777347,5.30538813148734,5.85734238247513
3.96074050877515,5.36998635893194,3.45639294962489,5.99355861408549,6.35598516847667
4.44862282678735,6.18339190260785,3.94164730914843,6.54286373529689,6.75371803288748
2.26585394936432,2.90145223235168,1.96238473572373,3.97074993759021,4.77589490766197
2.4284230200579,3.11038064098917,2.11482546903522,4.18922115255985,4.97940837277347
3.56913263338608,4.75001102324644,3.09970690705606,5.53424709052972,6.01368033500685
3.80487648982042,5.10844134987086,3.30449496400158,5.79320015514843,6.19568557626586
3.71164975576437,5.03390188190117,3.27729070874634,5.71214263351179,6.15230131688976
3.9060577616061,5.3189822994069,3.4230571189517,5.91340517876397,6.2902340888181
3.9942570580535,5.54067591044835,3.56462706674192,6.04949545655594,6.41182734952907
3.6118686509995,4.79117145860598,3.13661544632378,5.58973193400499,6.06252804292103
3.87917401413154,5.31796151991444,3.43346243019888,5.90601324940092,6.3006869004962
3.29004886944482,4.25489713885706,2.83734870145101,5.18572075919789,5.6901692766986
3.11785923786199,3.97433343826199,2.71561665463229,5.01627976372372,5.65481407987045
4.41605995450986,6.12708732843796,3.9248856775212,6.4920821351545,6.71647800078256
4.51128364709416,6.27224062790011,3.99200438638712,6.59478349846266,6.77964377696586
3.89113107156853,5.4017047814701,3.48078971957263,5.92078199174266,6.30516089854535
3.96354958184044,5.3700824025587,3.4593535310594,5.98908971764397,6.35108524334383
3.50967038295615,4.70708611470717,3.09837296669677,5.48422301649491,5.97889177773755
4.77919049558342,6.62968282029686,4.22602002220048,6.85645187473359,6.96133882876706
3.76555406978379,5.14472334738672,3.32374701598462,5.78100328706735,6.22465525259518
3.25774853580008,4.3141279168946,2.84646383186465,5.19003798500711,5.76782538560227
3.24286453089712,4.3505505535609,2.87257020487624,5.19942892662525,5.80962460870425
3.73205024996628,5.13657164470857,3.37054241965776,5.81300093405317,6.30493830166093
3.78089363538374,5.14636638420166,3.3615014340287,5.78404720198538,6.19259954377179
3.16642566323669,4.20718284712432,2.7727668060133,5.07440422321712,5.65706399293695
3.14591610049784,4.1988765366035,2.77256536058063,5.05643173523527,5.63970400341107
4.5160594266924,6.28650139184047,4.02462003485798,6.60453416311082,6.79821478265056
2.25631240818363,2.95370380957681,2.00334503522739,3.98497579802239,4.78143713214932
3.37203693778436,4.61041505604847,3.01008998759965,5.35364820039313,5.91967575515393
4.18903903208149,5.72710098365554,3.67621237145621,6.22971680845838,6.52235702520842
2.99300145023565,4.00682594942322,2.68153129794575,4.92564346254415,5.62734654059871
2.17293369204959,2.66192580469394,1.83408175308026,3.82947585395528,4.55788432104297
3.55964033672844,4.69482033164689,3.07485189135791,5.52372214966844,6.01422391309893
3.72649798120896,5.0671703131178,3.2833300418553,5.72252642682069,6.15870354879975
4.10350558303374,5.71130176055771,3.64425704884527,6.17907658776445,6.51003694139009
4.13748690912812,5.70737720764648,3.65129124272824,6.19769230458066,6.51685213888485
5.6912122883648,7.81163290720178,5.13906307348458,7.74220111509973,7.5593125280557
2.02101295477384,2.41731344610353,1.65904678277792,3.60095266267463,4.38009990412574
3.4638953890815,4.5749966577098,3.01341718000111,5.42178623669593,5.93847196285786
3.59722879141107,4.94763717128913,3.26032129815492,5.61177645600308,6.08255225268909
2.25213395594938,2.7659368228916,1.91359874309965,3.93549852699926,4.75126601902721
3.4910132656056,4.73631643383026,3.09937460164208,5.49839986443663,6.05453009401343
3.5334526600821,4.92503395109306,3.15974015179115,5.56468229279377,6.13668396478042
2.99851839864369,3.85821400673494,2.58045126749128,4.86976993602886,5.50190425917686
3.87352884850237,5.36689403436681,3.44533485041138,5.92576458389853,6.34237737771943
3.86564594742593,5.26291637509585,3.4047364471378,5.87594544289017,6.26651347817138
3.53108657224173,4.72489197654039,3.09363390140116,5.51087174910258,6.01649405911046
4.38863936759808,6.11190990832826,3.89340289929832,6.48504546227034,6.71807050033005
1.7971064647836,2.25051243266142,1.52407406306469,3.29615539489012,4.08445501858333
2.54194440884189,3.19223148609097,2.189846809804,4.32548715755959,5.04917844171689
1.72929862179774,2.11059501803118,1.42675778614913,3.17050699606348,4.05226832712734
1.52907611666703,1.80571255550581,1.25849955532264,2.8928251196135,3.71244238477277
4.95235226578609,6.99535260189096,4.43027458900038,7.10545806140212,7.15252887954184
2.59566374786096,3.30942845744643,2.24591325045996,4.38415643203207,5.17553902584719
1.93066169426335,2.40777939596515,1.64077342288248,3.50049952285289,4.29692635221362
3.24998721906964,4.31609498722377,2.83180127334829,5.17225794943529,5.74343860355338
4.99346649964029,7.05621348723887,4.47538676991943,7.13516515871362,7.17398716036426
1.97570556045149,2.48296095750684,1.62834184452374,3.51339358060814,4.32571597105942
3.08596487983477,3.95350823537835,2.64792355650697,4.9675154603059,5.57875870476617
4.45091185939686,6.26131611396546,3.97686908687292,6.57504122406916,6.79478326088837
4.25247102250978,5.83468932145661,3.72701020482428,6.31899920146529,6.58007554887792
2.74001334894457,3.5646087762933,2.38797433440879,4.53730102672773,5.15545496362691
3.40352604571858,4.56020377581257,2.97917265886415,5.34912113865455,5.87414004459552
3.22264076942715,4.25308336955097,2.83467367394179,5.16851261903902,5.78555602525363
2.95148933358496,3.87238998122012,2.56575622617309,4.80965838465181,5.421468628784
4.20552025104294,5.78944833650791,3.70409379802771,6.25962997287418,6.5468986555288
4.80114977999056,6.69664820111203,4.26442818005449,6.8913407688619,6.99121767529834
3.43604251272429,4.57849847992671,3.00655763747214,5.38794226651711,5.89806449565557
4.15162006568258,5.61300094290178,3.59826020458702,6.18291642579011,6.46410938033032
2.73731313709492,3.57487334997528,2.39380655919577,4.56912709058594,5.24561133785205
2.42610141757596,3.11357927312123,2.12471217406516,4.19645589154386,4.97324145699191
2.23751865021606,2.88696975495239,1.95121214043835,3.90865672125814,4.62442280970155
2.83176671073382,3.57952321868183,2.44602752887598,4.67729828708612,5.37200551719802
4.11551034035081,5.67061632467578,3.65351100814746,6.16579606402221,6.48664149687578
3.20608419971603,4.1631274034258,2.77376159702191,5.11120710900016,5.67349546179022
2.87735239091132,3.70678934269268,2.47668300859376,4.72598890117194,5.40148261246862
4.55146213708999,6.37598119516404,4.07477835431004,6.65233695791993,6.83923522778783
3.85396852356954,5.18479589790637,3.35838565366775,5.87185171101444,6.27159214733211
3.42806054773339,4.54972216816926,2.98724366777278,5.38396694175961,5.91822127187675
4.83867177732628,6.79737688714743,4.31260385917304,6.95783746312439,7.04671416979228
2.93959220229378,3.84171823188066,2.54693620654507,4.79763975887698,5.42644168388445
2.98055348117964,3.70547100286725,2.57664311462589,4.8425542888061,5.5152582666054
4.87482614116425,6.86586143238491,4.34547321459571,7.03247823539768,7.09818534270895
4.29438328207161,5.93044817913693,3.78754421119939,6.35710372676904,6.61352213033609
4.49796742340819,6.2046628595419,3.98100102571278,6.564931811279,6.7582301814568
2.98010286110075,3.85942897302135,2.58483527494034,4.86189476590206,5.52075121739946
3.42264551478112,4.59580346778211,3.01394138319312,5.3968734725338,5.94570454810738
2.08082889754482,2.49490028687005,1.75480389180477,3.71673133736683,4.48795644991653
3.60777077336148,4.92019754106878,3.20920549575159,5.62316016672941,6.11862788296218
2.69562312992132,3.47462196240113,2.32483167587802,4.51046864700114,5.23727559343493
4.91891468371472,6.88035178705205,4.36940702634432,7.02607385342008,7.08637850459525
3.72089141638599,5.06613118871092,3.292324161452,5.71826879445048,6.15312066955485
2.03689956133734,2.53745858289851,1.6789930671242,3.58928590155669,4.33026578140548
2.7221736494925,3.43387749948484,2.41702005242416,4.56398719964958,5.32923670266959
4.48791313037291,6.21635016998139,3.96033012160858,6.55865545907633,6.75145946847072
2.63782063491576,3.43857585496448,2.2801570546333,4.4331276070425,5.14227286520643
3.3396141042387,4.41647860933834,2.90663580804953,5.28331014234749,5.85005060293103
3.80498791837448,5.13714232813349,3.33405965396198,5.81098830596233,6.22597753254779
3.10295758116975,3.98222167073192,2.67522039023399,4.9945765683729,5.61530291616386
2.35449284822002,2.92590919672535,2.00036751414598,4.07212402248135,4.81612694880284
3.72407491352069,5.1026352731553,3.29719457419761,5.73335711131156,6.18233800039785
3.7990263165682,5.1588751076387,3.33959908351044,5.8294318307384,6.26111462638039
3.47658834212818,4.56927769759726,3.01252244711861,5.42477720989008,5.9246398260947
3.43881297631969,4.76119457628114,3.09420630962361,5.46510445345094,6.09297972893896
3.85425726013903,5.24060152288599,3.4072873983747,5.86341199502823,6.25308688078828
2.53993046680858,3.21696682646478,2.15972434092475,4.28815378278668,4.95529081004256
4.05014796834719,5.561582710284,3.57770908868243,6.13079033948285,6.48540752927085
4.05969279582799,5.5071122462871,3.55512072445258,6.07010015769827,6.39319680388756
3.57971023384581,5.03784753284758,3.26599218679441,5.61706597636545,6.13113233695884
3.87605715798938,5.23330492949807,3.38217195769121,5.90047514680965,6.29261482031451
3.36072705772638,4.39723507564319,2.90616032064588,5.29686194533671,5.84650450319309
2.54139687841341,3.28879804603731,2.20309666288108,4.316431488473,5.02513168978287
3.48678012900602,4.51809133850621,2.99169695709326,5.42554936189254,5.92039658983714
4.57216669929586,6.49378829373452,4.11650082361467,6.73546861883435,6.91179952320452
2.91822162593345,3.79934438718556,2.52228940122605,4.77740544411847,5.43423096849633
3.09461174295536,3.97324401639928,2.69851135835695,4.99507761393686,5.63462151329829
4.08531988151292,5.59066679752245,3.58897173966007,6.13258553521651,6.45763426407503
2.85012996004542,3.88063915214543,2.57163586026563,4.75347728831867,5.47218287129932
4.35509925170536,6.01874981147268,3.83928472501737,6.42452900207677,6.66093963188115
2.93165868705926,3.81250462164558,2.54210491105814,4.7934555955637,5.4222876388007
3.38817659499548,4.48648153392909,2.95799089800937,5.33846491619768,5.87581872535739
3.44708135811193,4.55588734003739,3.00095252406566,5.4018964086915,5.92144158238933
3.77069977850376,5.1147165766363,3.29101616048804,5.78695361239239,6.23203521986127
3.36269339837627,4.43538436968748,2.91336603037834,5.29384671982438,5.82951354805353
3.584092133735,4.74292847202144,3.10127230705638,5.55335792077114,6.03546807348408
3.06646517884969,4.02337605659488,2.6833525448419,4.94192757698908,5.50221094986795
3.59258510008146,4.84758867916879,3.15901412446558,5.57411305098395,6.0505440586908
2.62298995311474,3.35148452823277,2.25862433627618,4.41618102137673,5.18559157872249
2.86447365930736,3.76114232842683,2.51039712157443,4.71801980396365,5.35427232807076
4.8080358910194,6.81297843406895,4.32045796706836,6.95416090493009,7.05544732586973
2.40259899117163,3.02386720039515,2.06251052154252,4.14410475987667,4.89954150076415
3.59292340540082,4.8460018288308,3.15626438622542,5.58002705340855,6.06178151060298
4.19185098456271,5.82771849003125,3.7059617649724,6.27673950258786,6.58183789194138
3.51833456753875,4.7302174116152,3.08467925941931,5.49565417273821,6.00696940205153
2.19666693436041,2.81251427512824,1.8640871989882,3.829487062179,4.57482859250039
4.36869807740216,6.10567240273751,3.90586060694499,6.4565684510207,6.70504070593719
3.44967667861326,4.58673313412626,3.02196889311931,5.41491064403192,5.93734367205709
4.25810022593072,5.83483020220531,3.74757640851474,6.30166377260929,6.56925092915568
3.39354612081622,4.60930120816793,3.01165351736507,5.37480970479482,5.9408291613255
1.90378070542404,2.29372590990718,1.63486737143207,3.4714579192568,4.36189929719595
1.11106483920304,1.20179169851787,0.873211779700687,2.18325039391285,2.90380452330583
2.84035137788868,3.66183415447673,2.45384415466166,4.664619952922,5.27061952771035
3.62229660136566,4.82841939071764,3.14864536931725,5.58755277332113,6.0419923021717
3.35913979058401,4.45597665112352,2.92965860390253,5.30409397451867,5.85362337694818
3.96316061986257,5.35523292872023,3.45098527914263,5.99387768180012,6.35508035614359
2.8490927331025,3.50750817084051,2.4626927281657,4.67585183974566,5.37560111267966
3.39820504621458,4.55523230301573,2.98605004094463,5.36784911614717,5.92992841574064
4.70600374214171,6.61804032195739,4.21417951687175,6.83174707541423,6.96797290053527
3.38330562243549,4.52187904753764,2.99872296207512,5.31876722363064,5.81130177623455
3.12678366187191,4.20922888702589,2.77143705225367,5.03220786277614,5.61412214205657
3.31137282653144,4.39408524618043,2.91050713189417,5.26211503024557,5.82826205803361
4.00889164561324,5.50957531113558,3.52145875182049,6.05589138944831,6.41048363067879
3.25779228264245,4.44653400318725,2.92048427716114,5.20965715905908,5.78386470265972
3.68194041306112,4.90601845452931,3.19751481096787,5.66299727261483,6.1055452472589
2.61523142057601,3.53933006602859,2.35426268538958,4.44637805232391,5.17434495509918
3.97370790700442,5.45512270312181,3.50380176027268,6.02993937007756,6.40517214985483
3.77689761513806,5.1105259222846,3.31211151654271,5.77609280576183,6.192205099611
2.27376791496683,2.98938195291221,1.96412296654507,3.95140824397674,4.73346316988
4.39126690026074,6.16877916605867,3.91003303455001,6.50573867127468,6.74252584869041
4.19268484807893,5.81154263293617,3.72619395778373,6.26473806194688,6.56602997222051
2.42079993780638,3.15776970251659,2.13217652289085,4.19135682182584,4.99069135806869
2.59391561718607,3.41162676927496,2.26070500327348,4.36934210096956,5.05441648680574
4.39082853472912,6.13690387125082,3.89036270591989,6.48232780684018,6.71756908123447
3.41287954765309,4.56097241726203,3.00017047614135,5.36116258614095,5.86986115527798
4.44691921417386,6.17975198309897,3.9318571575213,6.54018165160042,6.74744254163564
3.32302139470519,4.38049738662384,2.90086649519552,5.26499187488413,5.82315620237303
2.98559854081573,3.99962345457248,2.65712711191252,4.89143722398435,5.53426884032211
3.47983721378962,4.65873082660415,3.06471736955184,5.4522072502933,5.96419109725605
4.59964105770069,6.41384269054585,4.09564650095147,6.68441128535478,6.84479132888253
4.20159708777004,5.74140078713042,3.6730992582329,6.25256148902475,6.53193239776233
3.97621664526345,5.42514230283347,3.50875899703223,6.00862940676089,6.372614722884
2.73301376317836,3.48058101622511,2.35815936424923,4.55696439156218,5.25567017128337
3.31768625368646,4.45356491523891,2.89835350179775,5.25644839006602,5.82523796395294
3.18358341115724,4.11317499118416,2.77359506119687,5.10144446429246,5.71878686744457
5.10585369619317,7.1376091851731,4.53938775808045,7.2209229293058,7.22622106055479
2.20598984420594,2.78301553307938,1.88713478883965,3.87305153194505,4.61605089693013
4.31903701722932,5.97312907228408,3.81520505207266,6.38194684405208,6.63473960704597
3.23371406457446,4.24917399428712,2.81683832964221,5.16121593102304,5.75270314903141
1.82400784731869,2.10939721775779,1.49315712082511,3.32272611935854,4.14573429156339
1.59476400905491,2.10409312990267,1.41153818788376,2.99992816591635,3.81610095446155
4.28582077517107,5.85550678427135,3.74851052271586,6.3488400430833,6.59602080884176
3.27325397451436,4.32696868501001,2.86130698547159,5.20393109763394,5.76299847333529
3.67779364842043,5.00404031479239,3.23427372771584,5.69312927007505,6.17743404882845
3.91806501050293,5.25412614686619,3.3856904349073,5.93439532729884,6.30666389257417
3.43511855948705,4.61843913973616,3.03306147526955,5.4005392808238,5.91973013999898
2.98985100532073,3.8657713446651,2.60030695160924,4.87735991407842,5.53242550942332
2.24577078232376,3.09654971384529,2.01430054574722,3.93668043734308,4.7490780045302
4.39250800774812,6.0338198799121,3.86219812246531,6.44781847473298,6.66921629772873
3.37361752837431,4.6151088571915,3.00252438398498,5.34964110398327,5.91306479272334
3.19943485160518,4.28897612050356,2.82011541352582,5.14453239750708,5.78990047724894
3.45193796914103,4.64108517187441,3.06417937310487,5.43296953340121,5.96205254911786
3.06133800646704,3.94543271746259,2.63036677888,4.9238709900245,5.49153222312788
2.41427736955183,3.26453905155183,2.11656604118624,4.1125095105439,4.84989655529289
3.50324634240453,4.72231720734426,3.08190634024929,5.48291547853353,5.99736641849439
4.27302414377912,5.90352260572309,3.78124862222407,6.33533997688792,6.60135095699937
4.30189805029448,5.93480919146008,3.79030549641821,6.36575800331083,6.62293445183746
3.7750546441074,5.12973627432011,3.32492456826775,5.76463696015656,6.17412640409817
3.09878648622945,4.02120566137319,2.69560264188443,5.00455008017073,5.64668404346836
4.06969692543261,5.67681640058922,3.60962008239198,6.1592851918927,6.51128794766255
2.38850358849203,3.05585234002915,2.07277270783502,4.13261784946525,4.88007298246054
5.01273140664735,7.02415604055535,4.47007014305415,7.12341147754503,7.15946945532713
2.41404705234793,3.10106108225362,2.07881071173914,4.14834168111582,4.88910984300949
4.00158181019415,5.47284001284934,3.51741312772563,6.03951920324257,6.39636785416535
3.85251575604019,5.2727690028029,3.41270372920975,5.87526280289088,6.27385016228005
4.22829067780686,5.87123793974711,3.75663406997511,6.30082390141482,6.59116879343375
4.2330258699754,5.81982632153409,3.71828926171832,6.29225477865855,6.57023218463471
3.13865881057111,4.19087102113635,2.76290150447966,5.04353230005818,5.62442232384216
4.35472456047857,6.0847428079566,3.87619530175697,6.45274809102224,6.7005274099049
3.75142132979121,5.02168728502397,3.26483735844728,5.75415280165614,6.18821148776891
4.11102565030457,5.62487672385479,3.60773271039939,6.17493151011216,6.49245371775704
2.32780817707462,2.99635493616402,1.99600300046256,4.02943362907846,4.77973634257706
3.92009370361641,5.34692370164849,3.44692366057958,5.9634095334353,6.35413106215974
3.28459538805049,4.45209845896977,2.91042007046482,5.2244581582461,5.78418294543871
1.81580295512822,2.1690703489619,1.49569772288322,3.31928741242153,4.11776245181859
3.78035778423342,5.0729359796332,3.29065185499125,5.77380039966322,6.18807645579748
3.99875756864684,5.56849593964563,3.56839098462969,6.09898236936097,6.48590732685936
2.93125339259903,3.70862433206445,2.51015325676405,4.78536150573023,5.43995922195027
2.22508168427529,2.73461178182256,1.90031905697721,3.91271595476835,4.71119799633157
2.94145755346651,3.79834514457065,2.54994991631679,4.81478063952115,5.47790446046411
3.55025551781743,4.73213245411185,3.09565339667027,5.52445094022338,6.01832679113105
4.14200703577679,5.73025323887704,3.66318662947021,6.21128998126654,6.52606406509592
3.90599908435825,5.3346024873233,3.42728201400976,5.9378824651532,6.32406393201261
3.1280301345923,4.10678676767831,2.70544567235709,5.02545232917059,5.638232196668
2.56813992726502,3.26185722115006,2.21077012590735,4.35461664090476,5.09206936772475
3.83884346193072,5.25954400029352,3.4035894297588,5.87054402219257,6.28260687665534
4.85070375651142,6.82761959942665,4.3283769984641,6.99605742152907,7.08087400211782
3.84743858362553,5.16965192216588,3.35011165631546,5.86117914180803,6.26365637078111
2.32510761729151,2.84269292003635,1.98289965508341,4.04243515603887,4.80956548671337
2.99069431545218,3.9494396724795,2.62615348772969,4.89112625189944,5.56509750054837
4.47871668814096,6.20419572785485,3.9592212069084,6.55670805748108,6.75620274696468
4.33486318177872,5.93699449919434,3.83204987119386,6.37424449329852,6.61672587641418
4.50930246932122,6.33716973550118,4.05178307435809,6.61905538642806,6.81865851668924
4.35718418983375,6.00715203382239,3.83071799350244,6.41574412473326,6.6493459998223
3.96202763178383,5.43924830930552,3.50257422202312,6.00692420703112,6.38650701262377
2.5903327410836,3.28235296597164,2.2195904462832,4.376816292847,5.11151824531717
3.92182480902839,5.28120152566025,3.39793356739019,5.92818455158053,6.29619116926634
3.15382294754386,4.17459599949157,2.75034793670211,5.06609768262034,5.67213466140563
3.13780392838932,4.13243967184517,2.74813738047576,5.03554097428281,5.59884105714942
3.35606277159808,4.49392029280985,2.93913349065848,5.29850848037385,5.84194651350496
3.67052973997568,5.10390728483945,3.28862447167243,5.7171013237988,6.21860627725673
4.62227086858885,6.38740693561763,4.10111343325729,6.68253604278812,6.83289626374862
2.74156983828071,3.62285416063777,2.42533758892178,4.59647769407917,5.31249014811425
3.84538380429006,5.31100710331579,3.44648878797294,5.88523170647961,6.29731936439515
4.22855872345202,5.75734275209586,3.68284737917973,6.26659227086758,6.53113179185447
3.80735528064388,5.22829377993013,3.37490333965341,5.84119722411719,6.27197880714411
3.09740512412655,4.05591525313145,2.69326736556766,4.99450688866484,5.59950411962526
2.19632714407482,2.83436005434198,1.88555225029687,3.8591819611446,4.66247976031032
1.68975312105528,1.96272142901984,1.36925753038407,3.13073437699126,3.90611432788678
4.09067710650934,5.66516461987197,3.6215327595204,6.14801240135169,6.47919243681274
2.99474484678837,3.94713140040078,2.61236400979039,4.8789578812237,5.52106136290797
3.1944723626737,4.16349854831225,2.77905927294758,5.11533996176436,5.71332877515226
2.74744209177781,3.49541090565689,2.35980614940618,4.56831866545233,5.24072785182216
3.68989981503784,5.00791591474264,3.23037105807911,5.703502843157,6.18463550053771
2.75612576604431,3.60261781739219,2.39173563141016,4.58123459716302,5.26478823959591
2.94100475204231,3.84295518469144,2.56339045357216,4.81413450932796,5.45533668893009
3.81924767831597,5.1290193202861,3.32707347390806,5.80454924742024,6.19853146267502
3.25158511048289,4.34314005233319,2.86443088960698,5.19933594093001,5.79734453454714
3.1970148504849,4.25177712256759,2.79661014007633,5.10960324377355,5.68249994272744
3.69183310264953,4.99077252431925,3.24375354305488,5.68907276809632,6.14025762241427
3.39305063679376,4.50518009284462,2.95114070780167,5.33959316372807,5.88080697902802
2.69381588848828,3.60099454960377,2.42814042483546,4.56559179465987,5.3124910733831
3.54896827890081,4.82740761300725,3.17072547011918,5.54912767368787,6.04382603181172
3.26073494485516,4.31990121662564,2.86555679899032,5.20976175860887,5.80863977830967
4.2268398487059,5.82874673462162,3.7286856402487,6.30159194670068,6.58624974702097
3.36032944909829,4.5290185142163,2.97986591482606,5.33130811697805,5.88997018993882
3.63391484455804,4.9088577287758,3.19663102068172,5.63270341604628,6.11365905777557
3.63370930814135,4.82874089462556,3.15842200675696,5.6168674929525,6.08139777523775
4.31346002693987,5.93265176043955,3.7923738714363,6.36705880303859,6.61682192389379
3.75008747683382,5.11824998763337,3.31945671518503,5.77721259711899,6.22692450599087
1.50622989614907,1.97650914644624,1.28276970509405,2.82764056630763,3.70464156693349
3.64592821404138,4.88418068165452,3.18774812011121,5.64338847092808,6.11661070653853
3.90713013326953,5.20078973668314,3.36692394945087,5.915066929711,6.28282938195766
1.31707450688544,1.63793432229918,1.08704418625138,2.52351926571604,3.34355495506782
3.50830416631551,4.81101653912177,3.11143829656622,5.49304854127907,6.00772216895194
2.94905366712808,3.87751839149693,2.59783463296586,4.84170942742242,5.49773777147392
1.594854481903,1.76685790030625,1.25273475437822,2.95994401901194,3.73109212296735
3.08220297793741,4.06588369225879,2.69369140209982,4.97575419339205,5.57085665513903
2.47854223117039,3.05623852686493,2.10119969241953,4.22724990977061,4.94541419115631
4.34665661085981,5.98267256965319,3.82027842910797,6.44690740925122,6.67605012559354
4.50256538231491,6.20274399785374,4.02179119009624,6.55678667925293,6.74183745683369
3.32615261317925,4.43727052884195,2.91678253314986,5.28091888507148,5.86312426241268
3.15777271892566,4.34243067715509,2.8798876837404,5.14134444630896,5.78782696900989
3.70776360630334,4.9992451385781,3.25150391573661,5.71366276567427,6.16775802672416
2.84727524974277,3.84124703023659,2.55407851902031,4.74474053523236,5.46628878345089
4.04165321050728,5.43593413304511,3.50992684122426,6.04807215892367,6.37112940518149
4.42167000866994,6.14250809715293,3.89980340948019,6.52361335086212,6.73197036721829
2.3808393936318,2.94751067594035,2.02256215504972,4.1070673936003,4.85685303701311
2.67283980472154,3.47510545781778,2.33545850819848,4.48832837128436,5.16378110640981
4.23833366854769,5.83498805075627,3.73929212662717,6.30425727002796,6.58219251103519
3.97681726841312,5.42304436243144,3.48469819719352,5.98992983780073,6.34500365941032
4.0211769287732,5.44000159573814,3.49662258421656,6.02905472458808,6.35934905197405
4.78482038454923,6.73276490889198,4.28952693805126,6.91145853310319,7.02156419947675
2.67595475045318,3.39559053269239,2.28220715242387,4.46571305506539,5.12881108665989
3.40202522673744,4.55927060778028,2.99143353754516,5.36207266507333,5.89941234000266
4.15940937664862,5.73790318361743,3.6921846986312,6.21538937532041,6.52331504271124
3.97244313618608,5.50166022730255,3.54682181017751,6.02992186089009,6.40046406365251
4.2225432151381,5.79774076613174,3.72628244208147,6.26186970735508,6.53720019785493
3.27033654340415,4.26552379687375,2.81891790404711,5.17517014912871,5.71538362740364
3.03564848237496,3.87313449094283,2.60588325279601,4.90618995104802,5.51264506786225
3.94655087585439,5.42143799774601,3.52149237711973,5.97674662930308,6.34452504498799
3.8701350508874,5.25390004583971,3.38791984718089,5.8986089245713,6.30358601693126
3.40235109644327,4.4695032508112,2.94848420901031,5.34092000668727,5.86519253248463
3.42105728717961,4.50958603438667,2.97648675800361,5.37530230368202,5.9096322646003
3.50098257250985,4.70072699359092,3.08148342749982,5.48025249483158,5.99547355389637
3.73582547634015,5.07869091230657,3.28283044789191,5.76496280548164,6.2309211190979
3.51219988267094,4.83348819566166,3.14445672342844,5.51782240358986,6.04090115131819
2.86909959795931,3.72125785314666,2.47323935124892,4.71729075020867,5.39796668516009
4.26513970864716,5.86131590780308,3.74193704779035,6.33786733968647,6.60226314402179
3.66101785489591,4.86003748760657,3.17873434203305,5.62717372703949,6.06741520393188
2.59733215492701,3.18663181727716,2.25352424653625,4.39130238543974,5.13887189476883
4.57280489056669,6.3758380412992,4.07291392201327,6.65982131434087,6.8309490199975
2.95693080473949,3.85154920519064,2.56343501375823,4.82891980407105,5.47797020768371
1.83322274024573,2.31558772643064,1.58982151557539,3.3812059317339,4.24583450776859
3.75241504822219,5.11811282204739,3.30981274779467,5.76090375557189,6.2029858826564
3.27924523849132,4.35779296465557,2.86864153285988,5.21691952770188,5.79253465932633
3.91531028539463,5.32275413559696,3.43211737903778,5.95012521778717,6.33367356394697
2.90379807800762,3.72919718988124,2.52201249903214,4.77669947675242,5.46297794762735
3.3142156661572,4.4226769606307,2.92753107836097,5.27533643432375,5.84979652064778
4.13845093156672,5.61877285627114,3.60720627062139,6.17470624479324,6.47321229553812
3.51565918242603,4.80942984811635,3.12233899895583,5.51355696987234,6.04053718690271
4.3878353114564,6.0829763949246,3.885782693311,6.46599485278825,6.69266288054259
4.87276282989059,6.81484602509343,4.33496052834597,6.97090765465304,7.04686082691161
5.24408965742993,7.32875486964293,4.69287163417396,7.34978123736075,7.31346255361924
2.3449345065534,3.09459034646837,2.0721978078994,4.09074622838503,4.92956562993948
1.56457447073946,1.98111223008972,1.30387940003829,2.90595387400041,3.71415097787566
2.73031234777162,3.51279580497201,2.35684024646745,4.55436980427729,5.26531523605476
2.82408180090225,3.6964052408319,2.46306958909458,4.68057962293745,5.40409214951062
4.83262941685813,6.72686849918856,4.29073839683464,6.91606034506594,7.00544415806908
3.34220916846906,4.4900269644347,2.97875801635401,5.29353821475265,5.81844027266665
3.47472127435197,4.75947505408187,3.1041058259973,5.47371816222009,6.01550067343029
3.19797987936896,4.24445028531355,2.8028469745488,5.12618626838018,5.72561703296518
3.03811102538325,4.00996179450253,2.65376760424472,4.92778576206337,5.54981936230469
3.85658237711015,5.31625617345059,3.42951813526649,5.89992122368178,6.31804825143624
4.62197761617348,6.45275785559754,4.09284490082455,6.74109927318155,6.88798202944444
3.88735902819439,5.2966450368618,3.39252998780128,5.90433553350063,6.2974684334085
4.3385815697172,5.93432329070408,3.81022231669203,6.37354553417899,6.60960891848893
3.79928141035891,5.21177869345836,3.36393736334205,5.83016292940005,6.26416598906526
3.76814961552747,5.17540878436914,3.3605377845882,5.80238238165174,6.24342258841187
2.30002294414193,2.83568254060174,1.91568728495467,3.976083637751,4.71586430638385
3.21256727573077,4.24239738137926,2.81649016068437,5.14383721122408,5.73637758582317
4.31810063208887,5.96739473517865,3.8154235711556,6.37845581708444,6.6276435350896
2.80761368399559,3.58317146492451,2.39874064345396,4.63419115788969,5.31284586039277
3.19676381052146,4.34980294846935,2.87120384825771,5.16365912538895,5.78919000341582
4.97653342522023,6.99580276296968,4.44282235089872,7.10284862137812,7.14889433180674
3.67717567962447,5.10828259482907,3.31723691309856,5.72678693090736,6.21491218830571
3.74238020873364,5.03713711700722,3.26545690510325,5.73632223749618,6.16619203728542
3.07912236355637,4.07114463274845,2.71051211669689,4.99398125168576,5.62054503506062
4.48779258978648,6.20356651160126,3.96519453304913,6.55561508439465,6.75220108353661
3.08919756379596,4.05537475876643,2.70312699771764,4.99185213507048,5.59187168965579
3.28490325693049,4.38144383982352,2.89556466280328,5.21100157428142,5.74173917829876
2.96029448118993,3.73376571732014,2.5732399141544,4.82421500637038,5.51084085695849
4.05700518680284,5.55741174494431,3.56789616649188,6.09493295448818,6.42645028338876
4.43930706868046,6.12234900284626,3.94172038940868,6.49845993792798,6.71188614094838
3.8026224731704,5.19114089006652,3.37063013804801,5.84260470644707,6.28034542010906
3.65266878992355,4.8922737222367,3.19388119894329,5.64923952532114,6.12174838056691
3.14903378115401,4.21649041988616,2.7653882505318,5.07029392766764,5.68933423296994
3.17261911911481,4.21132243348095,2.77509910989813,5.09545955304974,5.70983523333348
3.26190716681752,4.3555612726533,2.86985821019928,5.19617929739106,5.76046500118622
2.84598195264941,3.66231250718927,2.48977279592827,4.71672457484125,5.41297895405244
4.23617825442879,5.86842594050457,3.74966388608475,6.32035016774129,6.60800478361096
4.42170119678484,6.20936268788921,3.95964209544197,6.5320255553931,6.76289018442325
2.7813067838231,3.54052197054639,2.40201061417999,4.61991194519671,5.3370870848523
4.098354915782,5.58948310473381,3.66541279440851,6.12397708792473,6.43304337460523
2.40261410332896,2.89535074703803,2.03397586035156,4.1227816672704,4.89633586287829
3.57253295178964,4.80079321333064,3.12819302432027,5.56998969589678,6.09154772974185
3.79831746913739,5.18666542883945,3.34497116593716,5.83358110453911,6.26846985181337
3.48666441636771,4.56718589894796,3.01368258160665,5.44141700568982,5.95708869481272
3.15130834677592,4.05983734139891,2.71114943490252,5.04476650025395,5.62999580534693
3.4187815142002,4.58682815016742,3.00142171078594,5.37751438264141,5.90630542436685
3.11496340129943,4.02713175373357,2.69613572778684,5.0082744505961,5.59480253568172
3.96938008184357,5.46854119012815,3.53152891481073,6.00981223384122,6.37741589276914
4.2658156512822,5.84502079949019,3.75761153574458,6.31051604670431,6.57355953126975
2.87002044155748,3.75395016597292,2.52479011644616,4.74905336369987,5.43844285654483
3.302685090405,4.41605238118569,2.91152389311379,5.25264696845078,5.8164082299405
4.93037537139708,6.92661347389381,4.3999542521065,7.0481235773078,7.10744233944034
4.61022259125475,6.39766024214859,4.06695818912558,6.69405070444197,6.84508118767622
3.98736207277766,5.44089910750308,3.4815625643334,6.0254991761462,6.3885115472009
4.84361354052927,6.68979235715957,4.3470235046331,6.90651872345959,6.98255995937767
2.83658955229486,3.76134316280902,2.51774201495588,4.70373818494517,5.36686357905611
3.7778761521123,5.11707521631427,3.34537648936579,5.77678322589191,6.18576395310247
3.10430255708713,4.01600598695255,2.71865849620963,5.01639267456047,5.64736716159137
3.71343624557763,5.15099101827348,3.34162425145664,5.75925734189599,6.23626100191709
3.93976573663459,5.32267386542373,3.43191128593448,5.96742146483745,6.33946170920747
3.97359004816738,5.39329065905044,3.47318653386176,5.98411098929251,6.33761302779063
3.59410699767602,4.80136174182701,3.16026681522781,5.5620135449093,6.01481772032698
2.5978298012127,3.25223417728377,2.261098104329,4.39501345881843,5.17387562532425
3.46174340520309,4.75985295537287,3.14486090965828,5.46326817408766,5.97797855622771
2.66009110363544,3.39643596389741,2.25929748540755,4.43236715776285,5.09248649529784
3.25805032889447,4.48509464633762,2.97663934330159,5.23356508036285,5.79785662688701
4.36619734910479,6.0021520634725,3.83404536823566,6.425510479856,6.65476644070327
3.12045431151402,4.07205350073398,2.72254188331438,5.03026367680513,5.63701471170296
2.24727268216424,2.91965452062711,1.98342458386083,3.96198317413102,4.72954677414819
2.83655139714795,3.65208696794418,2.45320216235602,4.65445934916912,5.25067759776202
4.39704036369071,6.06768641977884,3.87348373890847,6.4663263034281,6.68509792961955
3.3205399230643,4.38088287268231,2.89266105236878,5.26327479561125,5.83686689142976
2.29153837997047,2.76274964162485,1.92830241711057,3.98351048968425,4.73538940395289
3.97978139760997,5.52695210902022,3.54269154457685,6.05892376827567,6.44258221689577
3.8707421747516,5.25416171509071,3.3861511582342,5.89294215608762,6.29242854472333
4.5444173520472,6.41268461060265,4.08370432973946,6.67307162492651,6.8648254176422
2.93050414802002,3.85578143520454,2.55547713360822,4.79709480145335,5.44034891001198
3.08063023285873,4.10541287598576,2.74154881922953,4.97289861912967,5.53204373091631
2.97278412881032,3.9623507222651,2.60493815641485,4.85200751262035,5.495496115041
3.72971166629667,5.04712616667915,3.28338060888545,5.72126279255435,6.14907400151976
3.44677376508716,4.61057129753429,3.01593778774351,5.41377699358303,5.94945985533032
2.4998452461427,3.1093002098414,2.10200661135998,4.23793125728964,4.92827916643038
2.19512396620288,2.6288828681833,1.87268067755378,3.85869083611111,4.67705960701359
4.39674796052031,6.07852233143966,3.90231223489839,6.45612174373651,6.67912301174741
3.29023745629861,4.2667890708194,2.83703075654078,5.20797807570428,5.7619827804387
2.70724127926951,3.50582711464997,2.35110260001627,4.53057080305791,5.28186876339517
3.46838589940256,4.54797277165385,3.00537399612773,5.4090310410568,5.89839252431686
2.41947160865007,3.33072871671202,2.23488634925405,4.22879407332878,5.05144795729029
2.90267994536341,3.95320076807075,2.62861574427677,4.82175921119296,5.51649231037171
4.13216849318642,5.75743336884245,3.6970189673483,6.20396743942321,6.52442007336236
4.02739539271954,5.56454071027985,3.58054150936133,6.08236186404423,6.44297594758896
3.65446482916081,4.92663272383083,3.19626893282325,5.64680523614626,6.11501988646438
3.34919437179351,4.46220908346616,2.93294627164246,5.28085438968287,5.80443755016015
2.57825237601463,3.33359449983297,2.24422060573628,4.36084263044316,5.03427194321852
3.24476444877063,4.2681089361155,2.82334324134359,5.17174144487215,5.75714133156328
4.15992317664804,5.76740328305973,3.67147059345686,6.25265716666468,6.56204905585057
2.32936597694716,3.04696194481418,2.01280646042989,4.03690681281708,4.81604918008764
4.07932227070001,5.5844897869847,3.57817012286368,6.13682874407623,6.46540683841961
4.56896244227872,6.34383784500259,4.04432803748759,6.6507651822516,6.81955560145583
4.29265659374462,5.95094124016763,3.82343010071049,6.36451523121381,6.63235415696222
4.40515845835426,6.12541173549885,3.89335384455186,6.48623835842403,6.70743167175324
4.26989716444113,5.92420542430725,3.77251589865925,6.35154588039935,6.62118123929225
3.99823170073495,5.40490127674867,3.48521744127071,6.03765518649947,6.3912589839398
3.80521391789654,5.20504423198882,3.40229829167864,5.82653886014977,6.23421155418818
3.67331587585166,4.97676351578904,3.23747088246506,5.67682342639833,6.14081089660139
3.90192105892173,5.28652690722569,3.421347320589,5.91685164915782,6.30218164931465
4.04159109119425,5.60349014856862,3.57191886089678,6.10012465338809,6.45761816433057
4.05753725145417,5.55754747592295,3.57924390840006,6.09039479517403,6.42584062682085
3.61787605989769,4.88520885569186,3.18061149323714,5.60069660075923,6.06730811175598
4.11548971247397,5.64649714541897,3.60310577695853,6.1672598436952,6.4831816913738
3.04234263131652,3.94862009897724,2.64670738573582,4.93584736417087,5.56298376853455
2.8142156022966,3.77371780434018,2.47963501310005,4.67763856726825,5.41198653135724
3.15740983677837,4.17575997118271,2.76532846918428,5.07180049547224,5.65963051398941
4.74243610315363,6.65012276127718,4.21688588240873,6.85746321684,6.97015835170367
2.71902324973306,3.50898976986848,2.35872223529656,4.54623289423194,5.25118872971763
3.48285969441086,4.60378110910605,3.02599011117623,5.44459453882684,5.96199531314304
3.84908611307583,5.22311072415673,3.37177730262432,5.8831630990071,6.29473173414833
2.99120768694925,3.95164208564219,2.61344552321993,4.8777222389041,5.52653988965936
3.41115967518975,4.59559937100679,3.00442381115648,5.37441899833132,5.91335959996349
3.6016419474843,4.78199529022308,3.13118471508351,5.58038442509505,6.06077055371819
4.26945738421593,5.86784005350558,3.75142649109359,6.32750290418435,6.58828332856317
4.41664639571257,6.10758847623248,3.88675661165436,6.49629339583551,6.71210062795066
4.19102247662808,5.73088615275739,3.67687380727151,6.22229401252313,6.50593612477582
3.59572837749558,4.88827906284184,3.17477041004725,5.59788350448221,6.09867295284036
3.15286314260756,4.27650004797004,2.79582929447929,5.09272358519595,5.73610832163766
3.84150459532067,5.15475916997593,3.34583232230477,5.83596314101441,6.23089785927484
3.54350184012831,4.70587888511178,3.08261339509186,5.51132746301709,6.00390192933888
4.38425105674886,6.0180860806821,3.86976509267804,6.43459568249557,6.66081961058198
3.18405384985539,4.13985851294904,2.7762748081023,5.10517134889529,5.72626619125895
4.15124980213114,5.74558333249528,3.67379447508595,6.24525552616715,6.56746317841723
3.41243415430798,4.562382563004,2.98908993293515,5.36996662213676,5.90476930925897
4.73266990263497,6.63260981540208,4.25544305424795,6.83962213941911,6.96354505422298
3.55639767482702,4.92647095315463,3.2411144336638,5.55646606337273,6.03380483010409
2.54622188527554,3.30092862124532,2.2211165107335,4.33782297603574,5.08185130986207
3.9984298057271,5.49295050885995,3.53703443713089,6.06895747053086,6.43775132340459
4.78623468310545,6.70317704164688,4.25128806261183,6.89356146361521,6.99154804476369
3.1995088226505,4.16532057966255,2.8110850416444,5.13350412934932,5.75990769354663
3.63500633157963,4.93025250322791,3.21158349421803,5.63836831027116,6.11034402130796
3.30551058255475,4.58629031554385,2.99513167941016,5.31322842559554,5.94420541998438
4.08465020060806,5.61866025725333,3.59554271619963,6.13777883263807,6.46921421469648
2.84688143186749,3.78760120400493,2.51487754921817,4.72361004088927,5.4334815124563
3.24472219568418,4.30405107559729,2.86880208495426,5.17100213549169,5.71452924413626
3.72882782546493,5.20494592507876,3.36442221830397,5.79098380107018,6.26998289418105
4.65993919374998,6.50782363809186,4.15910493685348,6.75751268825001,6.9052590070589
1.8800743272522,2.25596806076893,1.57246133822503,3.42722606685141,4.23689077351474
2.53893148554092,3.25906240886265,2.19337433561049,4.3188184632537,5.0527764587917
3.12749133546571,4.13050333690898,2.75467970609341,5.04932851460386,5.65309411621389
4.50748324845442,6.27787373599991,3.98893857652488,6.61462261488774,6.80162398391162
3.0560686908402,3.96286178558904,2.62930139069259,4.93345805053749,5.550276432085
4.26606134299982,5.82501558787745,3.73795506009155,6.29676770430604,6.55549672317486
2.51505435241763,3.18909126047607,2.19838405840711,4.31205542856488,5.07898197044404
3.7514022442544,5.04363235702643,3.27621386911838,5.75858635682541,6.19568283149104
3.24237222408013,4.28920567660761,2.86057253949918,5.16892243309927,5.71236078299227
1.51247725151077,1.91590719343821,1.26292236368078,2.82241589834996,3.60638890418877
4.22991476967253,5.85110184911762,3.74905853746241,6.2881722208243,6.57254781151912
3.63236371796287,4.90936585764345,3.21336276730323,5.62718125893434,6.09120254848446
2.33900342129949,2.88402469645801,1.99228891282383,4.05633334521786,4.81451911088144
4.08273766369655,5.5986458030681,3.59752813946435,6.125973260725,6.45966678696439
4.46270315980401,6.22674863514661,3.93899735844232,6.58681844898215,6.7776224392507
3.03152058746243,3.99756138570656,2.67095749105592,4.94197308189851,5.58477076817198
3.53922234997864,4.66347039666128,3.05282249960265,5.49276709438468,5.97823001727014
3.75273481298148,5.09544701633826,3.29856248662336,5.772401788034,6.21927948786684
3.9626012936511,5.31386151120936,3.47028035326879,5.94302064831708,6.2782156451701
3.8282905585958,5.18994213808373,3.36349129950968,5.83717100676179,6.23962167592259
4.00906824388511,5.52851215180683,3.54340337603375,6.07180803302277,6.43782038222213
3.35589545845249,4.66029034059372,3.03261578378273,5.35546231331933,5.93371062390426
3.73204665471762,5.07950828444269,3.30743055609252,5.73717775991234,6.17146332524711
2.5013657972831,3.14335511063806,2.16572361543879,4.27241056692711,5.04957097447274
3.57273480071901,4.82861930088751,3.14859848394583,5.57965596180319,6.10202314045135
4.18095622910761,5.75704253635638,3.70164671500178,6.23921882307289,6.53903463881548
1.57184845607082,1.93931346527292,1.30293028816833,2.9354238346021,3.72222185415306
3.27444616876249,4.24796348287539,2.81841958212175,5.18456064604733,5.73416426983463
3.63145890646444,4.83857503604222,3.15256044329335,5.5952642856292,6.04446794251783
3.64635339476516,4.92018496132391,3.24383648247534,5.61717477279117,6.04495746258078
2.4683667118543,3.03437231703842,2.14784374277347,4.20450727053748,5.04529894492809
3.48491930419985,4.80473388986215,3.11980815825578,5.49667520053445,6.04413754584102
4.30346171661449,5.99357449323456,3.81902746415034,6.38593133415027,6.64317675673652
4.25017257047348,5.84521045247636,3.75345847017936,6.31039740834445,6.58791431539835
1.50358421910106,1.74111329633634,1.20019125437965,2.83104924912704,3.58823044397243
4.22149160429449,5.86787267699416,3.76318308880765,6.28070659565864,6.56313961584697
4.15950125382287,5.71757711168223,3.65706420866946,6.20963883716618,6.50932323113317
3.99357531215371,5.54706419083155,3.54810385191376,6.06082614964862,6.43486994786257
3.97519867186247,5.39616632101389,3.46532092468731,6.00091845492536,6.35880598130188
3.3386263903672,4.4828086074255,2.95039726473171,5.30765984528981,5.89034825583012
3.51240380805362,4.73848308266592,3.07273263694071,5.49152671387927,6.01674339352556
2.80544896483361,3.54130904518646,2.43022183150817,4.65259552444662,5.33891028884345
2.02527222587519,2.39563378350039,1.69287114036337,3.61644005612679,4.44372340393572
1.67002205159087,2.08127647289762,1.38929715448886,3.08788107099574,3.95629005957292
4.46554364185807,6.18157340612524,3.96875185718716,6.53463486873783,6.74123185851674
4.13634158834174,5.71401593868608,3.65546426214989,6.20377770307544,6.52050929169657
3.93085126493017,5.31592990974766,3.42753689688918,5.95500731818394,6.33103062149935
2.67103824552545,3.4653031476248,2.34441716915148,4.50683503911737,5.23940122808496
3.4273225187048,4.54868563580585,3.00188375106339,5.37303474202557,5.87353451582412
3.44793383341404,4.52765929806346,2.98279227221947,5.39893584628667,5.92808798756497
3.5614299711097,4.77298023156227,3.14076921020157,5.54617114277655,6.03592965504091
4.62898068733098,6.51583028290236,4.13245420051511,6.74617110868446,6.89913476551019
3.60373697872876,4.86294479559186,3.16790730584013,5.59424372165879,6.07460392604916
3.79083093609072,5.07843908574625,3.29473906834099,5.79203860162679,6.20604538408723
3.71870403629391,4.95929508538129,3.21750055394477,5.68498487313294,6.10676416409012
3.14002611167055,4.17392164608752,2.7407550864701,5.0487721371497,5.6635475881141
2.09816081419672,2.63472180218072,1.77690699642514,3.71626376786654,4.47346083455319
3.89040453110179,5.30821570709263,3.44723560473426,5.91834221856361,6.30726546973531
3.88365253151368,5.35760127123775,3.43000908655216,5.93627005831096,6.34878626103048
3.25244491068975,4.27514331866254,2.82810166451066,5.17726627330995,5.75147284602255
3.68774448986792,4.95226402292691,3.2102152179582,5.67191275855918,6.12360058289961
3.44155003393856,4.5517581534548,3.00067848745547,5.39654457988922,5.91385858397416
3.97263131809706,5.43256002962426,3.49015928369316,6.02746040153479,6.40262101459921
5.03591550169928,7.06288742756013,4.5100511035651,7.14605840527512,7.17512615321737
2.47592247600101,3.13145480781751,2.12152593709355,4.22819231016289,4.94006730888928
2.49212368521841,3.20753874285019,2.14042973129864,4.2457297857305,4.97130411865279
4.35497824550228,6.03551423049968,3.86308087450809,6.41973416153127,6.66127284645282
3.76192538763171,5.11410296554949,3.30504586762924,5.76940002624268,6.20646626040271
4.39707049407111,6.13274675908516,3.90755675813619,6.49194238435348,6.72051249445227
3.32136281168624,4.35431115639971,2.87165677991224,5.24205183064237,5.78107831914128
3.53706106823804,4.73907765710246,3.10247057708052,5.51229282434563,6.01180493079283
4.22671956880344,5.71221574755413,3.6785785736239,6.29414618845803,6.5546615127987
2.36936297109341,3.04820656255184,2.04875784285073,4.09543365736336,4.83896934661549
4.89858366336923,6.83852177127159,4.34222037353046,6.99644330739451,7.06299787687766
3.67116844572944,4.91412588734653,3.19694846150694,5.65629071013233,6.11259974439978
2.70563798339597,3.44621790808679,2.30012091386018,4.50391407892686,5.19609803158826
4.32917101522305,5.97294146803322,3.87050500448322,6.38990708166281,6.64027021259384
3.17330345838889,4.23733585620734,2.78230725790747,5.08302822209641,5.66276316536055
4.5921157023079,6.41365526959821,4.091669960796,6.71341191862811,6.87996657800688
2.95946578059079,3.924943619742,2.61148365643974,4.857260728983,5.52446636182812
2.77801737281363,3.56830053962621,2.39222732527269,4.6060541247858,5.31444509536363
3.639392120736,4.85201092834782,3.16710023956722,5.6166109431424,6.07668025752613
3.38240095976163,4.50750813909943,2.93721852071112,5.32417356298387,5.87243039927556
4.29441813985085,5.87339777852529,3.78967019273923,6.3251448206562,6.57674458926367
3.96659443009691,5.48571131995099,3.52179642790458,6.04392361225796,6.42964998009849
3.00674943240897,4.00377931769657,2.64628299684929,4.90092512939652,5.53380092424116
3.25756840895409,4.24501196032362,2.81787964965386,5.17171904392637,5.72750056030527
1.34793637213619,1.510397827174,1.05504455780638,2.56958872154671,3.34300903586546
3.91811414465838,5.26715007035129,3.40138956125119,5.93589679792195,6.30460301025438
3.3993360366124,4.47106576443124,2.94809890356688,5.34294394027839,5.87611794541501
4.6745845371056,6.53244882041849,4.15239567104508,6.78343082105114,6.91793701968651
3.72299066764826,5.0496913289815,3.28595449107506,5.73110738530311,6.17647942633275
3.51031303689762,4.74477079901847,3.11134908814601,5.49639713931319,6.00503347470658
2.35373833069067,2.89756787357269,1.95908610772411,4.04326268052523,4.74978825897762
3.84033877931864,5.15779291913069,3.34605576063141,5.85887195894623,6.26602404975208
3.95305745970033,5.32801487221458,3.43559491558375,5.9678078552587,6.32447506521872
4.6703117177915,6.46506265589125,4.15914475586625,6.73831947816058,6.87359892228423
3.79631455122754,5.09735270697474,3.31227670555618,5.78952158285841,6.1979394496756
4.50991103842189,6.25343750852095,3.9939447915805,6.61338958421264,6.80511749723227
3.12211015277682,4.13878146043126,2.74971640450203,5.03992178712181,5.6422398517249
3.19720786124558,4.26570901141397,2.80371915419782,5.12704629864469,5.73531801336154
2.19434164120347,2.7214035136275,1.8483500214262,3.85109797450274,4.63503503881283
2.44542015784061,3.08073830444508,2.08454377968895,4.18611517978839,4.91395269252974
2.25970334583611,2.93345552985375,1.97888762073449,3.97138893578942,4.76265477933272
3.53346876079903,4.65456729963082,3.06250296691478,5.50264891751021,6.01217310170866
3.25067761518804,4.48235088403909,2.93853570139126,5.2288426894779,5.82949831179769
2.60128880225536,3.08388016421607,2.26051791176103,4.34383695123069,5.1231919298332
3.14962007708822,4.13420749277105,2.73341320318049,5.05171338737015,5.64341154266734
3.99699353575281,5.46859010948643,3.53279171641202,6.03156706146379,6.38474957312054
3.28109493014849,4.20634884430028,2.81423703595435,5.19173014240069,5.7546223653566
3.03388237001943,4.01143055648369,2.67247128073969,4.93754436041969,5.56358619294472
3.70045813928883,5.01640744436964,3.24210453494849,5.70211274806478,6.16046946239621
2.303919090066,2.66023006401532,1.94006212016294,3.96454214259971,4.75417858413386
4.44667502868182,6.19444156239167,3.93280458639018,6.56511482725192,6.77145573737845
2.9570086965645,3.8096829207122,2.56532852277495,4.83194289412036,5.50629381163803
3.89700460232778,5.3753421269063,3.48113300785489,5.94787863298761,6.34959469803224
3.53607027815366,4.66915876637323,3.06528435535535,5.50229840945761,6.00283612047347
4.47323191512424,6.22094761493698,3.98173767342681,6.55101110900987,6.7531435628764
2.7616348783935,3.66040859698974,2.40991390298766,4.59139181702343,5.28800238891939
4.27975257990052,5.88652550292858,3.74697163824198,6.33480102762009,6.59461764135246
3.87801602713633,5.31447607654284,3.41282581969918,5.9089142411646,6.30869019950415
3.40499308745344,4.62500885050317,3.06255458194527,5.41727150044297,5.9942600169691
2.61451983019928,3.39969043864072,2.2522001620757,4.39884669650997,5.10720415719957
3.17445664666659,4.14837736569049,2.76449611010176,5.09407396435175,5.70227241360024
2.19101645666372,2.62970158845539,1.8183420378671,3.82894305059598,4.6381878411866
3.64786347069503,5.00491963703513,3.26337870235765,5.64775243960749,6.10783407620811
1.49351041361648,1.91519606445245,1.29405227997026,2.83966813830111,3.69347777981044
2.76897105504292,3.46568143173335,2.35827597414097,4.58368661302886,5.28303028172813
3.81498031871651,5.16566789728679,3.33664620915749,5.82160082317307,6.23340214628551
4.68714808677499,6.48650971035308,4.14741418557276,6.75014124360159,6.88057116424651
4.81517569275687,6.70996149022688,4.25839628479581,6.91214454041733,6.99954881303053
2.61199527690764,3.31774598694104,2.2158237460081,4.37229494358706,5.02975314164301
4.04225239258181,5.56420328993608,3.57228570528254,6.0792061467012,6.42159650242483
3.5857503832316,4.79659130379543,3.12334069628807,5.57392101197832,6.07970106391174
3.12135818648512,4.05104536796829,2.72161730774794,5.02645628864321,5.61412232206568
3.93577134382354,5.32556614548117,3.42100131382545,5.96066045925907,6.33481591442326
1.15770815483122,1.34719048697739,0.947879530248186,2.24645981822684,3.07752657059448
3.54806676473482,4.76269757822522,3.12487679425565,5.54314256259549,6.05653220611227
3.51359982018962,4.65548319088973,3.08802735404934,5.45218234268191,5.90157337950637
3.79021649119099,5.13399997866199,3.31829357278536,5.79665620555475,6.2164026618095
2.42503642302831,3.09834633393915,2.06447500395361,4.14391250668519,4.85356926919313
2.65867824977932,3.31865566559737,2.25838459135363,4.4496761586294,5.1297528430838
5.02254520103909,7.01499328734642,4.47776912779848,7.11533181085378,7.14692714883858
2.86907085504692,3.7258508684686,2.51593188948255,4.7404869814114,5.40024354712488
3.96012155918946,5.44878083351968,3.51748084666575,6.01262605838585,6.39350996433147
4.47224154644708,6.26604271065047,3.99269156706334,6.57590946303154,6.78479208916523
4.33582859304338,5.94681514074733,3.81376722917554,6.38056002204815,6.62161794654405
4.66316907459613,6.55999481258993,4.15091125113549,6.79205549101116,6.93139149747807
4.86816762464917,6.78159453692684,4.3237666276065,6.95396371829081,7.03118216565829
4.15466294012257,5.7670606762021,3.7008501620597,6.21976182509343,6.53406330149632
2.52725692344434,3.23984208079701,2.18776707632563,4.30441702996192,5.02303521517489
2.89635048088295,3.71168227154288,2.49356007173239,4.75043202172602,5.40960561011812
3.58351247306649,4.80315675505657,3.14520593152726,5.56870287762343,6.05385200025887
5.12931822081124,7.1660427458005,4.55795247716307,7.2389455998749,7.23654589968151
3.83430199763746,5.25362286942667,3.37581315817299,5.8716523165312,6.29745541290575
2.92266960612267,3.83809434618582,2.55517064168496,4.78984026506572,5.41823237931423
3.8807666821547,5.26991544231937,3.40167810581404,5.91850055107682,6.31609923201718
3.32864304234686,4.53320783791375,2.95581252594061,5.26898795289152,5.80869027502228
1.76440266799471,2.16450190928621,1.50642101492847,3.27734783987782,4.11125527769337
3.87041164505007,5.27382853831506,3.40388280509369,5.92088343199061,6.3324326622591
2.70788423283267,3.51168029237449,2.35128770560519,4.53395846425348,5.26909852085803
4.45685674740878,6.211338838587,3.96037105941072,6.54401704165166,6.7540964845807
3.66602743767591,5.02858540358396,3.26735016371134,5.69569639743595,6.18225060706611
3.00889707288354,4.03826140640196,2.69239535140417,4.94197368337642,5.64085737987881
5.11425125929626,7.04247174510656,4.56933964052633,7.16743902865451,7.16793830060882
2.87291822575199,3.82047378711113,2.55503760720794,4.7712658690366,5.50909261425432
1.95761515256877,2.46492488825453,1.66618795139852,3.53283198791638,4.39026308182394
3.18029201367218,4.0584055476396,2.71762539420619,5.06736738865416,5.64176130533906
3.82424203070454,5.20400843153636,3.40620093605298,5.82038010059748,6.202106999996
2.3759630446954,2.92519872326511,2.01144297706672,4.09627494693428,4.83813212607241
3.2586687784437,4.30046565480192,2.85119890332925,5.194165180775,5.77026802205634
2.89126313556589,3.78383713596852,2.54553818760712,4.78110848867189,5.48734297328675
3.8997502703801,5.32695713784994,3.46097516770514,5.91247561025696,6.28626534466466
4.11701011966474,5.67324918837148,3.65645281666342,6.16706295676779,6.48490726171228
4.49758902046754,6.23789557257359,3.98485026207547,6.57619612534163,6.7734115805379
3.20941818262491,4.30922188808036,2.8244456997241,5.12762839659066,5.70027236749914
3.85567523649955,5.20253365407014,3.35756568100704,5.85767059860491,6.25238495310508
3.21187058602536,4.14308671860716,2.75711866208844,5.11269589232851,5.69158850459287
3.56230265710205,4.74818390765801,3.1215549581601,5.5249606023346,5.99416684027292
4.3130600123076,5.94365764615665,3.78317381631135,6.40020950217432,6.6466502662817
2.81904451614449,3.73655481881074,2.47427055509067,4.65892407805088,5.30582445686973
2.9711967062294,3.86424151444168,2.56255061308345,4.83238424979987,5.45556159792102
4.00955173617458,5.47388633011501,3.52458001021911,6.05395070413377,6.41093649510251
3.65592967847669,4.89384487915113,3.21384822950369,5.62447543579205,6.05444253734411
4.59597395546949,6.43184817845944,4.08946541811189,6.71506684930787,6.87539648471231
3.58553208333699,4.80770600047154,3.12959711232425,5.55954502212896,6.04036861301209
2.37735635664656,2.93579376967957,2.01209956008175,4.09360565040429,4.8671959839987
4.188307618792,5.74306511497685,3.73049968981973,6.22572431026289,6.51289380869638
4.2464236901705,5.90824895528782,3.76429145512519,6.32793608690824,6.61015504802677
5.73223333895881,7.91300479191249,5.16952437278057,7.82512949000315,7.63800223934451
4.47811259144125,6.19425720110038,3.94503457681567,6.54849056439816,6.74666766442743
4.91263882915305,6.94752542609829,4.40646194639237,7.05629331704894,7.12281061188413
2.87648544691584,3.74443482396203,2.53458723334694,4.75923926865628,5.44280993354072
4.45322340927891,6.18790156581211,3.93844176156941,6.54418172988793,6.75117991970072
3.0490453458402,4.00470238867706,2.65632589329173,4.9446986453705,5.57954347992019
2.87000971771451,3.71988613692062,2.51289123670752,4.74223830664832,5.4187458297492
4.31837856575667,5.92157871057656,3.81995730622875,6.36165529323716,6.6098562835576
2.04134322485843,2.65154679303551,1.77787350363317,3.66416393869731,4.4980529089796
3.40698738844645,4.50749165424451,2.9457745932985,5.34623262341498,5.8825983357877
2.59321189743454,3.22186775656091,2.20536384409799,4.36890408318299,5.09779543446122
5.00623760358259,6.97245005352111,4.48603975499861,7.09123178353493,7.12181671002808
4.29297254058011,6.01173852001561,3.85382578925424,6.38989312507769,6.66495717608137
3.9556797377339,5.52116960928677,3.59839332872971,6.0073205328912,6.3692742425369
3.86422425019013,5.26054011366503,3.4108424132311,5.8653840494815,6.24706908299571
3.7406164142723,5.12219559401131,3.32365962561807,5.76926348844732,6.22366030181477
3.58742493740471,4.84788403379939,3.15251271729982,5.5862772217773,6.09113637804853
3.77645430013055,5.01937941630076,3.26854256767933,5.77752738948251,6.19854139282573
2.24023382834691,2.72134814389997,1.89612328655702,3.92632288058804,4.69060392214775
2.06697851265907,2.51900514117613,1.73795511779639,3.6864572358885,4.47835410606099
3.19747353978698,4.15994054534072,2.75865615506636,5.09392488602821,5.65175178148959
4.77827921402356,6.70603430141735,4.29055706814431,6.88239807419362,6.98515801593247
3.3021050027121,4.36038198130352,2.88515261121173,5.23627360395739,5.78773307089513
4.43906292992371,6.14936492072422,3.91675046481995,6.5160088260354,6.72340558967205
3.89182870764549,5.38300972060119,3.47467723185829,5.94406730355695,6.35413839323395
3.16942081867077,4.23355979543958,2.81992456006497,5.10657396250962,5.69772768623044
4.08159548325,5.63756394312251,3.63863024837733,6.14037785570713,6.47535590634927
3.22338007228219,4.24114580052107,2.81993169955015,5.1496607400497,5.72336038056593
3.53381798103601,4.78555532552243,3.11865200030163,5.52775313022012,6.04805296717342
3.37973798619154,4.60023887898005,3.00288838532503,5.3598768480714,5.93241016387196
3.88404939615117,5.40199944897273,3.46013556626768,5.96401722172626,6.39293997264992
3.61917388363087,4.90012620039514,3.1784818244022,5.61324032545567,6.0952262948895
2.79503639692102,3.66097466374563,2.43093818509184,4.62182775790483,5.26821580742818
4.00125531650913,5.46595487612162,3.5404157926234,6.03268304049456,6.38357536373273
2.39687766696996,3.00238066806262,2.04828891025299,4.12372720761344,4.8178004930367
3.26820521572052,4.27749089563257,2.85637958732254,5.2060488877393,5.7827792780872
2.74085093691257,3.51197676071653,2.36237378953361,4.5677009229444,5.28013283502662
2.90154510910921,3.78618042475906,2.55325533370304,4.78811344695448,5.47619378257586
3.23378796400766,4.35313870688923,2.87794075775161,5.16454980097754,5.71846332491725
3.46359229737509,4.53630578394404,2.99333687939478,5.39486422047922,5.87926489592863
2.69145709104235,3.56387750313558,2.42451970293261,4.56650755158822,5.33690409784028
3.52685958151821,4.73451292898881,3.0904816401525,5.49906157274988,6.00087250130746
3.51304296498895,4.7330347861651,3.09648563868865,5.49240670977408,6.00291485341457
4.14982024875048,5.69312151817664,3.63171689516358,6.20116236869872,6.5032940463625
3.30549997485337,4.26423272115494,2.83438154320277,5.21454394940119,5.75226437621587
3.92033753430091,5.39064155418442,3.46135577783644,5.95683134524456,6.34398560395427
3.69205793280016,4.97069830507619,3.23052200410101,5.68438941708629,6.13736841530379
4.50292894001113,6.2552000084737,3.98431929044284,6.58193522093813,6.77050779100628
4.89183994991823,6.7924160069389,4.33859242697983,6.96246257675985,7.03094066399937
2.42878883335157,2.88732300302934,2.05309023033599,4.15068609794274,4.90094266036622
3.84821686757563,5.13266447333142,3.33364786109992,5.86280156814416,6.26404969512017
3.51428621934393,4.74115429056201,3.13717553085333,5.4866452143713,5.9629253025149
4.21857212816145,5.73791827075868,3.68721546990875,6.24335149668862,6.51491316076463
4.24618850621129,5.87491178336176,3.75811520834639,6.30734625632824,6.58481788491006
3.5541988963112,4.82555778599717,3.14936460117644,5.56172749445486,6.07931218313317
4.00790021158853,5.43609624640495,3.49807602629771,6.04235523595804,6.39293805663913
3.84819300274433,5.18479782237626,3.35858876703186,5.87217321776438,6.27941248217487
3.36675160615672,4.45548331063337,2.94207531846092,5.31490638830752,5.85681958855128
3.81890833947618,5.27021667638428,3.3949842369108,5.85930914258381,6.28941662852804
3.27685155557643,4.26774622906049,2.83038276047536,5.1932964937315,5.74809090121827
3.05414308087136,4.17284354258817,2.73469289843445,4.98556107769913,5.64730541271925
2.39630699074458,2.92001153607794,2.03795741157125,4.12885369505172,4.89217586845708
2.00309793081843,2.44095767163955,1.70768454147513,3.6122516458198,4.44744425425432
2.63952352076335,3.3786592312588,2.27246467773058,4.43829405224616,5.13995095372656
3.59252497025858,4.89489414437905,3.15488392773345,5.57611035285164,6.06376691571772
3.9813860853108,5.49601821281781,3.51714402808164,6.0262070710891,6.39336755982375
4.00293445837304,5.48469603954164,3.55055572052452,6.03331009810043,6.38735001105431
2.71429208793748,3.52896571645698,2.3688022855137,4.54872765230938,5.26861111831233
3.65194530353191,4.94746414841458,3.21274717113373,5.65391559012037,6.12845447115433
3.24059234115192,4.28743320158028,2.84220983146562,5.16180279731853,5.71281117932018
3.07426422341417,4.05674789922018,2.69344902503377,4.98224201967961,5.61400959520853
2.95496898980604,3.77369928061534,2.5551569125099,4.82887774536889,5.48022312912668
5.21352757054929,7.28656264638887,4.66483324709685,7.31616951076863,7.28802684310752
3.21280178944405,4.24699496326364,2.81020409535204,5.14380985332573,5.74566926162243
2.87237851999324,3.62088499404252,2.48138919769845,4.70925809207047,5.4218666413792
4.08121744086249,5.56847450373945,3.56729061353529,6.14172403130162,6.47075706099563
3.67844307395103,4.99479919277853,3.2528357733382,5.68161788449206,6.14336558707444
3.1305756710222,4.19968607558922,2.78280608547588,5.054365412482,5.64856971616574
3.50847248007361,4.77435252775306,3.12645696851343,5.5066572368961,6.02209727974993
4.38465141159987,6.0952032338095,3.88153961508215,6.46975701116003,6.70138067085766
5.24162898637627,7.28961071719606,4.68098370890185,7.32795612125371,7.2947893174629
2.44482786275466,3.06213325092587,2.06790611682503,4.17692868550403,4.90083688784173
2.88950150174667,3.77124822853686,2.51965082105051,4.75262600106351,5.40129201579977
3.85627011782724,5.2131235849784,3.35985059060793,5.87073314545207,6.27586984875346
4.72591290352407,6.58849783165637,4.25984347039822,6.81837418971371,6.94139590787425
4.12276578429471,5.64139882560691,3.62230719823769,6.16873859738924,6.48370126202743
3.42766141233172,4.55691049586758,2.99446568040661,5.38482886075199,5.91260207149272
4.45458551657322,6.24775793164867,3.96390692015533,6.57973418485846,6.7903327233482
3.66386238307431,4.90792208880177,3.18603036615789,5.65839679202671,6.13226982979091
4.03460298023078,5.46882702385033,3.51017996687481,6.05794542493905,6.39445209474562
3.74295986579848,5.07727990530456,3.30250242513637,5.77360867903345,6.23307302651637
3.35695296036183,4.40506137666111,2.90607038862866,5.2823035964174,5.8066235377324
3.46548300251674,4.70795771595002,3.03334032233459,5.4346875922637,5.97854025599057
3.32037202726886,4.46455297521336,2.9351400133462,5.26083382780389,5.79827409967912
4.44240437818902,6.11691685546628,3.93278875233687,6.49168931291564,6.69684427579525
3.96301008342093,5.44597325760362,3.500751917879,6.00022748254803,6.37059540982889
3.96011665089924,5.35506574544242,3.52189808935579,5.9636397563623,6.308177110958
3.17071568483095,4.24910576223623,2.77861835370891,5.07967901019911,5.66863694512456
4.54093329447706,6.27106787388869,4.01695400052253,6.6021087227378,6.77764902840475
3.63749203661747,5.01024716408452,3.28924394742078,5.63849016015338,6.08487462529901
3.52544742309071,4.64090186919335,3.06909926417504,5.49918971679858,6.00752384967528
4.2031615724633,5.83301128426486,3.74081185297153,6.26780624497897,6.56081303449283
3.31005299643649,4.48047863262279,2.91620998875702,5.2718068479543,5.88109747693395
3.05848604092102,3.91735910957735,2.64973351725206,4.94818725648083,5.58646741761504
2.63444637559068,3.38732844684289,2.27286053388017,4.43309756081297,5.1369689300624
3.55951080125953,4.8002178843381,3.12912495992829,5.5576781192765,6.07595774160339
3.645095965159,4.93216286236813,3.23636950241281,5.63139564519309,6.0751334458758
2.48049885427295,2.86143708414207,2.13897188854669,4.18443235150698,4.95555786084675
3.52236482597483,4.64763265090793,3.06687927723919,5.49468263572478,6.002462252363
1.88983473406757,2.24999832105859,1.59471725618583,3.43371277482433,4.29977440160185
3.04107889582783,3.88673338408752,2.60904511719435,4.91439226891765,5.53126501869059
3.55928170288604,4.84738125679012,3.13297266907152,5.55284894212018,6.06593693227067
3.81034029531368,5.17945533300147,3.34623868748557,5.8428899736885,6.27326756827957
4.35069712697954,6.02261882110711,3.84831464324185,6.42373609521271,6.66283420542327
3.71544096479723,4.95462163119107,3.22531143159642,5.69749748931497,6.12907083471093
4.21035453271807,5.81835043669525,3.74806175740901,6.27043738946801,6.5614153122668
3.23677471535578,4.12888918689343,2.8172522584849,5.15876210735041,5.76845086823987
3.27165236945962,4.33089752556199,2.87137080399187,5.20982649721075,5.77496633675038
3.95903926635958,5.41845773976729,3.51307299709464,5.99993679178341,6.37282833098971
3.08620220561358,4.09859339782045,2.71514167527948,5.00410384263692,5.64887894260879
2.04907799163588,2.58339081859041,1.76900344735112,3.67028431374506,4.55897413743655
4.20027166622098,5.78566245966085,3.69376247749923,6.26757846661968,6.55755652235526
3.79280168215618,5.14948082166637,3.34778473586108,5.80050316415844,6.22031340945073
3.41137197414378,4.35981120156859,2.93288841565405,5.3437394979411,5.86337368836935
3.76475020827969,4.93532040269415,3.22990590037866,5.74210530491506,6.14775272338512
3.26808161264135,4.28587030415278,2.84644762565896,5.1964722527678,5.76128380318542
2.73579035984846,3.53241515356155,2.34916228828884,4.5536694827386,5.26702275995731
2.63857770866678,3.42202220555709,2.29538796339769,4.44674664599578,5.15491786658368
2.92503188492356,3.80368837063907,2.55688416552096,4.80126179239038,5.44151849790369
3.58031571757667,4.78546662824106,3.11302795757114,5.54806557527704,6.02776472318481
2.88123445010715,3.72571511382153,2.50291435812787,4.74021831295305,5.3863931522233
3.76025230090597,5.06023048837928,3.2889695374612,5.77172589745197,6.2097881412735
3.24089649444204,4.23914398607441,2.78617858137716,5.14127915372582,5.70203347373134
3.93200565709547,5.4231858453238,3.48317274390214,5.97548599547371,6.35969146281496
3.1622200989508,4.16687185754979,2.76194405110366,5.06162217171354,5.62109760838892
3.40378376908232,4.55126144530844,2.97721384090081,5.34326322701026,5.85761746785334
3.46721573811301,4.65158569502601,3.06398515759584,5.45570691755052,5.99392618427597
3.12293255319253,4.19818654630972,2.77335068700668,5.05025999788298,5.66328375454661
4.01266446182211,5.59547635760551,3.59005384481521,6.08626592235754,6.45132725898528
2.58731364086757,3.3693367445551,2.26955587073371,4.39299449400476,5.1957441307696
2.37298356056671,3.03449259514677,2.04003223098496,4.10193852863418,4.88208045844773
3.58598043875447,4.71069857216325,3.10196330034922,5.55424405642067,6.03018807338286
3.50039713411713,4.76896377823692,3.11061943864988,5.49676548902769,6.03132072908736
1.9650849427533,2.4142791634112,1.64221766201012,3.52541214339558,4.39412474221885
4.00095536341311,5.36610524651961,3.48944589057684,6.05807086734442,6.41459489613859
4.1313507224831,5.64092663523424,3.62370874504698,6.1826225606578,6.49170038356252
3.4319470971613,4.5700233734878,2.98040238891159,5.37674404189603,5.89933276456502
3.68252835833278,5.02190714215169,3.27239787775052,5.69726968123707,6.16592865055567
3.89213941479314,5.22334969441439,3.37350594426124,5.88717428633237,6.25954548856706
2.22046428640048,2.93915808832371,1.95958582401593,3.91477704212072,4.72213746741144
3.01169911816518,3.96371288167687,2.64306111906067,4.89664772845247,5.49751195172678
2.82127847243205,3.69874378625684,2.49076667259883,4.69194892833923,5.37275826619842
3.72617614138415,5.06105132834499,3.29832402406284,5.72536734239846,6.15860463969891
1.72398945883642,1.95271703602023,1.42990972160619,3.15348553923816,4.01306536835937
3.44510604715503,4.59560507306159,3.00067207970916,5.39627409036635,5.91701046749056
3.83755551574181,5.14595636439918,3.34263944342933,5.8391589718359,6.23242991360485
2.51883926383922,3.25584675971446,2.16893641477281,4.28562789862324,5.03644322915112
3.6983835369715,4.91344571928543,3.20187458009116,5.66559000335444,6.09308000054586
3.5288508800927,4.75128094620483,3.11628187002611,5.49801567004376,5.97786245204509
3.15056973533043,4.10136248426078,2.73616452297644,5.05319108282137,5.63194919908944
4.37480379018373,6.04569049767086,3.84762459618607,6.45749719870931,6.68430744484188
2.07958572030923,2.71086645374562,1.82928161812342,3.73017322469963,4.59071723254693
4.85578597753004,6.85875835557359,4.33780032469957,7.01394247773734,7.08952906373314
5.32137631898821,7.4276198705234,4.73966718048796,7.43329858076477,7.37105607862934
4.00985809331935,5.45174903513564,3.52993784143003,6.03431208449863,6.37622585744346
3.7832018063474,5.09090629141836,3.29674313783868,5.76236199398017,6.16516902068492
3.55790232047478,4.79865681395759,3.12720368882695,5.53700009493568,6.02852974983605
3.74044319049166,4.98039730375316,3.28145432074748,5.76631261866993,6.22410787584648
2.3624789291658,2.79713073843615,1.98328684268652,4.07357695814095,4.80379003440251
2.66732501395616,3.54721785101389,2.36155379058308,4.50162506244941,5.232795609916
2.02857637874809,2.59989834201104,1.75273921089782,3.64104053298698,4.44408606098535
2.18254080725967,2.69529306630056,1.8145683600897,3.81904885417933,4.581882181692
4.2872920995523,5.89460490281689,3.76972570034958,6.34311091902887,6.60158961918967
4.07904302431592,5.61270928658148,3.6290687566693,6.13168891465315,6.46612690466964
3.39273545109914,4.45747022215229,2.94297163685596,5.34135908083699,5.89530190883078
3.94555718251984,5.29050190683571,3.41766682417928,5.96326314422844,6.31706090803031
3.58453761694879,4.76669707561716,3.14360948824251,5.58470849396426,6.09895116452563
5.53688502193551,7.69067538638969,4.94876189889547,7.67691160378818,7.54564237307899
2.57428839498604,3.27303686498268,2.25405309852618,4.38256710507238,5.13122414596909
4.44184686933224,6.23377861922621,3.95561136444017,6.54356886934943,6.76381887216554
3.73218428140402,5.05863570100468,3.27692385534446,5.72611627156574,6.1577764809703
3.55223365149331,4.7491265169537,3.10725994832337,5.53012852245024,6.026144809787
2.5870989289515,3.41028436974329,2.2892611294908,4.39561115572471,5.10033866531358
4.52776655106155,6.28338565416596,4.01728821555032,6.6004671017367,6.78466725736901
3.69716506633831,5.11568077229849,3.31765697903671,5.73667748424373,6.21034646079152
3.95749549595613,5.54513664207516,3.53929962491633,6.02609657873188,6.41342624558176
3.1793665638012,4.35397504770881,2.84143153442284,5.1428669135159,5.82787854998134
3.67883033196548,4.92637328025837,3.19808466768572,5.65853438680295,6.10512093450635
4.27538171798765,5.89451614781771,3.76763132269719,6.32845455552954,6.58741139798177
4.01396379180191,5.56409102693673,3.57665686868344,6.06712516235887,6.42655353554081
3.53763922609216,4.73496182164706,3.12208162356461,5.49573689334396,5.95769816719545
3.85907958170739,5.19477308255322,3.35180850058539,5.8624677526237,6.2535719662686
5.09788841967268,7.1146599766244,4.5743533343858,7.19263562180407,7.19780624383786
4.29183282824087,5.88166589259977,3.75314798909214,6.34328739417102,6.5925919397754
4.76320448210818,6.57816534106991,4.28388988360978,6.82856573604697,6.93243163701385
4.20134928368852,5.73320815868818,3.69315360640935,6.2322993439149,6.51254147901567
3.06011580211887,3.87152315592504,2.63548132595685,4.94111568482849,5.55826322505015
4.46141141016607,6.19581412626417,3.94461033976882,6.54832823042589,6.75289809849108
4.43762960498292,6.1172703869117,3.94408192801088,6.48950669086587,6.69811972677912
3.66162930154697,4.90412533940848,3.20250762976625,5.66396483023245,6.13478158423767
1.10121435690489,1.37797103545042,0.903466394680464,2.13862087111555,2.89174596630857
4.0071667440431,5.45669108093904,3.51656675723326,6.04040042180887,6.39073863851188
2.45868402946888,3.18561368273544,2.13935733592227,4.22470715561014,4.99533587151564
4.62379140101999,6.41795011108844,4.07802850892052,6.71755008723693,6.86145493924676
2.7995749810148,3.63614449294503,2.44405598327112,4.65499432076567,5.37860354430727
3.25537177448146,4.33547683126398,2.85934759322831,5.19056503938781,5.76085635444496
2.80151722864554,3.60710757624636,2.43320652374667,4.64771879269616,5.35563383736386
2.85960584162739,3.69738029396653,2.48634207101911,4.71794031869902,5.38519621191769
2.86382535968824,3.83443238344452,2.53640141468664,4.71940472462953,5.36729093061305
3.67230272059021,4.99917097631962,3.24414454034852,5.65430125152356,6.09641680482517
4.49331720287816,6.18298665459356,3.97419910517832,6.54168435141465,6.73010438553366
5.05082441821435,7.10300527751026,4.49318834258463,7.1997956093326,7.20945350156249
3.61431538557689,4.91161411529347,3.18978763930266,5.61186551119301,6.09777323599579
3.63532996657128,4.8963173313904,3.19595951101327,5.62863130872653,6.10003513331712
3.0602214354557,4.05561874913996,2.69851566502448,4.95745556179882,5.54826688671197
3.52319917227111,4.73899944112207,3.10256005770258,5.50363953921618,6.00642744716359
2.74389400762838,3.36497873000603,2.33366691390415,4.54176214001608,5.24405064818513
2.16650871761511,2.86946544267165,1.9056027420811,3.83835044053704,4.67538276531071
2.64569841977554,3.42509907131726,2.33070404262854,4.47924496467265,5.20755047310515
2.43897607073963,3.05233260523521,2.09705714376303,4.19124164377081,4.97132783299908
3.64459161032523,4.89190861137093,3.18921326571078,5.64676823519867,6.13176076836326
3.17317524306556,4.29564909378664,2.83400565966116,5.13326802598907,5.78518704499038
4.19283462547816,5.73997393933851,3.67128725946658,6.2635092185507,6.54876376914353
4.11984055629629,5.70288392111656,3.66282754662311,6.18137699869294,6.50849101044099
4.37265454185083,6.01682731129051,3.82890166975473,6.44495879672091,6.66519351682469
4.23209506809682,5.80305212721286,3.71318592036891,6.27426983400967,6.54469605783645
2.52377742965861,3.34207099152425,2.20232444197795,4.2889146863159,5.02368840140597
4.20150967783754,5.81587971486078,3.73816161630928,6.26230088768044,6.55486005767787
2.34658339550359,2.96184273117496,2.0267615943779,4.0790660352823,4.8545514081144
4.04345286706868,5.59158809792808,3.58624000775425,6.10849231279093,6.45594712607956
4.75749864629219,6.61091054127424,4.22347895188989,6.83748153731251,6.95256361325321
5.13043563671906,7.19666298689005,4.56871936572577,7.25208221617862,7.24764922807979
3.40404419353843,4.50084428397007,2.99109640425591,5.37330136956552,5.9285122012446
3.07815074890762,4.00412659319576,2.68079749764751,4.97953297967215,5.59474221086346
2.60395269882623,3.31981978067444,2.23135245504797,4.38918446993089,5.09978338316321
2.37707879067677,3.02551976952716,2.06869694098977,4.12411026877374,4.93098865448228
4.43419098256886,6.17395605496963,3.9399557767408,6.53389910546431,6.75129795725418
3.59831774758826,4.94404298964278,3.20735551444365,5.61380202877419,6.11783320767581
4.286477833615,5.90357326727551,3.76740611732306,6.3520014815193,6.61050286605675
3.08503630674997,4.12909979224152,2.73464058697423,4.98612231755024,5.57705491625233
4.21417051367417,5.73418050829574,3.69782911386085,6.24147115860245,6.51908517137192
3.22740750614166,4.22519569287635,2.80379314296496,5.13792461589249,5.6933021226053
4.67326872035711,6.54285372370473,4.15754288540572,6.78379243991855,6.92459261429469
4.05399976591302,5.51230416454229,3.54538762493212,6.08134411863625,6.41198286037159
4.2338907873503,5.8023761711713,3.71668459424078,6.28260655183897,6.55897774533864
3.49068888063045,4.72591517135686,3.0858462352272,5.47293476977924,5.98920444473778
4.61999495140637,6.4186150836674,4.07765771782658,6.70470144153468,6.85454661176373
3.23556532444839,4.32742911599176,2.87480458333926,5.18697287731335,5.76917307421135
3.87793401663405,5.24500776647888,3.39876225014256,5.87359500641077,6.24841078196122
3.6859905713526,5.01165509996509,3.26550157708164,5.68229913493191,6.12552538851719
4.52058022787996,6.26781396720774,3.98036437035686,6.60991520616627,6.78788916888158
2.90594564176027,3.84079345812465,2.57101991279637,4.79276539461569,5.4474072103562
4.19132765877574,5.76508458829855,3.69314462790733,6.25727888179183,6.55319876919438
3.80779960972301,5.16123094141042,3.32162022233668,5.82264134088125,6.24426548343334
3.78658097331981,5.18289604477014,3.36033594671558,5.83456996107509,6.28270639340088
4.64115687457394,6.4545297655043,4.11372079864368,6.73103509759902,6.8803204703305
2.61640499355677,3.40701284859,2.31319680520295,4.44552332583367,5.17171183225901
4.26775809586152,5.86999577891455,3.76153465263813,6.32026548451084,6.58658425200383
3.0534137889098,4.05291208569748,2.67923848326534,4.96060206334087,5.60820626355326
3.83393769392638,5.19176455365488,3.35748486647854,5.85203778330787,6.2623337714486
3.2312299656911,4.26560431107655,2.81078301788625,5.15597162296184,5.75110660879333
2.8070908966855,3.71158348759995,2.51000066880474,4.69698581483034,5.41043998849424
2.93444538418972,3.86526094400048,2.57494374017346,4.80039667363864,5.41819609230038
3.15151799231796,4.22517450080815,2.77375208287165,5.06801504351429,5.66932115034496
2.20900988379923,2.72539038399067,1.8457181501455,3.85717408602356,4.58275157468845
3.14716873935288,4.22754690943719,2.78667488544701,5.07861497535934,5.69155120056593
3.87102599294396,5.24251960838231,3.43128204500088,5.87249668712132,6.2479852224302
4.05252107974777,5.56768390962204,3.56623675897391,6.11494180744945,6.46160435868188
3.52413718077745,4.75799522880429,3.13433208560509,5.50845096289436,6.00015624025663
4.22597024221822,5.80567395271166,3.70288581576363,6.30002362160181,6.58172767663478
4.11767107890679,5.57260263569017,3.59372043118161,6.18021084668618,6.4840494754715
3.01033776337339,3.90971820883037,2.64893737880322,4.91466187532703,5.58814899924073
4.69280208355876,6.55308869469588,4.17230286033717,6.79056923614452,6.92402645442543
4.26379021703506,5.9449876039181,3.7948996110184,6.34778322105463,6.62474809034202
3.7418107854343,5.03604845880367,3.26412425789535,5.73461060724304,6.16348280786374
2.34545422703467,3.10050591034102,2.05614783060324,4.05635304271058,4.80951690802772
4.62662986381705,6.35957795900929,4.06826372952596,6.67167012738487,6.81705342687165
4.32669358989897,5.97457565076122,3.83504456743485,6.39548882904006,6.64876972260096
3.17063251538006,4.31419485620168,2.86941498712367,5.11091333582478,5.68311824070531
4.2992125046354,5.91074432746851,3.79376274436451,6.34496473223621,6.59783928478914
2.90426918506338,3.80277021750389,2.55268817281574,4.79055707621778,5.47587360446057
2.76413959391289,3.69310969199746,2.44115286812347,4.59968467722841,5.27636972012341
3.85505497453705,5.38260732527,3.4532718999382,5.90337931354541,6.3221227813534
3.47719892089431,4.65657803432277,3.06125474067803,5.45759148370505,5.98523409712052
3.37868031342558,4.43357738967185,2.95559362669035,5.34011457253445,5.91397898191476
3.75969549045173,5.05145633896647,3.28509827660167,5.73723675304363,6.14946393231636
2.25352271068907,2.91064249886818,1.9587273782412,3.89224646357043,4.5590717366325
4.0947832063663,5.67460389944777,3.63029519853903,6.17413438080416,6.51624914139449
2.63951899088186,3.23427090210834,2.25068732228918,4.42497511844603,5.15723002607805
2.84453632700325,3.60939752417699,2.47210418185233,4.69276830424257,5.40398738804597
3.28727014308581,4.32363660562751,2.84576173187096,5.20980177918312,5.77480552788031
2.59671697665826,3.33714767744307,2.25803410521858,4.3971971901535,5.10097567911627
4.00874868147508,5.51789370093674,3.54365983404542,6.07079892182563,6.43545163083963
4.19573308649103,5.75143181923617,3.69543406359426,6.23772006760323,6.52363388731338
3.90822883368754,5.37931810765882,3.46055282877013,5.95904026693813,6.36253180575413
2.55409506957767,3.25891090642088,2.23185317062585,4.35243165205458,5.11826028522259
1.05041750428343,1.10707645740896,0.817033899562307,2.03794825483882,2.74133976709065
3.96830740175189,5.44870347844766,3.50800574723379,6.00462736437019,6.36748936126216
2.42407930314209,3.16007462901068,2.12856732819126,4.13531288952903,4.79535787462323
3.09567925523996,4.05874345526907,2.68762683409172,4.99260486850896,5.60820080732974
3.06086785536631,4.01570021449681,2.66784281821805,4.96299381265456,5.62047459928867
3.72339105869068,5.00881794505727,3.26069514146759,5.73741791443236,6.1920318975961
2.48059774461686,3.121527968121,2.10455478994836,4.20551964022682,4.85900948777508
3.77357173713956,5.03638121172897,3.27422999362063,5.74364455784667,6.14281290859543
3.99388014598528,5.39376185978205,3.47940548783496,6.00213563654427,6.34583620639111
2.79508799697176,3.69720729783153,2.46769798394924,4.65624544411675,5.34898430466274
2.34286184476255,3.03239899727428,2.09155373579372,4.10481297962891,4.97881225951654
3.54994247102278,4.75596780234557,3.09490075149095,5.51088325378872,5.99682411112979
2.75295530289357,3.45244184330082,2.39504370779121,4.57965111491949,5.34456628276708
2.30391109240643,2.88269686078011,1.96227225373063,4.00666851176498,4.77024374971009
1.65521151457287,2.02996249777698,1.42347400784734,3.119714761777,3.98219304793801
3.62088465026497,4.84617647530952,3.17893940002934,5.60015251321819,6.06110811150499
3.64330687174853,4.92642332426053,3.19721691860132,5.63679203575951,6.11184717168221
4.5546282668495,6.34271891199855,4.03684161545983,6.64085486925923,6.81581630216866
4.0325332426926,5.48460782375199,3.51848220333431,6.06214661722161,6.39585217819356
4.79581569319348,6.76542309708014,4.2869771801622,6.92257595593433,7.02170050392934
