cpMult,hA0Mult,hA1Mult,kTrackMult,Topt_C,sigmaMult,heatMult
0.93745242672902,1.14460691351589,0.802014929998348,0.991361849607776,91.8797819709112,0.992629355067297,0.970530577283056
1.10967575375397,1.030751214706,0.752122186023602,1.25677864566491,93.4358013151285,0.917573127856032,0.95372454590806
1.12425250589761,0.83880668073235,1.11687860628639,1.2347103394234,91.2520236910016,0.916578670582778,1.43378204916228
1.04131759575678,0.962399686328236,0.946656453076184,1.07709533723176,97.9933220455257,1.09926563819404,0.990808580476785
0.887336241219403,0.991378772945219,1.03869304810757,1.01918556149745,91.0135212140149,0.84702362721669,0.790069643554589
0.939144726049251,0.88980960266905,0.819607653331721,0.64196489295234,96.2813157030281,1.05384025510359,1.25269371426288
0.855821290634152,1.38973602862099,0.864481260742783,0.712830376157451,86.8466713284586,1.30215180688932,0.995894324302256
1.11637477859562,1.15591873035989,1.15339022857492,0.745567521234032,94.3355249306342,0.734284542746802,1.04318952404962
1.02141834471577,1.05194720053386,1.2882714707446,0.79094573984573,98.466620212191,1.06061398998195,0.707109900682052
1.09485462542003,0.965149905894624,0.675956322108701,1.27807174626406,93.3130204504151,0.854259141013295,0.96510176832359
0.931480526048327,0.949508768656194,1.30457152482919,1.50386961588476,98.4183196342954,0.789333711494459,1.17516310253683
1.24773106812331,1.13012881805179,1.02894026334392,0.714672685810774,91.5030662950428,0.940476391159835,1.03286224279503
1.24362520889694,1.02160092105976,1.01192466205932,1.29286370154055,84.5908010793498,1.21267048721168,0.946932377731633
0.98524986292564,0.689425351229877,1.0001448906425,0.63476890442855,88.460187557008,0.881795440612748,1.05743777164232
0.875226855667719,1.0039755676847,0.756820596560384,0.960214228618519,90.3382071670717,1.05361631416948,1.52911114870619
0.921540359119117,1.17180331664528,0.688845825080106,0.779944267842001,87.5065326590583,1.00032530365768,0.84641857980229
1.00170176553,0.949971450417861,1.03426048404737,0.854694032403922,84.4882221268466,1.09641748780913,1.00190353808721
0.992879399214236,0.680834351806385,0.871843154029036,0.925394532519804,101.926505202877,0.892406450004619,1.21375689477971
0.923743058030502,1.19221633850848,1.48076719414267,0.991996308471626,82.9270201206485,1.05353973446077,0.833422509600156
1.03739639698443,0.860316493951172,0.967226017221441,0.954260243128558,96.1499046975118,1.06987683420247,1.02727792092405
0.95209834924629,0.793491068124313,0.71773883990154,1.49748887680212,93.4244047988796,1.08212995539643,1.07892075032618
0.857424132781822,0.804965364532849,1.34480631231693,0.668358257688511,95.051261308728,1.32576777377964,1.13974405624005
0.966389478151158,0.869790733407262,0.849016015743763,0.807200923168486,96.1903555642755,1.0578640461285,0.90090597738546
0.992255719952759,1.23364882758074,1.02176804338657,0.72020385220708,89.1250216208078,0.730463952210069,0.928564716779863
1.12754869807653,1.00317181010044,1.33531135721165,1.07535082395768,90.9428297960593,0.982043159266641,1.08490810798715
0.908319113264274,0.906180138831777,1.31952222646049,0.746274552484252,101.199813636289,0.985386023096303,0.968495217325312
1.01107690139618,1.31865916159494,1.15112391241543,1.16541594201017,103.044440635022,0.942470540943504,0.96757220792277
1.03340231291876,1.14972045705869,1.17384492572249,1.01468821834014,92.1751382404832,0.97463028283539,0.871686124297634
0.774129499687219,1.17901090460311,1.13370973550369,1.00454403016311,90.5894725608961,0.952812633626219,0.686580380338686
1.04967151636371,0.747067546170261,1.34966191332896,1.07759833002729,100.03752013961,0.966416735853473,1.41790403389649
0.891348379939357,0.968412844056033,0.913815445585093,0.760066882175121,93.5943770700562,1.25323917370971,0.940796031148594
0.961598743167724,1.48408429345553,0.664978812214877,0.828360511154251,95.8626867080162,0.859347898624932,1.41050480201701
1.34641226799228,1.19517011832174,0.742947472404937,0.836455726559135,90.6689760315058,1.05722601728346,0.964421280617423
1.20284444923257,0.734481767612108,1.08350224031647,1.07509547684953,87.313576144794,0.99202432056978,1.04828907848272
1.10433275119407,0.877854376335443,1.04564706287847,0.800487582742326,96.2575915101076,1.01751362663969,0.94244197019071
0.981031738129759,0.981895572930166,1.0553565012723,0.858820563801233,95.0719467306451,1.14643035406027,1.10430888554411
0.902193183108915,1.20944767384672,0.899188766084178,1.37265893420882,91.3821069968328,0.930348612054043,1.15382012698439
1.04896343937369,1.02118599282224,0.836446650374023,0.772289211125821,94.2380380383225,0.972202136464182,0.800045373404731
0.97338356961151,0.998115443034768,1.16184594850314,1.06375932438989,98.6788764044294,0.918581801017436,1.25268981605658
0.854054630373857,0.811874536706982,1.019066622986,1.20595906924926,95.7174127672226,0.957018384490803,0.947851544457781
0.997387793850258,1.09550978646832,0.948854416512202,0.92908493554999,89.1907716536908,1.22983518372313,1.02649885347667
0.899777974655399,1.19165897879138,0.72498176483472,0.816769684399292,95.5299372949666,1.15688802839161,1.12928698004121
1.1422920987212,0.965344060810698,0.652348139087711,0.877520949002655,100.168248422261,0.723481511665813,1.08827328196362
0.945826064204991,1.17133900705533,1.21490357166163,1.07796041125413,97.2586587754196,0.832818972015183,1.13952799734186
1.08301444184378,1.20308715002262,1.29298490194878,1.07364294927679,95.7548430168948,0.984218516380735,0.914423236910822
0.938364723820424,0.891373617339715,1.07616093492191,1.73824318083782,94.0059959327203,0.75941568697444,0.766495971989828
1.00492118905409,1.00701457433606,0.675175487740933,0.860477813582578,97.603832206073,1.05418152429787,0.878867457117365
1.0187806480506,0.89570675570012,0.931635409325343,0.715392316371038,98.2598101640599,0.947383756786715,1.0002825480245
0.962202647910018,1.2706161800692,1.11297985153409,1.13446893367142,85.5828966136523,1.00987634556504,1.09226704013627
1.29368891380277,1.03625359236206,1.14248851538622,0.660157764342309,93.7103879174128,0.749091366248815,0.723519258049011
1.10081276789353,1.06737247768953,0.685135137871837,0.689543968235669,91.8488706146879,0.928967284042616,1.0632569950294
1.15436751754092,1.23913468259875,0.910654898933647,1.02211825327096,97.2029721597711,1.05624705223541,0.885492792564516
1.28621727532548,0.959435407555584,0.916970394651326,1.3924178431103,89.7597028201209,0.991518922976062,0.875502079258014
1.04762510937804,1.51289437149236,0.86617070634014,1.08824367822403,95.4990247143051,1.27458277970802,1.12180693026758
1.13364508959298,1.02104289322982,1.03610390706321,0.654005624397955,100.595822423527,1.15631841382094,0.993479096483987
0.848216676406905,0.820289898539214,1.41595008525038,1.81269900982512,101.35655343694,0.969985946640982,1.18515591791839
0.891358247618244,1.13700840191305,1.50231494536197,0.833531129401939,104.131704472263,0.886585341435314,0.919379443640309
0.725950974149738,1.11496683281742,1.06827856967025,0.905609294669168,104.348904814522,1.18116501304094,1.0252051602164
0.908171336289333,0.879841207247045,1.00948273912459,0.901405037268928,90.0514441257994,1.23977871584923,0.924426197441999
0.947316608688455,1.20416346806913,0.695371881715556,0.656100772683486,96.3453752919372,1.09291201412956,0.788453993954839
0.915403996175742,1.49945358872311,1.02655841295973,0.995724509967938,91.8150181350947,0.889301096478303,1.12684091107169
1.14312355337453,0.919831045131845,0.91518758340898,0.698806879240718,97.776833139298,0.982010270839718,1.11836187913931
0.902666603467053,1.34928579803847,1.15929927870727,0.94752362705918,92.6122982308025,1.19369206643729,0.886441158867969
0.912971857541731,0.781310648072418,0.954315027684904,0.818659280800743,99.0620292487866,0.938231465569048,0.862326533808164
1.01182674955638,0.941086643180463,0.86937345233748,1.11100957506619,96.4087256959807,1.14577122318302,1.01724492400513
0.903070412615656,0.847805913435828,0.784056517577048,1.1873599817615,97.9919291005097,0.873831087870087,0.889424769234879
1.06959954091998,1.36817114329789,0.938052793879849,0.760977100633248,88.6375335301798,1.11338939509148,1.15118891385794
0.959157739145144,1.14708540945485,0.893109372549027,0.895588975915414,90.2682224243107,0.865552279136291,1.19151090949561
1.17880701615485,0.844077127407073,0.74792431183574,0.97652593989066,101.489923095443,1.14711476945056,0.852326912315751
1.09299618838383,0.949840940300242,1.84712818938572,0.693069814628319,92.5648878412737,1.01096041923132,0.977325233450496
0.918011241029964,1.14725349800003,0.969738949446218,1.21415575194897,98.881960341383,0.991337553410474,1.12431165230629
1.10138314466385,0.677365853591602,1.00929140121674,1.15383919301823,86.6890645857639,0.954567543117254,0.947570354113109
1.12447367849554,1.13265188189422,1.10147148813268,0.712580719208156,97.7094538424202,1.11106829327895,1.05071588822419
1.11934997187098,1.27604080427278,1.63368982848579,0.914934294255,92.9742993249276,0.900806142044468,0.911371482231278
0.762197236552317,1.00255471202795,1.05000093555767,0.891164277495609,97.4531604721363,1.02771731955382,1.05133663770704
0.940219192279473,1.90503402855098,1.16546512705752,1.0630361011842,96.26772670651,0.936736769360973,0.91212990467335
0.787622232052273,0.951383137618295,0.901696093815642,0.582226068720504,91.5340680049657,1.16642011918824,1.24244899318002
1.22309183381969,1.17311423093944,0.909199726772486,1.17807441653111,89.0074404853787,0.78640165859779,0.941050287902518
1.04398313792053,1.14157343615269,0.942493450975728,1.1979247217984,91.3239616006688,0.800743211986731,0.87350046582707
0.970057364439249,1.06861722122587,1.1762043138238,0.918849337640074,97.1724626580952,0.96166339123559,1.33935763738158
0.871426148433566,0.59300773767628,1.13211010444859,1.06188448251754,95.3748333130889,0.95586047702078,0.73207664174315
0.919333894445703,1.61754005827712,0.868813022929477,1.06062439752701,97.2255806943653,0.926500871518018,0.916165544333835
0.925470327684956,0.948513480529546,0.825491117730213,0.803948933676814,95.0495949827453,0.996632615203556,0.937322259433987
1.09836770749826,0.892177551458213,1.11215598957447,0.832240940835427,94.3227415638896,1.11084786099391,0.941865414196
1.03860622531349,0.692286406154918,0.759987884930461,1.16897681432756,93.2350815668574,1.0929614747424,1.39689786596586
1.16524351810274,1.01778147365346,1.02589642473441,1.09722751636937,90.4841862543491,1.02500223593156,1.19628965371896
0.991098701717665,1.00535660793286,1.13764546425999,1.11136564780315,93.2723711077543,0.883767333606933,0.733770954055377
0.758483931767751,1.21541810987725,1.0932411084075,1.28195100173411,91.2652516666316,1.02497845523329,1.13038044791006
1.12554613078295,1.1724678697418,1.24567645286761,1.43856850293574,96.8832848577631,0.931775624108448,1.01453025686825
1.13069142030565,0.798959392055103,1.23486059551076,1.24265615143665,97.8983836022668,1.19479762939974,1.0461452622194
1.01591354647785,1.33046723160202,0.999940058297388,0.809567919221746,93.5141964275914,0.790893304181168,0.892547447387082
1.07492045244909,0.854290505940049,1.07027232270283,1.04465662760989,86.024290571951,0.958988106977639,1.01654114812186
0.999182616170352,1.1847115059782,1.10547012908769,1.20375790782851,84.3900649488648,0.958919865098369,1.00025342012353
1.01062149224078,1.39545218629151,0.791842491533056,1.19617707423653,95.1504751802437,1.12564034836161,0.994903292224246
0.986297928752944,1.01302996200632,0.674759633779197,1.05123545125151,101.702787776858,0.835347349686061,0.981027792408768
0.849259729559265,1.18856245895159,0.901424269092472,0.849534432083972,99.0838452560957,1.04804572425564,0.964577288447084
0.90990732035604,0.781483510944959,0.965917753228736,1.05119500811787,91.8359909175569,0.882028057979809,1.18597705556463
0.755465731509962,0.971450226850239,1.1057024313529,1.08453751494471,90.103585847313,1.11679249375319,0.965413361252457
1.05015587371802,1.26297518922848,1.16092311228331,0.712425277720009,101.164757519817,1.34955722588109,1.29479566613168
0.929011485460956,0.98034773276563,0.880162110747412,0.956182816941667,102.67343184282,0.96309888677806,0.890848771053854
1.003938937833,0.938764222077906,0.783188631700233,0.826512178301387,98.3626974435787,0.996980109078461,1.17194508971256
1.08816521217149,0.994892818730668,1.34110561580777,0.904227155472196,97.7601643673871,1.03504039228711,1.11367310716495
0.901441062526253,1.37523024601534,0.833483904931548,0.823893239728815,90.1925006008239,0.995258380612995,1.10294449366371
0.965949865799862,0.900907249845148,0.989812914826213,0.935050690829142,96.4373803515414,1.01903918390123,1.09741162465424
1.06346454103093,0.867568032910103,1.0403072660582,1.01330283965669,99.3286358058791,1.05417745838503,1.14004475739676
0.835516198613401,1.06959721921246,1.03508110192655,1.16746426969192,91.2347904534491,0.823071405869834,0.931604795276948
0.840015903215536,1.09921012714151,0.740454195493242,1.16440584172795,97.2560341405166,1.12151842789225,1.06185594357317
0.908449254735288,0.730885496369476,0.670063115372967,1.78600477612074,92.648941439145,0.981216135346943,0.87835583153148
0.820940147098023,0.864344030054931,0.614712333088857,0.706435774049184,87.2066120157893,0.834612766513664,1.1238553835885
1.19919729929341,0.696049067360786,1.05250783927364,0.753023948963152,88.8321528996042,1.1333462600129,1.01519547817233
1.09142769537391,0.885071111414972,1.01179061016186,1.31923661760177,83.2566075736509,0.94060169351569,0.968620431416907
1.02537347191144,0.980750000613128,0.939634942346703,0.84531495875329,91.6671686969376,0.916421759742164,0.894294302006446
1.13914016780666,1.18985908606466,1.06737091550049,1.41915332196474,93.2506735102419,1.06656842804512,1.15769517782754
1.07835323236253,1.09016069862085,1.40941996927006,1.54237546758007,95.1491358086993,1.169596958392,0.795156708499606
0.900421786311673,1.08433947949484,0.748987941091245,1.00026350053073,94.2281716181955,1.05908884064148,0.852139732745471
1.2587753610189,0.888705148362257,0.999147494956099,1.76752206903002,90.8913122568793,1.25991464426569,1.12196233179687
1.0117665321393,1.34639555430737,1.10911682825868,0.774968684210169,83.9262483308861,1.12561153170741,1.1258533890998
1.06272584555819,0.974100065915643,0.843556739378072,0.780902830063253,97.9333033428231,0.861694578362771,1.07984068684554
1.13085142838927,1.2372638407244,0.869242570005198,1.20787415514432,92.2054248639414,1.10222987772387,1.1388457822025
0.894627476033643,1.02649974665525,1.04180415497869,0.870189207985556,92.3140889975395,0.960376788754568,0.890288424066402
0.89879057849317,0.740765869453,1.65047395212301,1.48497843984207,97.5710158902624,1.05450835560418,1.2137033581175
0.888707233678366,1.05670088629775,1.22206315972612,0.729120507286281,97.3105767871877,1.02126117572024,0.902855855053244
0.996241610925025,0.918312368466422,1.02881080318359,1.0574140998574,97.2613367134983,0.906573150019552,0.974572494862638
1.1098791689634,1.01617153421009,1.25611722479129,1.14261268846981,94.9612845645952,1.17241489502363,1.04379439995535
0.896033598230813,0.886347346687632,0.963494687398231,1.17334538287406,91.4183822518284,1.00074568844032,1.17315503891969
1.00412739392245,1.29605992818914,1.1545849636422,0.806388854168205,97.4848664633601,0.992888336903224,0.937342978147987
0.970416121613309,0.686318513545414,0.948472723822644,0.889343784966751,90.2452822485711,1.22544206703665,1.31680009822733
0.880814939678551,1.09519636051552,0.788144252048647,1.4875100947783,93.8568485011288,0.997220930973467,0.948155813533618
0.90180413394537,0.941084141230265,1.18307926184073,0.782172781463765,90.5661978803924,0.954663925758869,0.823997602797155
0.958460878205289,1.07505935931499,1.02885575339829,1.424914040783,101.057299706774,1.00342050586976,0.98857323155754
1.10466362207367,1.20173038777861,0.855443557457825,1.04994479403284,87.7880893678901,1.17546300745966,1.09365726867212
0.956715480260912,1.00525302328725,1.29901776483028,1.08639049149226,101.633491524326,1.03961008620872,1.15446976383434
1.00741707546223,0.903691953474507,0.683065084511072,1.15396582491547,104.215308100801,1.17466229531055,0.97993526824899
1.06925728009602,0.926856587370411,0.823628008958473,0.809962563202806,94.7190106111312,1.09568366613758,1.04505727051857
0.979056784336615,0.680208800396019,0.578945394197385,1.0305020242331,97.3303011320225,0.919225021659154,0.849434750980983
1.13404281476707,0.897355864352194,1.27239633968841,1.1524355803517,96.6895043059752,1.116992744628,1.08267903163513
1.1293632421768,1.1341065480307,1.10161997727822,0.94701963649632,97.529334014543,1.03931592181415,1.15337711942245
0.892389688866216,1.55827222873813,0.817966468951787,1.18103259583781,93.8729605220284,0.848674549501957,0.916230291476859
0.998716347985511,1.17148710411598,1.13234909619265,0.97180216197021,98.8897087240683,0.925472394498154,1.17732491676245
0.958697377554665,1.26082464387754,0.894422768164031,0.697571998409974,94.5638440610004,1.14825956668766,1.0070336699149
0.817140014403027,1.07565289658555,1.21128927592135,0.850254456406562,99.1293330151502,1.1580266092244,0.912918604766549
0.881685719210339,1.18027417389964,0.978173516388801,1.55466679553148,94.8292887397452,1.10820480440569,1.19638173999218
1.08629750727695,0.840294141180835,0.954944812423303,0.71936687391685,94.3526434310484,1.15300643882124,0.993393427216863
1.00089265595415,1.47729671320834,1.32645300790477,1.42155036097135,99.7719414492206,1.02214117179983,0.853042301004314
0.946639509007914,1.01480806805123,0.808400116967876,1.25297780316615,97.9549715897207,1.05367796886831,0.891910691054337
0.934598950208442,0.8108418455206,0.830281379461257,0.869812451126603,95.4492694227453,1.03085132617708,0.917323630164699
1.19101563524554,0.972142150483114,1.05849651578618,0.670333177680361,93.5154327483554,0.780758905522865,1.08797895779917
0.889233034876718,0.9833589364837,1.26999559975728,1.15983652227488,94.8790542611159,1.07659972079837,1.05484882561592
0.873273572139578,1.21475869781779,0.898064407977641,0.962243093792681,106.358579558371,1.00175169578312,1.11817424892359
0.9963416108012,1.01569408772438,0.771422974726694,1.3135588140378,96.4352874937074,1.05117227192411,0.868976661139787
1.2094592408401,0.935767337370099,0.956754673541954,0.987533578351673,101.189353983038,1.00112134085437,0.902665318654307
0.899959689300766,1.51169628794912,1.00220356746417,0.986998700542896,83.8076989297466,0.997705458348924,0.78033306514859
1.02936912482126,0.791511295723014,0.918075514584421,1.13619530217365,94.7555797565494,0.78780502795427,1.00528615457384
1.08599554658842,0.987427550616352,1.10196662948204,0.907367668771766,97.0934978877839,0.91212954555448,0.918726136039111
0.934190856800058,0.773625997527103,0.853173409783008,0.95691018665989,104.68436958272,0.894065078744616,1.27292823261095
1.12600285293756,1.04549568864641,0.909232061857393,0.97704575392268,84.8152202029984,0.876357133376018,1.13337794524296
0.953876764454992,1.64561417751036,0.799378611062887,0.917362330585865,100.36342559118,1.16705978356402,0.785617246198448
1.10781678443083,0.929202666504884,1.66366809239875,1.02252721654211,95.9988828317715,0.831823605157958,1.22495044583264
1.04480389950895,1.31992638390512,0.992693587929977,1.42875080479856,88.1603941135198,0.912188783455775,0.906215886574585
1.01917142892878,0.77392507630009,1.11802385044347,0.843689903433823,92.6608696348288,1.01201095122471,0.872883375577976
0.808978814706331,1.44380214846575,0.966535283665783,1.01846003491483,89.6002486268282,1.02553658590178,0.943126121144652
1.07440808938835,1.21530827825816,1.0840405367468,1.18415994426833,95.4592165440396,0.821595564523465,0.981508019004223
0.935273340455754,1.31931487672844,0.773879126359747,0.868293231257292,87.8718924971407,1.12355819159635,0.94743291559711
0.866071739565575,0.537036284294845,1.19122668822049,0.868604029715411,81.6461756342694,1.21315239047704,0.825501242909235
0.772842635230329,1.3855322946913,1.41975400512877,1.23848316374291,102.144413186918,0.958368424233739,0.77012358506323
1.02739420520603,1.1609127989013,1.05214350235343,1.20192873845196,90.2225174384327,0.941759476770687,1.18482672361087
1.0454435839069,0.870965559011125,1.1983502122088,1.0481338470132,94.1049112652493,1.10932263877196,1.30285047199422
0.797981132488364,1.23417247358431,0.874469564556495,1.05409004724961,94.1751574550313,1.13601667246368,1.19261615895401
1.00637314660085,0.855636696434975,0.989883203033044,0.641496803997211,95.3300928124809,1.06537980206604,0.916676261541518
0.919412505983824,1.24219555362609,1.06659162218027,1.12115011983812,99.7837476782121,0.912799475061816,0.87730150245477
1.02644177713301,0.851804716478814,1.02627827441677,1.00620164771114,93.4312417613271,0.965319694671793,0.897254109573323
0.807699671490437,1.06859546878828,0.91042767009816,1.01585698925656,101.817520911056,1.02308827903044,0.8736903026707
1.06435138017007,1.0108158635147,0.925815832158497,0.905362579010366,96.7135239115622,0.917522141228758,1.03198520285187
0.958235656776296,0.83388512783821,0.871826980889249,0.73964128739589,92.4979326161013,0.981515119466642,1.04728989892308
1.26890148176998,0.943109012985334,0.922534057700656,0.752558506800144,89.8627271291279,1.05010575182584,1.06537472263604
0.850452963248463,0.723457722526224,0.930992809585946,1.31591262453098,93.807067066254,0.958968131289682,1.05573803549282
0.926615187008427,0.985591351687726,1.17871945937982,0.917833429897873,93.2143384714084,1.08252148778572,0.864454008951226
0.909778917464942,0.837198760090154,0.800443923565022,0.960876581501746,98.9059243977182,1.10963295411046,0.90919177054696
1.17841951612936,1.02742826333938,0.832967125678791,0.786553049235001,96.2014578008584,0.917818130717038,1.09208473569368
1.18895863154232,0.918320856968309,1.0115691931139,0.482948546295971,93.6765370451574,1.20533038364034,0.94009831666736
0.940371107903141,0.85344278129435,1.05105142395867,1.15673415876205,91.1986593031647,0.881360976682259,0.88468716383363
1.03695303217798,1.1818024149938,1.11977973134395,1.02181340831365,90.7874780811853,1.10064200438983,0.9770118539017
1.27825725353256,0.889686934998922,1.0250640557878,1.00611758991722,95.6937774783118,0.814687907806845,0.904914756266345
1.02100923828537,1.47484794396007,0.933639884572435,0.908275857271881,94.0304609341467,0.676071098142858,0.767258816069262
1.00798970800144,1.40456250481242,1.15418400376492,1.10752635168302,95.1839055399057,1.0651171883346,1.14277807352876
0.784826364930218,1.08721522831301,1.02594798891309,0.793495712007018,89.4165609682283,0.977036757946198,1.15262008201631
0.747607996741185,1.04835342110626,0.730000092959056,0.726184395199462,96.0765213125528,1.19622878811319,0.966247487350031
1.16907314178818,1.71817759309057,1.04586898192338,0.951860706937798,102.922867562946,0.936775624396104,0.82557801639324
1.26263889086792,0.800393452075876,1.15494242728032,0.820969049944035,91.0165811252014,0.933479020886711,1.03377647794346
1.03175960405141,0.764194267928499,0.961561973958475,0.907160713566146,94.8426726749028,1.00025068871045,0.865671434718414
0.956375393468616,0.789192890343808,0.821663039147066,1.14478577416174,104.128019702396,0.990809472831792,0.951687901522223
0.932889789185371,1.14766638425742,0.79161092579029,1.14415839372791,93.0389435806176,0.920335221103452,0.741737967358625
1.13269989634352,0.76852948052879,0.717531390956037,1.4238349364061,96.4143946783896,1.13273870172696,0.871056118450425
1.24960329715597,1.03823800595528,0.965109586959258,0.912129250255229,83.2913225750343,1.11597492526047,1.11433281489612
1.13618657645023,1.52653736594525,1.06912843523041,0.601574810331032,97.1982530525138,1.11324703664323,1.15409332644189
1.17961173626023,1.26763633239632,0.76676770140069,0.8540197622,82.5747155396283,1.10765780509854,0.844778984417894
1.0819582809896,1.01582463690465,1.24035792100959,1.5819918439692,104.302796231273,0.938908193089982,0.9637985797465
0.763326424302567,0.82479848931092,1.16400518909173,1.05604005416858,97.0381386269863,1.05930809482009,0.824926460582462
0.841566668175791,1.14823777228275,1.05488744251237,1.5069918119533,96.8635170171383,0.956644009390036,0.718338982559779
1.19403928797504,1.06210237332947,1.14088390344373,0.792321624610053,98.4165913842395,1.12450081489098,1.19210879508087
1.04387505326561,0.735087340611133,0.815011499452916,1.00306084902495,96.1607228510794,0.99663571068689,1.08607529887296
0.855935120923082,0.773224310034659,0.980419389947005,0.813646970808975,94.4253050591114,1.13446714730487,1.02847771215393
0.769993896107544,1.08705193417252,1.14425573282726,1.07515254838848,102.804374002082,1.21541624973443,1.13253314027217
1.12862363660272,1.17484277676836,1.18642817927749,1.35610263287244,100.971431503124,1.12726773649439,1.22058437288845
0.871100331811201,1.08891234119943,1.14629827333584,1.4036971830637,94.9881925147163,1.0927973014882,1.11789071612811
0.906624891115019,1.54205835057015,0.915749673830734,1.05964325636072,104.972292670543,0.988956868253598,0.839750757662755
1.01787809926781,1.01339942924624,1.39067775773199,0.946900024356227,96.9147596558458,0.948779851540142,0.840758160452291
1.06895585622919,1.0133675479465,0.831003764859673,1.30929923169512,95.4965327776681,0.94902461864305,1.09373429611628
1.14255789681874,0.980347665135169,1.64577955975222,1.09250952161509,93.9714748140304,0.897785980458369,0.904063127256892
0.938844900979572,0.828524983821145,1.26285970169192,0.604874319907925,88.2819650121487,1.00813944098493,1.1642396993755
1.02101415746803,0.962154628873665,0.839553285684597,0.957568102500388,88.0134731620703,1.00179167976593,1.07627811784485
0.908108134304967,1.09925250848955,1.1655321327192,0.811236880427912,93.2918148156042,1.00265492865188,1.16316673104758
0.960828041003256,1.05298462562054,0.671376991054078,0.973535705174692,95.0209283485288,0.85627352732468,0.939173057574717
1.08039536783275,1.15680188050611,0.945258811555198,0.975565971928842,94.3441215125041,0.916785337925541,1.16190466518424
1.07510029897173,0.979015069101915,1.00921147528086,1.09307122720835,114.706178130253,0.982746833820872,0.931668417660689
1.17878428808126,1.12699119551495,1.12510458267008,0.880538992824279,84.5290308602358,0.974501818621597,1.18229253084365
1.04660347260453,1.07863482573666,1.06029184559872,0.77192414375132,83.8833386413097,1.04400319785872,0.884955398472739
1.0267578402272,1.08102186374917,0.99334331262685,1.00117616748819,98.3739447763375,1.00827121742694,1.00639466963346
0.859235572817942,1.15629252878949,1.30096044334836,1.533484699723,95.6557353093669,1.03094908272677,1.35395600490273
0.944934307187322,0.82167739221864,1.37175285633541,1.15399246176693,100.256939618712,1.21358132020407,0.958187481732236
0.939707940973502,1.00418494447153,0.784982232447457,0.923333572106514,90.3523887971459,1.14786212341627,0.993562621301592
0.900671344076235,0.844719705275466,1.58787842936487,1.45807592671994,96.073720496594,0.913958702107199,1.41843629439103
1.4295452140009,0.906539881896706,0.939788654324544,1.47024507737737,90.6235459869077,1.07864919929704,0.960812659222011
0.961874883965645,0.985174149786148,1.14234797337219,0.794481544207264,88.0676932225933,0.960973880005957,1.07980502331052
1.26878245812042,1.07094206679578,0.864300340665658,0.637668964367108,88.156016550786,0.940768514543251,0.844311550457747
1.04596345130066,1.22810442960271,0.828346462066201,1.22486386544152,87.1865593883433,0.847207136249926,1.16345668329674
1.09479367395891,1.06203049068328,0.959023087598524,1.57959298147088,92.839180787066,0.991182785277979,1.1172170302414
1.00114429311826,1.36915634474454,1.02705685122645,1.15098463040436,87.6779226321775,0.933022838620702,0.967703179434055
1.03481161330291,1.00284358585639,0.962441003428884,1.16479593651669,93.1980363898918,0.88620476720834,0.686688354105456
0.995759836306071,1.07689398330276,0.861831133687491,1.04865210258904,89.1468002570652,1.05291110508196,1.06375410946071
0.925514401950515,0.653786474105312,1.03970731021465,1.0288770444319,95.4975739845635,1.09437733669384,0.624102023957903
1.08542286660839,0.979075922755933,1.26653868668414,0.652731371329554,90.0610087426443,0.957255809360037,0.890274360360437
0.916035953784922,0.981205205728041,0.909312340579957,0.730768675050309,100.564605444732,0.829225429613739,0.767899810039115
0.789209979658581,0.629205853725819,0.750451862391821,0.960630658508467,101.466047861707,1.06671941965112,1.05929030261229
1.02000515399383,0.855841524625393,0.94942214499994,1.10512554006978,92.5004204814976,0.766626809570607,0.801493885083539
0.753389539325804,0.875596433060128,0.835453989553142,1.10377789249931,94.3748632602932,1.25963393962321,0.925951459175958
1.17035632209513,1.31567941772798,1.20189259900554,1.14733547807354,85.5375028309279,1.05012612856598,0.866639988290271
1.13403651483163,0.9040747289818,1.13992382363186,0.779717649490742,97.6087859654038,0.963350196197251,1.0240240385543
1.27534399015526,0.987426304354275,1.040417474301,1.0470078980061,94.4194314278413,0.972184215070128,1.08093987569099
0.938825998564576,0.834522081644095,0.913370507721616,0.688183481298948,90.3420422880967,0.776643585650117,1.16568170900652
0.720165971258459,1.06626184114088,1.08246564903835,0.91807334766505,93.2377843608778,0.896715034859545,0.957979615096701
1.13662408381166,0.87709775066502,1.02289957439399,1.25000515376666,97.4808676075045,0.845039312766882,0.73857240652715
0.972269744764689,0.819094951435374,1.42301872341003,1.08711717496099,94.0630574784618,1.03275228498292,0.791890382186393
1.2052418519521,1.01068828268541,1.08101120825561,1.4241244602926,89.5688422268528,0.88293479427998,0.962045081338568
1.41943916916661,0.631446070874964,1.17905715232237,0.832972658382058,97.1148015320747,1.01401632734168,1.26693498752739
1.06000036942047,0.891249254440396,1.01489913541586,0.997910023328747,97.1605588781327,1.03240844539967,0.90467110694138
0.94232573136861,0.653250596821877,0.963055519134464,0.884404799412418,99.3440699368758,0.920138775289343,0.903245769274992
0.973370308627443,0.833476623272205,1.54256001321979,0.925390025895243,90.8644768417807,0.788064375462993,0.772499967048056
1.10017959723091,0.909325813404162,1.01537366915964,1.29178482845908,98.2982535996502,0.891410154686718,1.03887382733558
0.935598113898423,1.18960970024934,1.06036708866927,1.16141016698042,99.3267850263675,0.929122956432591,1.08361341887605
0.900545357161676,1.0302786559412,0.958926912988145,1.50709532371068,88.1316655383003,1.09597509005979,1.01893759466377
1.01872604856743,1.00691988788961,1.07838986782486,0.778588450533127,98.8751908468677,0.972770160235736,1.24047937869835
1.27190925470535,0.954216517306825,1.01261071905988,1.71648077392468,93.4738519362267,1.15887878936575,0.994337704959904
1.13440760069182,1.22066761680744,0.756672832013647,0.667235902958551,106.431816794306,0.968357707900639,0.84062677290655
1.01140605779284,0.912916307395088,0.674499501297458,1.35833897841065,87.8062766681345,0.972997314568145,0.950477296355677
0.906159172260767,0.825408269865347,1.09271415377478,0.961151117984603,96.4214165393798,1.00555481088258,1.18303107727586
1.05250598918907,1.10912238104169,1.13036123170008,0.879281149214874,92.303479026248,1.03436347670032,1.04146404036035
1.16432615776835,0.781405904569401,1.02149596589938,1.00721939845858,99.6197321132245,0.941776055396666,1.01673161968092
0.908497950491372,0.860504007895548,0.83795133142396,1.56260785460231,91.5715563260527,0.820551531841478,1.09666459349384
1.00521802707147,1.00497519887075,1.09195059257325,0.794163674635719,103.718406128335,1.01255941177405,1.09102801102042
1.11804409606285,1.0756928925948,0.742965374021987,0.928004361283646,103.246952721098,0.923705652881186,1.14492612245347
1.14285949140168,0.995204979482576,0.991310209985748,1.19064876206103,91.3333100641176,0.971385060619406,1.05417596239475
1.04121603150032,1.0469693474089,0.889061535115201,0.957553059435775,100.438378883563,1.04491490216917,1.11795873789775
1.09867842863346,1.3320738560432,0.775298651496369,0.833448287070003,109.160099560939,0.998264619515474,0.900668944959444
0.946465145035334,0.676009815196853,0.878414361451706,0.912238707346227,94.2342743040171,1.04843807392217,1.10465573274353
0.943077488572994,0.919805012615668,0.925133814968408,0.887105791894853,95.3509741743614,1.02526351513419,1.29050518661796
1.10963000540938,0.944759379592816,0.786053219807627,1.5144135997573,88.9825270815636,1.06232825674054,0.93867739711624
1.08619854195077,0.939960850783944,0.909351280116153,1.3262314118559,91.3690589894085,1.14460820048706,1.23404176407144
1.16557542690681,0.91725567115069,1.01330723445433,1.0029019357472,93.7755139465271,1.01419002547885,1.08201550299858
1.07196139858645,1.35294871817583,0.983809506456634,1.82303463222154,93.6547752267303,1.1596296758296,0.71757280662269
1.00077932146366,1.10047382985899,0.947945583400069,0.98511533191655,94.660975213701,1.06720103866164,1.02086344582109
1.00064394169112,1.08368639965905,1.14327142869905,0.757142759614284,86.6156733953242,0.98652599224631,0.816230725030918
1.07321573368194,0.913739187204808,0.808907248302439,0.817484102392531,102.325090782685,0.954277805909919,1.25579006038247
1.02457321953753,1.28794089909721,1.00065231817835,0.975635966781565,98.8319876274419,1.16190891167005,1.15350166072046
1.0681925414555,1.68214269973817,0.921989859359485,0.711988400725143,88.4617694381012,1.02910235430886,0.867790163970642
1.04237533560962,1.28677586701909,0.755873268264426,1.35195951404713,98.1724847378335,0.818512969590062,0.839463680049968
1.2568922672986,0.70413072980597,1.04767359748784,1.32580197257284,96.384406820506,1.25113584233539,1.0263856543188
0.981226079698708,0.804206665871342,1.10130579339045,0.837700741853071,101.178353872326,0.938109004916187,0.940692172511837
0.951041838887282,0.907778290779588,1.16381785998254,1.04464790453419,87.4369566213827,1.10447299958196,0.89932794953795
0.869545000223895,1.1045819004096,1.02622599331272,1.24762578625349,93.0001740615466,1.1553047352679,1.0210411061825
1.03560123312002,1.08645047220335,1.15934565562395,1.27568698555795,100.99376400962,1.15951138473525,0.97511183530576
0.87044721896905,0.752261518083218,0.626582021591069,1.33694467134126,100.29392002178,0.879760870279661,0.895860092242653
0.992588721214883,0.904684620858978,0.713029727858807,1.00523803412438,96.1689088882459,1.0511279804349,1.0667322462278
1.03355322359587,0.968334635769996,0.666645076398703,1.27235174978059,97.2956517362812,0.97853972240486,1.18072179702974
0.890118775802956,0.962112924940567,0.727232312407252,1.05903848484216,86.569157763803,0.991288990756177,1.19229474592048
1.05261005275558,0.771666997475721,1.02647839892043,1.03559769494094,95.056667405721,1.02593324622851,1.27963869456775
0.883073352674749,0.948691479815543,1.08838905657963,0.576737622621325,87.7368136930896,0.988936023158237,0.944246410712234
0.942858288040579,1.28703088994697,0.797365801953042,0.639007513710493,92.6874086100039,0.808846003591416,0.881140539406561
1.09712037049375,0.789912451360931,1.35316360809096,1.02900918603228,101.689573794394,1.01800063874044,0.847940330661438
0.947608565152695,0.813112579752245,1.2214021677078,0.798679435896168,85.833820441734,1.05493410881835,1.13539641546027
0.895038857570534,0.888983388300277,0.888396137395615,0.767760174150789,94.1433477296575,1.08078932127223,1.28154227124874
1.01200443704425,1.27787343639986,0.632774603629989,1.22621253040553,105.441770685177,1.12733881767267,1.0718018460685
1.07667858537835,1.12957628894187,0.653253793104591,0.792450991074733,91.3277541719805,0.961013568582809,1.19024025435953
0.81615618073921,1.13785035328121,0.726080656286539,1.04247871230647,100.987633504327,1.21110616143194,1.05796767445863
1.04424708816414,0.872993636996378,0.734852300305199,1.07965194607565,101.991512178805,1.14346149785239,0.975847449994231
0.796621491445973,1.06644667590527,1.01404256183032,1.51118425818294,95.4804185385424,0.95107041186849,0.961369157264678
0.899247804510415,0.739207806828031,0.909998797147674,0.988844977721323,93.5568137922492,0.896647950070751,0.823044520225229
1.0104974932046,1.048146812915,0.964769199947537,0.774878724200247,90.6217831650239,0.975227727865395,0.851053583514603
1.01889666974898,1.14213733877656,1.449123078112,1.04557498149401,93.7680224367893,0.965722840998162,1.09161804977531
1.02890046417612,1.04140458483277,1.15718299371538,1.10484523945507,91.6978915532619,1.01528165798374,0.962070532016226
1.0468872166428,1.15024726607903,1.11070244734023,0.871140947300786,89.1730600485675,1.036984625401,1.03452278148851
1.41310964026848,1.17411153609188,0.684006139076602,1.41785415854281,103.717633570581,1.04129786530787,1.03188932227165
1.00763848503001,0.737379750173047,0.965833773146205,0.907031011147809,88.4327938234759,1.00315559417461,0.905798646392241
0.976936425490207,1.29169726278653,1.02592019536746,1.11992780565325,99.9559391956628,0.832214041913494,0.987966617067675
1.10173987611974,0.677229331334089,0.72961843241353,0.951333069826511,107.38929190209,1.03833884593766,0.988307309280328
0.924813383337694,1.04798083729551,0.830508289976213,0.648665716625985,89.4160578455866,0.927022023642145,0.972452451232884
0.970897458571412,0.728620512599025,1.07322785423496,0.781754208945757,87.3182633232648,1.15221956735759,1.13767923152199
0.894360958941001,0.689591314170121,0.928678342331835,0.800599742847936,97.2063071432437,0.969677548039981,0.976974745280569
0.895342186065208,0.951419140126262,0.994268026052487,1.25518727062748,99.9706126719248,1.11365095586015,1.05484337677214
1.0809047504672,0.888071186124897,0.940220182193663,1.87061910564232,96.0992579522112,0.764729845073514,1.37860946460224
1.12081422803477,0.996014117020875,0.726095032631112,0.838861381672679,93.3885684229833,0.90325687196666,1.25859975896285
1.09319904713606,1.04313742421295,0.9715999041294,1.34842650966404,91.5612536787657,0.653396021445599,1.11011099719461
0.986610451925872,0.627981811756668,0.640482631638295,0.596461624286043,101.87663058856,1.08104870559474,0.936872918223752
0.816239873612963,0.720076712431112,0.915568206356984,1.0249628986616,99.7647458982776,1.14568092796559,0.899343672596965
0.887954901651211,1.0245760341868,1.72315271366058,0.786528498860615,94.4478533651876,0.978799808520625,0.866558154441619
0.937251295914071,0.911255119523676,1.06669890063598,1.83249042817016,98.1811691483339,1.13265163909254,0.879856468220427
1.00888892953471,1.22476671782133,1.30784999636956,1.30021239371333,94.2744572498652,1.02420398371229,1.50343567074347
1.05079730137986,1.04107632427311,0.942354465744227,1.08584510741666,93.3780812030688,1.04030355143278,1.07312253200413
1.10964043385409,1.204766427646,0.937026601895048,1.26425511457389,88.6907860963824,1.12941105576858,0.7554007904403
0.909712131870603,1.19597893910254,0.906158688109934,1.17142522090135,94.4240427442475,0.953006536528334,0.832679329087096
1.18687839467626,0.962212930645484,0.907641032463574,1.46364274808446,95.5668845738767,0.963921063094575,0.78077093468749
1.11015636734222,1.04873466450348,0.798365924115182,1.21426030033781,85.8742718698032,1.11748933781305,1.07981046618413
1.01880052644545,0.865265865401628,1.12896181882148,1.54050154524232,94.1114080185152,1.1502464635321,1.13550020034195
1.05452872301667,0.833419866173003,1.12795550763302,1.01520276914654,98.810253378302,1.23171887650793,1.19519847474739
0.988782633312415,1.21751983862833,1.01500421849531,0.734621849115332,98.1713967350015,1.25292290082182,1.29769103045237
0.904782737207234,0.977735038781655,0.987663636174148,1.02895116957008,99.0257903422268,0.900744388957059,0.882159803942304
0.969034416500037,1.17354581135427,1.42926105635261,0.691131239867268,98.0678022202036,1.07831298365098,0.958153431469383
1.05168305870849,1.20634595816185,0.7834684895681,1.08562481810214,88.5053084770162,0.971685955893592,0.958121541524653
0.862786131903811,1.27180412064083,0.856208863613805,0.988681848330687,95.7878472643368,1.33866313645115,0.938358177412655
0.93431209324118,1.40821859033476,0.897211738690313,1.08787947148735,99.8100568656074,0.997768975800073,1.23814465442188
0.921625113962065,0.979225270634725,1.29637842402937,0.476280107084367,95.3686517622454,1.02445685631461,1.01591385093379
0.875027884980267,0.836793711994848,1.27643384195798,0.885987837650138,93.3206637546293,1.01078791748991,1.08711273435274
1.3080639360554,1.01241017666811,0.822280565275775,0.995101121549399,90.748206095246,0.961449416353148,0.996354757115226
1.04727596265206,0.934535346226861,1.5516858886363,1.41101965589127,106.073214465341,0.881917727384151,0.791683724279551
0.997471890684962,1.01990266691776,1.29936312459322,0.876142546093967,94.4184329903263,1.10490645139765,0.859889365961785
0.819390560785853,1.11780336216695,0.845686223627224,0.965849548556389,101.950326668441,1.19141499243876,1.00855836499138
0.99562759600068,1.12671432702457,0.930965703941925,1.1310765906605,96.8988399745573,0.87766653268657,1.06278398695241
0.991926681523869,0.924904365058467,0.930044055136266,1.0341306960911,96.4537296379272,1.11603013075458,0.922462268137869
0.890776504720314,0.883713009633707,1.3947006518815,0.823792638298195,102.113614095685,1.05277062950897,1.16428335555936
0.971601528450204,0.95102712792708,0.949207254756881,0.953256072891747,97.7213841606704,0.961685684799008,1.11435338321703
0.985860318130753,0.922094094350346,1.12536391268652,0.826789769331972,93.7229735294392,0.913712892575422,0.949888277240984
1.08068903787529,1.37992319130728,0.864871435787848,1.39908033087798,95.2999678242005,1.03588718018658,1.13054251269984
1.0824199194243,0.841930718280956,1.11103509875295,0.632988936593143,101.566072747013,1.06203225038195,0.913354738395128
0.885116098390027,0.840225045469894,0.938340268431488,0.914911834935265,92.0968332779699,1.01118102261245,1.06290394717876
0.988774960909784,0.74237331270663,1.04226239880494,0.811190360177443,94.1005758319269,1.05062946522803,1.07473083087817
1.08433689509831,1.08092434704253,1.23332061731717,0.802337704960526,82.7581523846876,0.941251590728226,1.09276350083826
1.00116143785372,1.01579462371718,1.08372024181241,1.50908363774132,106.998575307551,0.98970880619759,0.95090392328137
1.1477558003615,0.918063726767254,1.15143506193626,0.772015064032768,89.7097001899022,0.927810042417106,0.930954231517578
1.07448782075257,0.693731561209564,0.600610697642737,0.508109376050615,95.958462443069,0.82256254169637,0.907876787316542
0.8682389514992,0.940061626602432,1.20794060699513,0.971237062661246,94.1946960725329,1.04968925752769,1.14436839795539
0.752350814163776,0.944192108838927,0.770029523593879,0.878239421886985,91.5511880347676,1.13007166490853,1.23518692352022
1.09896716221708,1.17678917016664,0.951771196597951,1.19696459342779,97.9674067491494,0.940991837299262,0.979322545124593
0.762959567037766,1.06958930697449,1.03685178541159,1.2502859332846,89.399982125783,0.906826468566804,0.945396852168989
1.0374091125187,0.883600228958924,0.934039062512793,1.27081165309115,96.0953080974493,1.1104382305901,0.960069317729338
1.25724489800981,0.827208786579785,1.01310525074551,1.25469134142496,98.022104664769,1.04216764138831,0.963454589053956
1.0344543934275,1.37885101633164,1.13375620868624,1.27272628844088,101.058997395205,1.07440190936869,0.864905429552241
0.956249496056719,0.985902374738898,1.15664707379541,0.797430023177731,90.3838185557776,1.17748325069426,0.832228303670628
1.02911547301839,1.07236404241064,0.85897853227534,1.40328555396809,106.837536820751,1.02196123709363,1.20491904990271
0.978307452431183,0.64704532801071,0.951909842979358,1.08785577592069,97.9454490205481,1.06946287660906,0.795572414788494
1.02464101496632,0.99391841972806,0.763148854875495,1.11657914296445,103.150641764507,0.793299115808372,1.0129838197278
1.2061351258489,0.551615053056393,1.34924450518061,1.00990265568449,94.8269030735239,0.939634713821391,1.12809563031866
0.941031520846719,1.00349053294553,1.24209850090226,0.788797852063757,95.2945116090492,0.944183078647986,0.871418782624784
1.22245576044137,1.17180284791669,1.14554398362424,1.4187410175475,101.348630374594,1.00369632049589,1.0775730291885
1.10338500046202,0.965390027085728,1.3119697455688,1.12273732703772,99.8713756155588,1.11157450199198,1.07502949552654
0.919641847227937,0.828652487621125,0.860591145567383,1.47037662606202,94.4799205167417,1.25958143087832,1.07743998857537
0.899278383972407,0.610169067757829,0.933116923777098,0.708938922211364,88.6319450666484,0.79047729542118,0.957389226627239
0.880575563808547,0.939434708860489,1.14412234924521,0.784553581494979,93.4603720596489,0.886413978101909,0.964619929596952
0.940567610616272,0.831041507844534,0.987640233773434,0.806994763646592,93.9393070753731,0.990270126773742,1.26747245385496
1.05687879185433,0.792751385495946,0.946157733278225,1.52702705190124,92.8789907889618,0.960939178092876,1.07310338820052
0.828979821622746,1.09467326924284,0.856053120767967,0.746206359178638,92.3280630336627,1.04698320140015,0.922304054904553
0.943411159369425,0.975177424750236,1.04918704798929,0.575601294190149,109.120297296193,1.04583728429319,0.884027281765005
1.16819186590278,0.931286352445372,1.03346512282076,1.63822740751746,90.1269259499341,1.16299350496521,0.801299558502541
0.865117409858975,1.43564915028491,0.781301786356862,1.12462130545872,97.2126578939991,1.04512121389167,0.819183990752208
1.08806469779451,0.817307684311933,0.98881371986952,0.916185882749931,89.0116583877214,1.17100479090238,1.03372290601427
0.923090554519942,1.27231771735725,1.02639637639634,1.49085206312872,93.1603971857434,1.00373828934283,0.727412125732775
0.839980681620108,0.894728001269869,1.02997781349449,1.02953919612127,90.4617931186856,0.898949388891171,0.914350476272302
1.06230128967305,1.25095465638602,0.926235197858546,1.17520373277885,92.9067878559705,1.01001054472521,1.16075516351523
1.08734461057059,1.16237763726531,1.24187333495427,1.30213444314125,98.2696890932261,1.0234581585272,0.946462916067403
1.05100774014446,1.23540662099762,0.809782361725924,0.774167452026232,98.0131877820113,1.08325760863944,1.21283038434947
1.08184563890589,1.15079176153125,0.916859638891176,0.571783653727061,93.862747173662,0.92267093949808,1.0707043556034
1.24227928968401,0.863660837902916,1.06565554292299,0.742913381192008,94.210192780794,0.942366654188935,0.923014926861019
0.918524530136295,1.17881112473907,1.05028173691698,1.13880399196372,94.7436604922194,0.927759683472667,1.05896226592326
0.896746141843122,0.978681958981089,0.887793291733666,1.13055429592667,102.820349340043,1.23345201068406,1.11252439521613
1.10498231204481,0.870523470565528,1.17028114712931,0.961790343280168,100.665468731279,0.964580943258215,0.927136334142641
1.13118952107095,0.874894337416958,1.03811649399534,1.09879394945595,95.209730313091,1.12706259029499,0.908583105946238
1.26384670840908,1.05352176989855,1.12515810363553,0.624011825226559,97.0680110818697,1.13227392335036,1.00846287543827
0.982650179859257,0.812426931605618,1.15823345115529,1.28522167306156,98.065832946845,0.949137396548095,1.3370644736093
0.966672023756194,1.03490349986433,1.03789231051038,1.34219162954022,85.1999384944839,1.0244614891654,1.07623118173169
1.11797766565624,1.01574409617244,0.993239244766254,0.833952129774674,93.3324655222125,1.15416029278951,0.818985341828366
0.9135591306539,1.1216815306716,0.835478846302118,0.991889394665373,102.421903079759,0.993408905675476,1.05793340340078
1.18545666775903,1.35423352730039,0.782502954016946,0.673343208887646,95.8068210280197,1.18513262692319,0.958228936495252
1.09745783416196,0.969652314923923,0.979753774180371,1.05660057327676,96.1379881463541,0.922571444726539,1.02948572569714
0.968499910741314,0.837998594149146,1.07850945378536,1.00150574370297,95.1917098945308,0.823964922425162,1.26256449187347
1.12846022948831,0.829923116632637,1.00528907317121,0.698734012250063,93.0101588264075,1.15005111352802,1.0074066335246
1.06778213942924,0.890045248154587,0.901410012248188,0.942753838278349,95.282022666658,1.13031148206383,1.1972443176494
0.881233879965329,0.760280145129989,0.75936217384937,0.903376139513604,95.3344497459366,1.14600811693107,1.05577049875459
1.16681554942161,0.888826247959125,0.996172514894583,1.01660004661985,99.3581972020795,1.10090007035658,1.03883144221542
1.00193728073104,0.906050160653699,0.910874902939418,1.05197305614463,103.031793877078,1.22890724568388,0.913480653798545
1.11135407043889,1.52087512966312,1.07164930070627,0.759705818534809,86.6203372961932,1.02580476172532,1.14546543097906
0.949899343526489,1.03804717286832,0.791932871619174,1.06237362014109,94.2659142117578,0.952676639479644,1.164070976208
1.07485780277483,0.944902927771813,1.02652889193906,1.13257529234136,93.3660096091163,1.10554393001171,0.805224260169742
0.984142740322752,1.05584305653156,1.15878712439019,0.896655279282079,96.3134943610415,0.974099799751438,0.997243008357034
0.711936315905707,0.568697994045904,0.804864130067955,1.73720964027148,91.2103724279021,1.01074715530317,0.8631174291471
1.250507351573,0.980235974054844,0.992857799859306,0.801544303338708,96.2636260463738,0.974603804240232,1.04427226224097
0.881417720541618,1.11815481041101,0.923426978457548,0.858293332559003,99.9597733180466,1.03577693587911,1.06898053612285
0.883469027270467,0.995483800801608,1.10272720372141,0.804708745260985,93.9800937070737,0.9863253065907,0.794567106546306
1.22384272863467,0.920311061174821,1.02663228268506,1.07458880296892,100.786189757936,0.806684165955053,1.25617972734397
1.1771736529857,1.48395348423062,0.969549801407422,0.84458247825034,103.22020254976,1.15404499265058,0.866695438383528
1.02730734269655,1.19847381120736,1.00948083547966,0.85296905846434,85.0338324958356,0.974375502851932,1.05351772951499
1.02282325518476,1.0630636249433,1.33032163631436,1.08241239689622,91.3848853608327,1.03050719605138,0.977804685872988
0.990917748708051,1.06102352984057,0.869890992547199,1.05630812005171,109.522832880236,0.85458091309832,0.931323484208675
0.917976014308023,1.07376848719498,0.746830525896732,0.930633690266706,104.414545294968,0.875214402022067,0.881964295798881
0.93510882723812,0.788479590798005,1.12668404673395,0.922400520001685,88.7413954250292,0.960408722350038,0.83639459202272
1.04344723875567,0.963655414580079,1.05369042856955,1.0517477560868,86.2734282087669,1.07051317820513,1.07180652898955
1.18417434430175,0.651697253147694,1.20966983159645,0.698108911253631,92.384863361066,0.86774733424884,1.01121847872357
1.15941277639909,0.981235932224481,1.07100323995106,0.820905021725737,106.397001401193,1.11518428321362,0.745580955620889
1.05747055841051,1.0448482630951,1.31019736368105,1.40711116863373,89.5976152180777,0.873338423575617,0.783171167896026
0.768752099098712,0.912141503821346,0.952253928874573,0.521622784229595,95.0845867464247,0.953305011883407,0.923899393313958
0.995879277439773,1.37167264609087,1.12551491182699,1.2600298602268,101.215889527986,0.922834354711638,1.12274047868737
0.678399108228439,1.32477122177967,1.20146950278865,1.14196131004332,84.1628168534202,0.789553118198231,1.04637841355719
1.00735996565327,1.12113486829493,1.03638758908508,0.858821921137925,97.2525920005624,1.09761754456434,0.740086746503563
0.972350293743741,1.01979776723628,0.888291263555459,0.843238401638756,92.1611210469127,1.18950480258317,1.03194532817205
1.16244013539274,1.08157693613261,0.914870631528811,1.05458025084259,99.0519811818407,1.04652517555151,0.888916812875431
0.933340635578418,0.742371097383444,0.773139548665127,1.42023064528628,91.9226702116908,0.809578466838342,1.05442317240892
0.760525751180665,1.20778400030078,0.873045417208768,1.76409101660355,97.7665881294728,0.915311405884217,1.06419488169773
0.850160981041137,0.911577409930925,0.895330645005366,1.33237890873553,96.8835135610169,0.997835049272952,1.09649027182688
1.15327227200288,1.24736370663281,1.03842908662942,0.727062634588701,88.0552102929995,1.15063783115832,1.28958502561332
1.06944055857155,0.875578354449848,1.06148993017092,1.12899396677434,87.5069566065815,0.948426126730158,1.07905481239046
0.804519350060593,1.07986873963709,0.980759263095167,0.945078782014217,92.1432770276679,1.15764544017365,1.10825241826052
0.868329907601637,1.71222717934296,1.10933142324964,0.971659793668921,90.3856429841349,0.988848632266233,1.02624681108136
1.05158556209437,0.675654716480693,0.852480909836325,0.768360935836384,100.062928522455,0.936713405491184,0.941556453114563
0.869751711260449,0.976941432834136,0.722501805621325,0.844243418608582,103.382927560785,0.988946064033081,0.891677491573028
1.21079080327566,1.15242633639912,0.760724384046017,1.20671557807686,94.3343331925063,0.789417772941408,0.918228117570376
1.04465653318196,0.986521933607336,1.01422797539108,0.978286720645808,97.6193574526519,1.09015584475961,1.07542495667704
0.854704245503879,1.24769654758908,0.825043463538756,0.828033441525731,96.348687231845,0.808559069968829,0.749638829005775
0.899235783925554,1.04340588693299,0.968005164649541,0.903677125458832,99.3425945211577,1.02908240752482,0.823583353311678
1.2169397401546,0.926918785758895,0.949469560057642,1.30639401086029,93.9492127349251,0.917175057858403,0.984222582867236
0.931489245966666,0.873661304581329,1.24001124636625,1.18266167713205,91.3674977521027,1.12159288833244,0.852742631964478
0.927429821949829,0.821855892438643,0.769483872419246,0.748107007831733,91.1663015859743,0.851061840171578,1.07795859354322
1.08393044964946,1.16209126160993,1.15186950536258,0.910990136024359,95.5556755026388,1.24791176162986,1.09477000783664
1.31473164234176,0.924413947031229,1.08525412458334,0.773275728448478,94.3876595048573,1.05137361146926,1.02152750613631
1.21969053256944,1.01184529064525,1.15180718621008,1.69617253649662,93.4094380311911,1.05886894216617,1.02463565959209
1.08094718696669,0.996016093668283,1.21665820243535,1.06084505989566,88.0680129810475,0.989357354459456,1.04186616183993
0.944111948293745,1.06283058324002,0.786280490888081,1.02756951468377,98.0189946766845,1.04772136181349,0.992565956360343
0.860045858607297,1.43632753022016,0.796980658711138,1.14232843432995,89.805170554645,0.973843162294395,0.884342862745095
1.09230513632421,1.3244503745951,1.34691555923259,0.933507134522873,88.716241753016,0.967400474315788,1.21112759732436
1.02739347397455,0.948118425659963,0.969960769861487,1.27384130406806,92.4751201312931,0.99204490786804,0.88834638554577
0.980262799427213,1.25347226048368,1.05787710375751,1.01755687667483,90.820464986925,0.91365929508645,0.912251241782013
1.12918427560668,1.19740769791013,1.17268063581827,0.807110358482337,95.6653055645563,1.0776865779295,1.09680883373703
0.875259934753794,1.06614594565152,1.17069336833413,0.663511667458059,93.1561245134485,0.880454936930668,0.961036848187079
0.998048665147476,1.31348751124565,1.07307379571575,1.04737463403587,94.2328770266655,1.04957011446448,0.969970010349019
0.851141979856989,0.62591000658494,1.48763603255821,1.58627171310655,95.9268479020479,1.03831809991327,0.733621883904089
0.987541287277832,0.905933570559537,1.09391135174386,0.909045743147783,90.9652686533052,1.01826158888278,0.782944602453006
0.807553895148942,1.03094409385363,0.929878511673483,1.14343982398632,85.1643461394842,1.0295859600794,0.808624650722476
0.827212039793122,1.17959905359563,1.31278650957739,1.25572279441264,100.763573811863,0.844846680284854,0.767434898513146
0.815382384525805,1.18529323080888,0.801802134704603,0.925161583697783,92.9563528502969,1.01630784495319,1.10606943171109
1.07488044722661,0.808986988969765,0.935795635648268,0.649423099762116,94.7048652661619,0.901720070534346,1.20616397671628
1.11729211554279,1.18578172117331,1.14717684356671,0.728675031903027,83.3366927492662,1.09443524312362,0.931962717732447
1.02171257128738,0.989973974597284,0.979227660153343,1.23368192051624,94.9457544267341,1.16980770725658,1.23053244130089
1.16381280117925,1.0127153096363,0.935091386609977,0.774391136746451,96.5895381540744,1.13139862035544,0.874263409874351
0.955908052867328,1.05422564600501,1.15767335854193,0.913372944917261,95.2207246684528,0.866912408423366,0.933820379154602
0.963984691360164,1.40389158404636,1.00003249634414,1.00085271562722,96.9387006177631,0.864529153064411,0.812630409168492
1.15102821930874,0.672352150496542,1.09471691855631,1.14539624886217,89.1221885130548,0.88436570122869,1.04398400996052
0.909629561161984,0.975696093581874,0.764801398747515,0.736278260977069,93.8512213925601,0.857824142762373,0.962019947815148
1.27236692668442,1.03727967808672,1.05831850808295,0.918550321965428,97.0094806159189,0.839816477548944,1.04948293403783
0.69172687361018,1.23790379428378,1.17645918233849,0.98442321752029,99.6632934004798,1.05490641022461,1.09425398114021
1.20296233411275,1.12966301415427,0.868671803417309,1.04323668053414,89.3112472133171,0.952806811269811,1.04318437163514
0.87364825151254,0.771232645221485,0.908676070440102,1.63368251131401,94.9619778138235,1.00848627567895,1.04374854137186
1.05470225997456,0.865560496541267,0.815724637495261,0.825402298871766,93.5439471559265,1.11120727039536,1.17133779638573
1.01765977954923,0.88250153358465,1.51138278734665,1.10939645192178,90.8803960715064,1.11344709798285,0.946114358004945
1.36192735644664,1.1647920242617,1.04241300079938,1.13064128503862,92.3208784623851,0.976812173782826,0.910335283386297
0.893257861369021,0.838594479582464,1.26245484515147,1.05794663652862,88.907451513897,0.940934760586451,1.11709364080669
1.02500947211376,0.831944694488666,0.90134962437252,1.15385981978104,96.8529160292328,0.983322700434814,1.05979261285407
1.08054451264875,1.48068631038551,1.31710062805089,0.907285885871836,95.4612451808063,0.778849858373017,0.807001976105473
1.0051559946095,1.29492504691795,1.09948617087472,0.745475237219164,85.988744019375,1.05387375557722,0.954037247767354
1.03266607243606,1.10000498949663,1.07076316028769,1.24878124004597,76.4377878992388,0.984997653586655,0.990522126279861
1.05715381452294,0.982472815702261,1.26116372485519,1.03502877536012,96.4455546806633,1.15700377822365,0.976221346353632
0.960916909849635,1.12805082941882,0.974730992844353,1.0471278229274,91.9237898337766,1.05584920884327,0.825320359156566
1.06025375976152,1.2692803469771,0.867526302916224,0.888372252639238,96.1920246529397,1.05884543044144,1.24905378370314
1.02750351023133,1.06562856061041,1.22701086444923,1.42447293042836,91.6546604271596,0.926632044733524,1.08283683181583
1.21212624182046,0.959941562081431,1.13853225169342,1.04972818273383,89.9972031197259,0.900322301319688,0.995075439263378
0.753893420139608,1.31561423040885,1.05478502164786,0.751047121375624,90.2020694699585,1.15037465420424,1.0449692618302
0.858867537982643,1.27019930698155,0.793597692240288,0.954149322244159,90.0616497305896,0.997125188906131,1.23470226272538
1.06895955649151,1.14890798103267,1.00233251178268,1.14528138139379,94.6662730121613,0.904357716357315,0.97678064607958
1.1352388803322,1.29695505335349,0.935844261775902,1.28867152286651,98.3785469607043,0.905675681519527,1.01741229657343
0.991705703439097,1.30422163070706,0.971085249979473,0.994850345864729,94.113986207136,0.869653288747467,1.18524297251618
1.03677660302749,1.03568728221031,1.07332083372513,1.15666504711858,89.2274500079947,1.0384597404417,0.767414093334687
0.951198956948224,0.798470166823071,1.1912325693271,0.836645974450233,95.0541939328384,0.876018432449443,1.22919305890403
0.873494266915373,0.990291765959038,0.864355228123061,0.950928914467928,96.4038182494582,1.00449018295658,0.974696026945872
0.988328400537556,0.82278915907537,0.989221123225937,1.48123291488994,97.9933636492166,0.978940700931003,0.935601542004643
0.963437909558792,0.932615590563285,0.864553072040332,1.21399813055799,97.298536565359,1.0078334570136,0.822222562447614
1.02300661005664,0.982920096562394,0.729979841807616,1.25850728685611,94.5980272612264,1.22559450959487,0.914141497755785
0.876530652883343,0.811363899447384,1.28161733884886,1.29056692384155,96.0775200234487,1.08698769457325,1.16207104452729
1.13578432751245,0.906427970505714,1.44184451704924,0.814958912592961,100.477121334616,0.981820159448363,1.23110876027266
1.18591828102042,0.758494881242316,0.894629931911085,1.29926025778297,100.808787432418,0.878032657155485,0.974754584009669
1.02452344065265,1.22922920632366,1.13182266251452,0.88349900686075,91.2583242595396,0.965948416767593,1.31645494163959
1.01005247765326,1.40810129086022,1.38780366127558,0.796527351609968,90.2522531562662,1.03189721684616,1.11790511211136
0.938532741120747,1.02173315089586,1.12851668802496,0.802515945617631,90.1916359611115,1.02770590635115,0.992444788573397
1.13868100960484,0.860208278582304,0.79277376872097,0.937394923800236,95.1118555038502,1.04309822574969,1.07137975494273
1.05184920041553,0.874343627108582,1.38874453090074,0.894983198161723,100.774788534661,0.844545709893541,0.978990363885781
0.933172368505511,1.00057069270136,0.977388740024378,0.943631936821326,95.0599421650574,1.01729041496949,1.02535237501812
1.07018272623372,1.13683438751599,0.872334232608763,0.696700052652276,90.5604825804869,0.915318960797829,0.820210597246099
1.23557231089809,1.13244771896658,0.6422146629537,0.845600065494097,99.005763390385,1.09670873068249,1.12606098175715
1.16244940646797,0.853173624462923,0.993753990198265,1.04786282975227,99.7392480347159,0.978328260940704,0.758160784856383
1.09534419975172,0.718323244156624,0.710112070327743,0.938649425058016,90.8872730085378,1.05010083297027,1.0904201117129
1.07365429625318,0.93079090670205,0.930774916999454,0.901878034029471,98.7086460833144,0.74555455338063,1.18055062451851
0.986103049594572,0.919330524162308,0.88184798669282,1.30255824729941,93.5197742973763,0.932756453752986,0.821448620738618
1.28453388972835,0.776237418868146,1.20581376481451,1.26734711340426,103.940886220323,1.10381556943147,0.95944407880009
1.15412798307737,0.887094684349054,1.27502363716168,1.0904627464281,97.232558892484,0.930216109231224,0.991653664075747
0.903700478115759,1.15344922375762,0.810679779527537,0.798386638911876,95.129556532272,1.08247759268839,1.06079130899185
0.854067335654115,1.16546912384425,1.410211112113,1.18097067281543,97.1416011517359,1.05835493587854,0.89498579042895
0.939539452892481,0.957907546679578,1.35260150412498,0.689752859338304,104.627997966166,1.01725977011673,1.02132421607541
1.11841862350309,1.07365897299789,1.1291475669194,0.807821634492742,94.9047701691092,0.906561810769821,0.920755764081993
1.47445766804323,0.886438555811218,0.695543926464378,0.869815625596387,91.4925118512184,0.995585037779255,0.813382767786863
1.04682697109984,0.978695498238688,1.05868231946618,1.44569172940547,99.8692669460789,1.09567465049257,1.32672737393489
0.962027041859089,0.836909303231873,1.51247774852226,0.932723343524879,89.4568670431537,0.98994841383723,1.20171154400181
1.28847291640024,1.06034874304405,1.09522810859669,0.612156877394766,91.9224072349705,1.10424276538216,0.978258338834831
1.14600146811023,1.10252352143543,0.9603222687576,0.735695586774161,103.264108220527,0.996580771495241,1.00532009279039
1.05391412761135,0.923757033314673,1.00042971668993,1.36429237568052,98.9530566836906,0.92470636646656,0.831071857330672
0.996026364186234,1.12913651651981,1.06410510374328,1.11119631567569,93.224295537404,0.803357417686374,1.01584984368619
0.98268912297323,0.862752576189,1.00461352311016,0.744060218318683,92.0699070072491,0.901198189740992,0.882175353696739
0.979806709658867,1.35675565087873,0.832721502393647,1.01580938680046,92.3638039641206,1.05698619286757,1.08063508253812
0.929390238627336,1.002923206768,0.952547836899333,1.0155406265847,91.960665165156,1.10710374500579,1.66248077557383
1.18123596000561,0.970828309226997,1.1222619345764,1.20608490492367,92.0816447441677,0.896594444338988,0.894190273461818
1.12740577795921,1.0793577555933,1.04223918880437,0.762240682046436,100.299112983768,1.14274525367114,1.07335123497387
1.02271384709652,1.08484716060488,0.810535766720563,1.07724742937421,91.1428670203252,1.00087017226402,0.735916845946976
1.13571276721392,0.73573181576953,1.13775738355541,0.861063046239683,93.5572426619036,1.13043015213624,0.937876142515275
1.24388900530152,1.12259240388951,0.879324915403268,1.16687905299884,93.6739779690729,1.06665628972647,0.915024332595506
1.11782700926767,0.858792760136316,1.07218758222614,0.718287251339613,102.271180744704,1.10403833794022,0.883805002286969
0.936547586705745,1.09622875971234,1.32063152522928,0.927022909034326,93.4231359464641,0.837849100085704,0.934859295778991
0.988068312392716,1.16701594036234,1.34842495591112,0.870003658892069,91.5797693938003,0.930871513204711,0.934975948700573
0.906452064581068,1.15370739266558,1.2332814369816,1.02240849729881,89.1982440068508,0.745310296932816,0.965766802562053
1.13318641839631,1.03531610603869,0.853703087461635,0.630935656918135,96.0608020181431,1.12975187611353,0.906625524082404
1.02631309926744,1.00659142152596,1.36439305794101,1.36931843766946,95.9130499132236,0.943571595951197,1.04944743413017
0.854687541046728,0.690789634620268,0.613143758878083,0.821383916815874,94.056186772043,1.10270903316031,1.26878774695969
1.08790308498637,1.24128354808383,1.1512350114689,1.10831005939226,94.2734887966184,0.949984282759308,0.917312840837927
1.01671245711053,0.882450437137307,1.07017033403953,1.19259018230509,86.1272461326648,1.15999530881832,0.873287821313318
0.962168870097056,0.998797874299737,1.13707201723755,1.04777048399839,95.0806549915158,0.848465662887552,0.897251841042832
0.960234110219967,0.811072102700738,0.839866159015422,1.26663757657304,95.0831292481061,0.924954439943705,1.12166548132514
1.06526295263706,0.722047209055537,1.30648948526917,1.11036653751315,87.8013647439657,0.931644406510249,1.054658698254
1.0073121954893,1.10705399615928,0.852570086295593,0.881942881839257,89.0247030846828,0.976054246146083,0.959957954563823
1.15821540045329,0.816070950955761,0.657089829797027,1.2287824563249,84.9098053271145,0.985280259733407,0.799911698770946
1.00584426546233,1.14647222878742,1.2862718593306,0.884363215803913,87.2737865451401,1.12854533259525,0.976000243745151
1.20438924206609,0.945251752622503,0.989897923853035,1.01664539456738,97.2223741237314,0.839631929249545,0.827071836025736
1.03780340593672,0.701777545660465,1.1066093764666,1.03573705003009,91.9795258633713,0.951654981546292,1.1272529997768
1.01066621478444,0.858608968823383,0.955009131857986,0.937957850723403,89.7964894320016,1.13670355227509,1.18888003765102
1.21282330241337,1.22930038826886,0.744512595497659,0.872674678747443,87.6239149829504,0.748137530789923,0.818567716785891
0.961327341484257,0.744297461129876,1.28616969320078,0.95411275846924,100.953522003912,1.19904578403747,1.00763197523369
0.876435762317912,1.22271966187724,1.03551881538479,1.40879634251231,98.642566644593,1.23815725991846,0.836344699690365
0.853463220734866,0.777760454486801,0.843640880098331,1.27574608372653,91.3864198679107,0.938139061543608,0.95158512383076
1.13817634045298,0.758251398164748,1.15900760744917,1.02484318522853,91.538840222821,0.954590064215501,1.09894448027908
1.05309386073745,1.07114299126388,1.00536742373831,1.08919572611106,90.9547164028417,0.964002329777523,1.01056474032213
1.1125591821296,0.821193735402853,1.06465737715616,1.28912664260682,94.837670857245,1.11276157170972,0.939279121912123
0.840050436613178,0.700501962094752,0.967006038534125,0.734780064286528,91.1380092048656,1.04937494259338,0.865169698419082
0.858068872496395,0.953887150876406,1.5280290563311,0.825167882757966,98.7319178826842,1.04360986091905,1.11177017195078
0.692977106779423,0.859172096949302,1.42384231652664,1.11417027410202,95.2555598931458,1.08322933902419,1.03088613270497
0.939788604807636,1.38316595479572,1.2543743228251,1.14647519705027,99.3695077700461,0.903159236421135,0.982691577076909
1.03925060566028,0.882985111801677,0.805840943506702,1.06925762888597,89.2857926198496,1.09290798037392,0.822128453330388
0.958508644738015,1.34261760764728,1.22348188229692,0.962478871717071,97.0096225811978,1.14766389261421,0.875209924027898
0.988995749318411,1.54152905200739,1.14097830363302,0.673088224066353,96.3536315185256,1.03366967020579,1.51846414057364
1.21071516796988,0.963417750412822,1.23061620472463,0.966700535064596,90.8307777906583,1.08792700097688,1.01275829999971
0.942549774402647,1.24316215700404,0.953266046699528,0.819186021999487,93.373108896916,1.09893766977773,0.974595608537687
1.00489567039768,0.875650984602906,1.19916200681431,0.837143855622104,86.5914599840689,0.868924687738836,1.01504954440715
1.19111698918587,1.41290641702064,1.08098211655846,1.39763471685229,89.3641556390534,0.969352862851389,1.12127616657224
0.970881850002181,0.876277161385399,0.76375671521735,0.593372046696015,91.3970730969075,0.998779500943391,0.90938847247012
1.04747882696781,1.04193627072042,0.956551880413598,1.39134778768788,95.2980021415601,0.862929374890195,0.857340833794454
1.18081963452313,0.995919001419458,1.21103374115013,0.981018042800729,93.5792225262559,1.08914553449547,1.05893638026035
1.26039131186326,0.886509341469937,0.885001182907479,1.0837234908925,103.632343670782,0.821059901310908,1.07226284669208
0.883078441228983,1.12972481053303,1.2664845811894,0.646750869330236,90.2940688809207,1.0902078334897,1.04116048676398
1.26354373170511,1.16473203743668,1.18359189377321,0.967335019263002,98.758126876218,1.00231902190746,1.20656583240568
0.996084379795427,0.842609614257469,1.05761462605295,0.716562243605066,91.8900037097589,0.865738232662081,0.964456161356293
0.963173078109277,1.22809375922675,0.839763564789814,1.71522405621386,100.685054656252,1.10398549817182,0.684234358394925
0.994451327991218,1.06612371772059,0.836519882294486,1.25816273224182,92.9388176184308,1.0683171631028,1.24319382005053
1.2239357224574,1.24015444098952,1.51953719547972,0.994240609765448,87.1873987155477,1.01778406082983,0.968690201415334
0.997746894893702,1.09217685400001,0.934130505989341,0.9546614571279,99.3843740858953,0.936818518849136,1.09884893057793
0.958973854415609,1.4010068165748,1.4146810017712,1.35284137378996,93.2436263298819,0.944217441136085,1.09185804404456
1.05529655670113,1.25067222787594,0.930368478067159,0.932387007122119,97.2681822496368,0.908277269126056,1.01684558754748
0.924061639881563,0.912547257446136,0.590203248966114,0.731307551940348,95.9664779641834,0.909044983329451,0.900675523610602
0.849375690124315,0.789807925473073,0.604837229534619,1.06306889317632,94.8846558367898,1.00345070340962,1.12528797741639
0.877436074007006,1.2227633068654,1.01863287160401,1.23564368633586,94.9663915607442,1.06556677550393,1.24063674250184
0.860098999629323,1.2529403635876,1.12457210084551,0.543300690308018,97.2537465853744,1.03030699225764,1.03467888143811
0.892027829395887,0.869829812597024,0.943505928708512,0.828028863780769,91.6859864528375,1.1358284989347,0.989980803889393
0.847332100950039,0.917641770642997,0.913177934965158,1.21099437497602,97.1297697985647,1.07836048827698,0.924853818435812
1.03306212581989,1.27761441195504,0.94327362778676,0.712196759283021,106.614579000516,0.996856845238294,0.868138945636392
0.864231086723064,1.00037975475555,1.00765262665724,0.661818817871988,88.1203607115174,1.12343937117292,0.966839053148895
0.949897604402936,0.960574729677953,0.965605215753827,1.06489387692759,88.6434003746538,0.985295152259414,0.890935532258102
1.25626714672741,0.986665769911399,1.08049033385149,1.52275051690646,97.8023219511593,1.14964251627699,1.1262004312583
0.990282787858941,0.812414007041545,1.00182244437641,0.977390702426774,94.2273158525931,0.921948346440594,1.06684561043343
1.13201641279769,0.896359087714244,1.00433642037221,1.82225065345033,94.5780074818144,0.935448104433566,1.08215328852078
0.873176799289125,0.988853926578411,0.910696656218984,1.13645435736778,89.4015602106584,1.07466656623997,1.00737425880953
0.925346371081856,1.10944968697273,1.30055828644502,0.649598239764624,95.1021126285482,1.04001324990439,0.822862489257031
0.782700915050829,0.946965456840928,0.861138816462159,2.65087419230776,91.6016073162766,1.18991188129895,1.24292245302994
0.903786900508055,1.196858684582,0.780179862910733,1.04646467984356,94.5175005879457,1.39204734498588,0.948593900620993
0.934582924035244,1.316559914709,1.16808881284736,0.847138098797124,99.0295383941713,0.811899466890036,0.847039052577951
0.961280322304471,0.85886817730104,1.0625293492014,0.822496573561953,91.9552987544993,1.00035565788444,0.99555303953998
0.851829781710638,1.1616626521022,0.950962084008745,1.17423501708168,94.8304144659852,0.932244855138219,1.16497276105374
0.864683968120904,0.9781876318104,0.957729139722296,1.09815646262001,103.027749569743,1.02358237391469,1.15666771274246
0.987897179999576,1.31623241804101,1.28684927308863,1.44738916892397,98.7984935129447,1.10792910055435,0.83128381698071
0.839861049130766,0.783562844442111,0.738225218713052,0.828202995205617,98.9656947660282,0.94030472352855,1.12224088216178
0.973180373514938,1.15652410291178,1.34682091755408,0.745742823271889,94.1119931295802,1.01057441243538,0.851089069930216
1.00102224863537,1.0231023790334,1.11715793135136,0.897067365528258,99.2221274965865,1.10891731134358,0.885082895140407
1.0579102630077,0.894550671852573,0.972390877174524,0.722375587412362,90.8601014919881,0.872410930189043,1.30470679085562
0.921705721586956,0.677301578276324,0.980921354200547,1.26726033538905,88.0387223166974,1.13146321348555,1.13520823409601
1.11447593912573,1.05192383278852,0.946271892717712,1.39635137997147,89.8795666694109,1.03597208452375,1.0751998867024
1.05987984282758,1.21009604331174,1.31038168500667,1.45415560312701,94.2887140336495,1.17160980532738,1.04881753184332
0.855421281076675,0.796596372209099,1.00951123238716,0.792316141836879,96.8321357505537,0.969512637767118,1.17106563816154
1.08500922848219,1.03543726871643,0.864884778489477,1.23936377073919,92.3035444494176,0.83936183467072,1.17262695854992
1.14348049053422,0.924238398764551,1.04763221226336,0.904498545298872,96.8292756100633,1.00221985576527,1.15602830503799
1.05381062739429,1.1346648957558,1.57715760883355,0.739960434455918,96.5184624846231,0.80263068757779,1.02684282059222
1.10724971102652,0.816884668167443,0.971456871986009,1.49616566570656,96.7702785471385,1.1186701643485,1.1793744335044
0.77771730464363,1.11775527314931,0.743137636570189,1.04058683655001,93.2610367346853,0.894074784137215,1.22576648879004
0.894157067432874,0.952900996947826,0.837244005909106,0.74895278762876,96.1311265077399,1.11620889118151,0.788668783948827
0.921405656691315,0.906984526800235,0.926361670070728,0.926441855968783,93.306635851779,1.01393906133646,1.12092842658128
0.996020242109093,0.675013220991801,0.917100719342332,0.907740741786974,87.6390077100016,0.954162127817636,0.999878849094372
1.06003076985165,0.72003413420767,1.17327625911703,1.04541438526674,100.899641028455,0.813565889943024,0.956215214396332
0.951002288721007,1.01031649706586,1.24046860819229,0.972026419842105,83.8952442217037,1.12149617153616,1.05566263800217
0.982508693707351,0.931745253454414,0.76306647522262,1.51402301012083,86.7909819604617,1.07309572227994,0.692265119938204
1.03825423522566,1.28947449593483,0.739297520741766,0.825055477215976,98.2697317735952,0.899388449028359,1.0036471775921
0.906518275405602,0.810690611741991,0.659017513873647,0.902544171642123,92.2367623960537,1.2184984209909,1.22269440172736
0.950514594218181,0.883163724868386,1.19321397032402,0.985342603262428,97.0152124408534,0.949773336568157,0.846025967210373
1.10140656449152,0.862579932096347,1.20061618260749,1.00269402792953,92.2694372960145,0.973103763642406,0.943973841732395
1.24351025685549,0.689123443929802,0.947838527591689,0.899787583602767,92.5199461872029,1.01453940064863,1.15547945907846
1.00569338282466,0.657478456298708,0.832395769713932,1.16971491098451,90.9838883417524,0.754623805937933,0.963414483421919
1.00376391206825,0.982556948486026,1.00537360917384,1.48310130195909,94.0079247786249,1.07537755552962,0.943545216199119
0.798946797479632,0.994313229815371,0.960035381518881,1.82110034216001,93.3725375079305,0.957917332885078,0.993330549047148
0.983890443748537,0.953425629634166,0.903966569075648,1.43158870797932,95.7400194615995,0.848008121559031,1.0048822031744
1.01071065961586,1.03180516980801,1.09900022786747,1.33602316368503,95.2426608742962,0.96350639094993,1.05028036276013
0.953425771366599,1.04405296689881,1.09847437969141,1.03569371387691,103.188470546581,1.02481483714841,1.16077068233461
0.895243239515891,0.679476484190961,0.729407812249793,1.22643748262074,89.4514672925695,1.0055945546228,0.965731285259741
0.972063136306293,0.965965754742687,0.61813415874525,0.922187502597235,95.0360831311847,1.10016491791206,1.22543722226828
0.826661629067021,1.10717592219001,1.1673638985799,0.961052709339561,96.8157329728498,0.824667492143576,1.01664259599722
0.907044942103237,1.01041464872313,0.695449410511912,0.840772211719707,103.881649718006,0.945999012909989,0.96784487353846
0.951002162049553,1.15784715914975,0.867332045926162,0.981929932685983,89.198577921679,1.16462136735228,1.05695027756451
0.935758655370276,0.895863076845257,0.722644003820341,0.887715580197274,95.8747373436369,0.894034513199844,1.08912794138284
0.907306124994415,1.13220034634606,0.970133497808794,2.46606881371208,100.819438429022,1.08396891089202,1.03115019528665
1.12602236378712,1.12057937025594,1.1923752044081,0.912479515755578,94.1335545760443,0.8306369887089,0.917575367306668
1.03414731097184,1.00721927027934,0.880324885455539,0.837455281522479,97.6837632955296,1.20129327120546,0.854307674641604
1.0568708032144,1.5607514347587,0.958758872082709,1.01024903738942,90.9861510647109,0.950855153020726,0.850636578023174
1.13421682371401,0.778237845844547,1.16711349517696,0.689163939429415,97.2558497290316,1.04394216482563,0.881852779987541
0.999438764450061,0.875560388606923,1.00861439549134,0.708601896645411,101.767634318802,0.905080190145136,1.11869082223199
0.845885759071892,1.15507702602424,1.35149897844213,0.832437502547975,100.744242755473,0.852865248460778,0.762320321173682
1.01795377301578,1.1751864111034,1.31187048386248,0.971817494216444,93.8888235102079,0.944055907174112,1.08065864610851
1.03474147564216,0.864024630698124,0.991711483358366,0.931565954622324,92.1233192914142,0.774772697388537,0.945680026421899
1.10502747962315,0.874692417115543,1.53085042236629,1.39294851405289,101.650828973112,0.907501110258238,0.879778022615197
0.973257408793032,0.785262530111711,0.991770877103629,1.41415801527927,94.5439452660787,1.00642053774347,1.01613080044107
0.888126431738105,0.900596335238901,1.37781668725184,0.920948781056894,90.8868648764336,1.03475454588562,0.867051127907421
0.936729153658884,1.24521051578989,1.1247585882564,0.871607232550101,99.9560582159237,1.16008437787932,1.11950988231032
0.920783833192459,1.00757625849715,0.80852130315135,0.916211631721258,94.7394529932105,1.05899207444553,0.806941041382648
1.06252442155033,0.896436440671967,1.03822793424003,1.10980351793793,81.273003416942,1.0315521953391,0.991536145134445
1.01866439848108,0.918038885225998,1.30895282007651,0.874043030612361,90.9966773042879,0.980732830475673,1.08911023572559
0.948355547332035,0.718169619865032,1.39984302863924,0.637832410719887,87.4578830837737,0.988705666471155,1.04298983536681
1.15657460203409,1.09985235964556,0.833219048766111,1.37961804582141,95.5732894349454,0.946964519850972,0.914124571009555
1.07110701808926,1.58452638668405,1.14090295458935,0.982379999181742,96.783190117584,1.07679382753374,0.980828510244902
0.98211412190133,1.29497753427348,0.865529573065579,0.892388094581054,95.0620807982349,0.939561828928394,1.05179032671566
0.904468550272782,0.733747018008263,0.783237387187903,0.80892620366712,102.165357450582,0.844188943831401,1.3229711339836
0.896818397944661,1.4308748746377,0.89555887866296,1.7952844880461,102.630596972286,1.08229936506702,1.21622586870172
0.91176528377646,1.21674143601445,0.916237850414834,1.35982390860683,97.5708429348737,0.918988312138106,0.927294126387533
0.828456800466107,1.14097999890731,1.05346960138794,1.25809608535112,85.3950234924581,1.10961654460155,1.24284227332844
0.946891373860073,0.983020395773032,0.84821060477846,0.981022794878346,99.4114816309825,1.16316183447762,0.92049227622674
0.893757594701712,0.964268209852957,1.09043207999388,1.02761325335156,94.1773217152263,0.849658219526365,1.09797393664093
0.952791900047663,0.820374473016659,0.914450324035119,1.64060020903674,95.9535873749522,0.942037845058854,0.849660019626371
1.24304894692516,0.714324295063855,0.842888852346415,1.60281080828277,97.8367537241588,0.999188390245377,0.893547450292204
0.941239529858764,0.745164086754905,0.845674408774235,0.85919936725724,92.3167777868515,1.04829550386411,0.874857518025941
1.0024053330993,0.839634237837192,0.837762826136291,1.1033160981059,103.149144299782,0.923090621471563,0.963872382557157
0.959733977017237,0.99052432929797,1.01414362584685,0.788539961784239,91.1545558288011,1.17063085243962,1.23298144393446
1.66592528510271,1.06455949755331,0.916055744408911,0.888610810866974,96.3043016946705,1.04352037413103,1.09539525441141
1.33880181591297,0.980764638948626,0.957943274181945,1.29480586872609,82.1650145591322,0.985984003506245,0.80277279193238
1.02542147649723,0.74186615113489,0.931783827168512,0.945672689065103,101.98818391301,0.842137558736485,1.00078907352373
1.26446359848568,1.88065057806052,1.60531954623815,1.65123098044879,91.5087582910515,1.08731885676156,1.35584120295484
0.915374681327669,1.21100943615413,1.42340420734677,0.758121161180982,86.3099279197917,0.947832826823484,1.08307261827869
0.855810642135317,1.19886856751006,0.994386653814417,1.00712500500066,90.6756056483057,1.23536934157184,0.909708907905892
1.09416604840091,1.42852968465687,0.896768727404913,1.76164096140303,93.8160376540737,0.959195325196714,1.32834293970934
1.22303617684137,1.03267381684348,0.698127985646575,1.30227708975911,88.6810127879948,1.01976987464322,1.05919615052497
1.02199271359572,1.35610700978101,1.25662233560601,0.793406481935403,97.2816985444546,1.10454943961791,0.792004696743271
1.02614333740765,0.700915526010565,0.711305162833573,0.949152622085298,93.4400217861906,1.04546015714721,0.919592068160253
0.886939278896589,0.947115323182885,0.74396094924904,1.1167540606069,82.937122738367,0.964177094462906,0.88897257094825
1.06759523865633,0.805299420500877,0.906293759167993,0.819498074335442,92.0825892471052,0.888738777455373,1.19539106748092
0.799537848062429,0.807832530193891,0.874794402821677,1.48448457996876,99.0157188573062,1.09693658963043,0.914985697876398
0.920985058813723,0.698880804545801,0.734510943743099,1.42345329906352,95.5428776134444,0.952534120796667,1.00223101924026
0.982206671230211,1.11908241122372,1.34085465444235,0.721225102614683,96.421346237322,0.955429015871148,0.838737007419412
1.00365623632636,1.14691237658982,0.744516025348601,0.682524089652964,97.8022872014319,1.17970268979991,1.33881682791357
0.90638129934442,1.03658895730897,1.06469763535049,0.723314528730507,92.4147751949072,0.844171593529916,0.968317099984773
0.836096414601213,0.634220811572293,0.829936120364919,1.29051310986036,91.114949324554,0.842270385123359,1.17161865472596
1.05659319137429,1.21776380677078,0.927595593301799,0.706056476169256,91.9033936019693,1.04896474070746,1.39821648045284
0.963868008009628,1.14870068092145,1.39990580600877,0.950567684456715,98.1355657933966,0.873646336336396,0.886345171870403
1.0306602945952,0.959727651700252,0.934198324294695,0.961161622075641,106.103143209037,0.894960623872439,0.740846299358637
0.800629812621308,1.13351587126818,1.35535255153703,1.07005083841696,94.9267718000313,0.898067218019339,1.2193737378098
0.994439066869627,0.810407666718951,1.01464346844979,0.607921516133874,86.5807660591236,1.10147544174542,1.01255648991995
1.01346366884574,0.841286896456801,0.852501640592226,0.823528000810579,89.4490297007689,0.872439225369997,0.90378129407241
0.868207510792307,1.23408794181275,1.31301719305014,1.33545966321751,93.9305181343693,1.29766590665277,0.736931908438586
0.944306971787226,0.847732246125259,0.816897180509797,1.47237747618484,97.1696973395023,0.806750832453919,0.909768545435226
0.867148543613257,0.980931220121571,1.13231478554029,1.27447897445426,88.2733002093119,1.11168667817743,1.1263609414844
0.843458985680252,1.10366775178467,0.826927232507938,0.828563416572035,100.492744244884,0.937611822310418,1.02992061598573
1.12521419217742,1.17048255091934,1.23805431630554,0.874095428774031,93.7722777278591,0.950044608126537,1.46287828973451
0.922724722828538,0.717650466241133,0.81872990620502,1.13637031529617,100.19656790124,1.28548777993294,0.941362395179375
1.05543323620463,0.685118306954031,1.00379544602232,0.678605201301749,96.2273345350921,1.25446867646421,0.79579348141725
0.950406325972347,0.739151254105087,1.27746948634645,1.43879809200873,98.3388946528544,0.978958373594119,1.28213363692446
1.00942017079504,1.0569861774726,1.30761407909178,1.09194188684349,96.704177001111,1.06938518268631,0.734051257216427
1.03490678334358,0.988195480023405,1.06332435099633,0.79861486517081,98.0374145610886,1.03125824210264,1.34172994193643
0.988255715494263,0.81547187678589,1.31918202477178,1.63221201681339,97.603212793426,1.16848583784377,0.961862038441307
0.955628473275963,1.24518953264035,1.64987718563699,1.65466657623988,96.0212356585262,0.941380494976002,0.854034805910463
0.972012406597459,1.0246690791961,0.811918254082702,0.798461569329283,95.4742173341403,1.01152199042934,1.14661998437982
1.26899154250694,0.8755941928865,0.87535462359535,1.0163652792986,101.8801380492,0.991284154381839,1.37554698742985
1.17351240997618,1.00067403521104,0.815853632636718,0.825232215211122,97.3116558285937,0.911069408869295,1.27763256472337
1.16664539758754,1.234700928934,0.870380613852793,0.936816926723308,96.3499584598246,1.13281449318949,0.689563559197731
0.785292960423472,0.742816390913834,0.916453080830341,0.824583647617267,103.111202596774,0.927016799264637,0.826072500957265
1.2106026328608,0.787115580116422,1.02614029403861,1.03542762037727,93.8387037024183,0.805653173123226,1.02055911423841
1.11225522853519,1.28687409998839,0.793230157752036,1.29402234954324,85.6465184717274,1.0137039570442,1.09927025032005
0.902971822008146,0.974238285636418,1.15817278064766,1.00217539815365,94.8506221176905,1.07700013128107,1.10534116019878
0.758538236329371,1.01808567999468,0.877004198577939,0.660463407098868,95.4341819071029,0.938653604497545,0.950559658166646
1.12026741768623,0.961318148388953,0.895958708857995,1.07850071932172,100.676613107737,0.965274348273353,1.18488736812954
1.01050395918097,0.740648825771154,1.00301162623346,0.905268135489226,93.876721414215,1.16035935950119,1.08969481728902
1.18934719658763,0.728792587892153,1.24122916120802,1.22967158474385,95.5621260091396,0.946165269691709,1.35164009016958
0.824273247406781,0.967678038554217,1.14216646502264,0.9521407001586,95.6366995253251,1.11226135112321,1.01388682116314
1.155131893619,0.748212627556078,1.11294051505348,0.862643299389624,84.5074639532922,1.01248292023233,0.972205075884462
0.856948963077948,0.715210202452805,0.893934787685889,0.791365869223098,97.0997620738475,1.29240056323101,1.26691949175416
0.834902565009372,1.12607396890955,1.02607064722054,1.295750835796,100.058847852445,1.07205863189472,1.05540724802193
0.924784109343604,1.21124000101155,0.701885700601911,0.944469907043396,88.278471928654,0.980719039533827,1.24976343075945
1.08442632287475,0.827867086133296,0.95013001653123,1.0458815714911,95.2699534677884,1.01853307434232,1.2508025727611
1.07329373471893,1.15511214757553,0.966986195109525,0.903805920218488,96.5938570001359,1.09961015219366,1.09795941508119
1.01421177094086,0.805511420249028,0.594745106727093,0.866764220066062,87.2838994049839,1.03708159648022,1.01599913154274
0.959569322499723,1.319482693199,0.911971480310025,0.960684277710125,90.1291749153278,1.11423429618651,0.80922779044452
1.16588943130673,1.31435381142939,1.22607818075147,0.891630707489092,98.7569586733559,0.954111972085708,0.857869830045044
0.952674678614687,1.27006363997555,1.73223135053659,0.850466184012977,93.5109048528076,0.913026145553811,0.803143807951991
1.11686401176565,1.35440054011833,0.888671131262895,0.767662011821115,89.6025170081464,0.840496747252918,0.927990894403346
0.971986338955196,1.02943248729582,0.704111737332594,1.0091796689452,92.4277365075582,0.910577703589221,0.870940012553227
0.928509849019296,0.868319978548825,0.742039438286188,0.969803766758595,96.69494347605,0.8329244311404,0.936653078225884
0.984346880095354,0.936318818411165,0.965934067937429,1.35105186820374,95.9659885757761,1.10297284470255,0.939174822139521
0.926092170240294,1.03633243374286,1.41245583111639,1.62552046412492,98.0947222413813,1.09720457959799,0.972027641534298
1.08898682618639,0.839113613158454,0.801454715679579,0.887784691613542,92.3356526324713,1.02578690143634,0.862208751893487
1.0010935040104,1.01852696142707,1.26729862658669,0.99378853289232,102.42340749412,1.05350995927259,0.857672798597983
0.920626187728618,1.07487032843316,0.783868226669492,1.17020715841063,93.5525689561976,1.08242925019725,1.11204146931352
1.13867952299154,1.26213039225453,1.4016436248863,1.13120752779255,91.1842478999454,0.991934767490743,1.01474812569366
0.956476885794797,1.23362063555595,0.931364889237762,0.584082672855362,93.8955466707727,1.2224763178284,0.967507240082268
1.00693128245705,1.40381664388314,1.17976217887219,0.866710010051686,94.1162091360003,0.933355490155263,1.06070761490496
1.10875783508564,1.28465281504249,0.877606590293457,0.942712410361486,99.4288019024639,1.23172125151358,1.17316639162375
1.04919875325117,1.02452713025614,1.09454094305496,0.775830818476874,104.396105349027,1.07769540203558,0.96551811135168
0.877510490802439,1.76594216549167,0.80269419226175,0.703842827770284,92.7733032916439,0.865624732620947,1.13944769347061
1.14137131650066,1.14956597509914,0.813868401689784,0.664437818190187,98.7668828055802,1.02641934723996,1.19466190724301
1.06286273665788,0.730115950965814,1.32128568359262,1.15944436355314,101.292924154292,1.02074059240199,1.10943445240096
0.927376857797229,0.980933580292543,1.40054748944422,0.782656182796617,109.303869038219,0.868853016668353,0.944563873990402
0.922824445703302,1.1115695755571,1.41403284912676,0.748608698001129,90.8338489009083,1.03450062441809,1.04188312499224
1.18546610310778,0.897870974616553,1.10063753235913,0.856984349708652,95.8885560946257,0.954702084329517,0.803393410294052
1.0450340230582,1.08607254828981,1.38359118916753,1.38690930659153,91.9165621922581,0.84046912467624,1.01632492507291
1.0162500922713,1.15125944405812,0.681616029413892,1.26273227929408,98.0349159492571,1.09747416549085,1.30250729418846
1.1706656289126,0.676735274941882,0.896954257266175,0.978805980246453,84.7910411395206,1.08420525754939,1.00491235522414
1.31110738941955,1.05519795181852,0.870960427135614,0.972649783582996,96.3569110326651,1.18431886382465,1.40186910931645
0.843555954815741,1.2872882089051,1.15502841569337,1.15880957875573,91.1231649632336,1.16695819285435,0.955095872879802
0.916566620964884,0.999238536427289,0.903880057869619,0.671868586276745,94.1779007873664,0.975007599077985,0.834144923760508
0.880759056390676,0.643400452509336,0.730315239205386,0.772387268902227,97.3846212271624,1.00329756772888,1.05145959985274
1.05245707119619,0.660277132845478,1.07584349955702,0.870371795220528,98.6103848766271,1.10704564079316,0.91331242926797
0.892957380306244,0.926899713195785,1.2277459833559,0.715673169935524,96.3828049092398,1.16221913417157,0.857499144962183
1.03316453884122,1.32068677777624,0.950302244282155,0.893765632298369,102.464971861826,0.916146472024771,1.17483424960938
1.10107239584573,0.789507011589972,0.812161012969977,1.3862594521655,92.6765953198455,1.23573273084471,0.910448939515012
1.20306888936418,1.03096150324727,0.696715439110914,1.04483552698451,95.3494032518779,1.17401263567538,1.08603490902159
0.971177529129501,0.784980393685615,0.825147877639306,0.908127742585074,94.0985409822277,1.04119349804678,0.944364360870323
1.13162490488576,0.934239575304052,0.876094225142776,1.67189791318827,81.0470172492624,1.2921291992632,0.837290672591176
0.883344112480447,1.24300772399291,1.16544817335874,0.807862103603223,96.1892938458006,0.988124248524468,1.55025249494909
1.12919293398526,1.22061958529926,1.07085614879144,0.715510010157166,98.499739767202,1.31142197594438,0.956720783645341
0.857124968146603,0.83644249811173,1.13220351388292,1.08266903196568,96.4677570363789,1.02886069171184,1.06541260873752
0.962698424999684,0.969430118084927,0.893173607063532,1.09841099197693,97.2929719617239,0.816346711291019,1.02422445332334
1.12179009105573,0.771951913072986,1.28670576298654,0.657327858205284,96.0043023644901,1.06808204349259,1.02449854488959
0.880474736100807,0.981119699387361,0.889740799737047,0.937369335233078,87.961335449237,0.992840961942987,1.2125187328127
0.914169564550208,1.01408329020638,0.981740447451042,1.09050340160958,87.8272516070155,0.995161258909872,1.06108054677323
1.11753997930665,0.926738565495098,1.19617866448127,1.21452862057053,96.6707393557814,1.03711944555345,0.955119538354224
1.02000720983988,0.8685275537953,0.843817580150087,1.17638980592626,91.9526662274606,0.882800608535706,1.30188522877503
1.05989470495838,1.61520734419663,0.782774359702558,0.849158447865692,90.268399631047,0.994558087564257,0.767842807460626
1.07996438051158,1.35200608768075,1.23735860952734,0.728922925593379,94.340779459213,1.16558157013642,1.01014336340387
1.02023571294162,0.752435098602509,0.93891272771634,0.967380481274908,96.0336678520636,0.83781190432023,1.16661980058929
0.902769308941142,1.17054736012414,1.10745477063834,0.894420989091018,91.9054834433924,0.94805568534389,1.1257183400274
0.920553391475953,0.912525331717829,0.879799787305438,1.38272311611016,99.1581331369318,1.03985469077144,1.11451450064581
0.801589423231273,0.968777819092192,1.1357021453626,0.992768510738049,96.8986791562224,1.05517991458975,1.09161700396374
1.13217293884384,1.05317709939648,0.842842742483814,0.859287946492208,93.1181693129866,1.12867717417859,1.11890773134305
1.02140668282487,1.10876901325099,0.704473040801159,1.1943927372259,100.235356772597,1.04734783999143,1.18826597748069
0.967055864760224,1.29686700262523,1.05878136361172,0.997905094689897,98.1127517313066,0.910616714156527,0.935498058816845
0.989398045053926,1.03602971885127,0.927545760697648,0.891923098625054,97.0084592995577,1.06958291157056,0.793184568290861
1.20621633732711,0.904232468731535,0.955591693284198,1.30419429281186,95.9291901090245,1.2175169987168,0.988412899642927
0.807564290007737,1.52241718270184,0.76231872784258,1.3423427375737,88.5472606609673,1.04490757362064,1.0747332457649
1.01803712614902,0.874988124069435,0.866014261277863,1.02506422742707,98.7720680892097,1.05391113745944,0.833624315470915
1.00107534300883,1.04364585622515,0.877462196899763,0.858313203548384,92.1989942705424,1.08759078902967,0.824938593198591
1.03016244291832,0.924150954766846,0.839525753620945,1.03976782715871,103.385499944023,1.15112292543528,0.964801305126495
0.796134968980683,1.15483554185398,1.46191823061715,1.37639128086673,99.9686884313547,0.95448301657291,1.33499334121296
1.16423351778732,0.770435092798344,0.764221216199909,0.851790002513731,96.2873359380275,1.06387975941354,1.10518401840454
1.08331635639784,0.742724546455629,0.992996532766691,0.768958090071526,90.5410410950289,0.845433758509547,0.966604934394504
1.04165798005347,1.6750792132107,0.719017291560022,1.80347764127473,89.4352778722041,0.944788647249561,0.903231378523582
1.10598868929301,0.925298069452197,0.907175936711348,0.599207685527062,92.3733257982864,0.979166825900526,0.875355333889862
1.04536311293407,1.00542949052536,1.14477600612658,1.14747439269022,94.5872592530038,0.84721816537849,0.79218680350892
1.09445703778146,0.796733324051738,0.798069887135751,0.967123725268248,93.4724151354956,0.793055418889439,0.772187808267697
0.840518753613402,0.822686956978225,1.36785071826138,0.980566547794834,95.4214412375797,0.867860662665243,1.10720044524486
1.02447440610859,0.588449926903035,0.795403540900878,0.69413269689264,87.8573745937348,1.09177964228314,1.35695198255016
1.01706876650246,0.891666948798619,1.11011569623504,1.48102349110709,101.308823409025,1.06317945520696,0.901671806082822
0.987554773969444,1.31568168223195,1.02727381807037,0.88151993695461,88.5202704467913,1.22182517451934,0.656590917788507
1.04476165582125,0.912642761423694,1.19562190803349,1.02868955902539,97.5252178924932,0.947778498481767,0.969761780642991
1.26894532371784,1.29183929460901,1.01524748136286,1.10987978463162,97.2711706940519,1.0341470053185,0.985307922089553
1.30003624077457,1.06617051370339,1.03389080053471,1.14394414585932,95.2798634911163,1.12274642250371,0.882271297577051
0.990319115886836,0.958963335130182,0.785671415419084,1.42574122384234,99.2610567585807,0.899846050234438,0.875941351990397
0.905153833285585,1.04635534227758,0.852288288909251,1.01938217878021,93.5135654503693,1.04172693467999,0.830210433714005
1.11399221111487,1.00830936974753,1.3311877039487,0.859145938935977,97.1398873276064,1.06986355263525,1.11478225734999
1.08213058017751,1.26514550850904,0.933243627497268,1.836900439809,92.4541989255722,0.893621873278722,1.11115123079147
0.814913136743036,0.926838491516522,0.881764241166891,1.18432103005694,92.2805541856901,1.18548011996161,1.09579752721088
1.13487357107707,0.919859218812243,1.08714166136348,0.868137439487384,95.7188521136698,1.0449104113817,0.98627732652205
1.11351349499596,1.49008816499242,1.17429970722998,0.70198540053925,94.984769854979,0.816101607685538,1.30457863996185
1.00479616548072,1.50732026745455,1.06770829134,1.54240721717891,96.6337628554456,0.902718539224956,1.48160874654981
1.03866561013366,1.2395552929069,1.09590788310496,0.852790416600872,89.3331010465165,0.926984626019261,0.95134669539558
0.968179598620344,0.935666426971632,0.802957488140542,1.11837898940685,93.0469696161781,0.953628463849898,0.953950345700881
0.80616206968213,1.28319199517211,0.861399577726224,0.988490077148954,87.3841263580353,1.00234489838145,1.00983799298822
0.960790105161437,0.976990697185899,0.985628743911619,0.901646074838156,83.4058562779871,1.01274744508985,0.914884264047866
1.16693921826762,0.998409395378574,0.769791392419034,1.08883553565103,93.1820244132388,0.930409596037163,0.971777867240107
0.814632391098952,0.887397812219068,1.0733408047437,0.673525950336212,86.1298603763649,1.34210075766501,1.04978765321226
0.968385364558183,1.04132719681535,1.28923380225706,0.904721653790875,88.0797340423196,0.911397927021638,1.01105154314524
0.966495433761673,0.861974860159806,0.943630066749895,1.02778838807436,100.373484200856,0.854542730699244,0.950771278321494
1.02146395297514,0.891185828043479,0.931387836010152,0.970770738871003,89.5772118169468,0.902264924271704,1.02347829397475
1.30385711971026,1.07502537620074,1.38430318751579,1.18042736513913,97.9982043822859,1.00280468010156,1.29645890257814
0.946836063832217,0.811367125569058,0.951633870569375,1.23489592997096,90.1211734645222,0.964847584852014,0.789458982559143
0.946104950211016,0.799138846401307,0.995721606141181,1.12134058966354,97.9477285062583,0.89632914937179,1.04184927286045
1.16046719401932,0.81549700649166,0.857558760605588,0.65091956234197,94.760345738584,0.912485684618734,0.770549143692428
0.980745098370369,1.53396455792443,1.30641700741863,0.788260124934215,93.5214607130273,1.04960762684276,0.715933858028926
0.96689027985199,1.00407188806066,1.0333709994921,1.03657394460658,95.4225834939653,1.11324981332324,1.02426750575508
0.971101486261212,0.973222842834261,1.16071381881858,1.32281786717724,93.1716182011239,0.956947801889196,0.857171924709612
0.909847606105831,1.32043921539311,1.16306451978678,1.23058371419521,96.4002979922471,1.03851693821807,0.87442692983189
0.878086331654783,1.08169773873904,0.882757738881191,1.29028690094514,89.9354064065024,1.0781059240964,0.7920082773381
0.999636649645801,0.875539188223438,0.944695633782551,0.788806420394796,99.147660843057,0.962172744037889,1.026696644273
0.990136660899365,1.17600891996681,1.37021532274394,0.980814526921987,93.2368272789369,1.22325099425486,1.17424585837983
1.1281578925469,1.14975881208959,0.833926267951482,0.968606203844771,97.2884104466612,1.01117453655681,0.813620173752519
0.932889791863877,1.14829369441444,1.28525907013709,0.798446660941475,92.7602884656406,0.975614020109682,1.06929835284136
1.02258219953871,0.80355205756304,1.35378166922378,0.579858566447954,96.4581364263776,1.06896535797483,0.853186240194621
1.03365747095036,1.24822612417073,1.06404131247765,1.62279695744561,94.2791974642839,1.24375213789209,1.01590600348547
0.88689051145028,1.00891140745839,1.16923304369095,0.847093890421963,97.973359522306,1.1517160865477,0.970707593019929
1.06324833811337,0.902737115171018,1.06931460148174,0.78081518100608,88.4289892782416,0.848502109386166,1.09346469689903
0.787991255163495,0.922958709758541,1.32088218615098,0.827323058708101,101.643956220009,0.959503249949709,1.32013687433427
1.17637998170991,0.7784139122912,0.941029799405317,1.7061849022352,99.2052881855641,0.988726434819686,1.18413752804816
0.870951642465883,0.786003897410278,0.924472294149004,1.05632203968423,85.4282913408698,0.879119829402817,0.72214905574682
0.952950512975468,1.1848519855889,0.974936949157518,1.12980342292481,91.9359963984699,1.08486660930636,1.13217074955641
0.853069192252891,1.01177737951101,1.09818311504952,1.48700295346869,92.3892489588097,1.02663841585118,0.825482950559922
1.12268784143717,0.703858696765933,0.967027593924296,0.842292947983948,101.702018320338,1.03571751285536,1.22416014553773
1.02811416890467,1.2090652388577,1.15818803838607,1.06739631703708,91.609234768468,1.53594169153973,0.920456019316386
0.868137752385831,0.895129435171399,0.904530084054247,0.654503709946404,94.1935520091547,1.05238499629402,0.903831019002825
1.08855840710338,0.974047572319165,1.08429582129776,0.80888913075872,87.8478335536869,1.08582658330077,0.79125579884454
0.86062727547851,0.894067001106377,0.794086366618193,1.2431014102708,93.3870989990343,0.904699812754058,0.829149308465699
1.13007288083971,0.769760362398431,1.1096242003105,1.28750228487045,96.0135604561783,1.07126077646541,1.1116266602399
0.900474844613608,1.25378712195952,1.01460716493434,0.904265593634767,110.629528726041,0.877017431395398,1.12896478816229
0.877428214243272,0.803029523383299,0.81676252388369,0.924574691113283,95.4445565618788,1.13188383963771,1.04485421571341
0.862741078477299,1.12451014678698,0.881521565251045,1.03863818378833,98.8425845866499,1.00360397737796,1.12814530157283
0.984883354133294,1.14444645801014,1.0471847939061,0.852225153428854,95.3738961656559,0.883109558602917,1.22990760325357
1.02673523028905,1.33146698384948,0.990758305536485,0.954278630675454,84.5661349897403,1.06042957647435,0.854380072922463
0.883988514347146,0.947598959089497,0.914941433592104,1.1524568314988,87.76542119989,1.05163995226554,0.850126475236019
1.13726243112754,0.821549356067418,1.34779408838662,0.826314717314715,95.8884528910901,0.84875311145598,0.807855523585015
0.982333165540048,0.856790490375011,1.12424275630914,0.741789824337199,100.82882361406,0.727492689243135,0.941905732266876
1.00939138763254,1.09840003071056,1.37439164906141,1.00093310729086,104.915388050833,0.977822885447534,0.822508982109037
0.978784842265132,1.1554297197276,0.93847602790607,1.10172753100553,89.7161999657812,1.01589121546259,0.858247233992009
0.964093451980274,0.899168971894399,0.988216490087319,0.720937839221046,91.6887058206645,1.22002308336609,0.880908501661105
1.02998074233583,0.937047981935827,1.59535875359131,0.867501001580098,89.9764764229166,1.15170573298919,1.25100303280203
0.938147125120209,1.87527690116691,1.0161993014698,0.837125144725892,106.664957792774,1.01888287033228,0.812149552531394
0.908805085412549,1.18364767422079,1.15653080276597,1.14001854405616,102.719519182581,1.18761781831295,1.01353266829039
1.06153703317466,1.22415735136074,0.830119488219041,1.05219037294048,100.517572523841,0.988357298920499,1.05905277831485
1.24345254524043,1.2335346182524,0.961425297197578,1.21147997729517,92.8567055138601,1.18381444183819,1.01328159465453
0.96592645428415,0.93350151640847,0.791104875488935,1.71131543744246,95.0417745170582,0.911115486723822,0.823183010523067
0.87179573715034,1.03286276032763,0.846748176419066,1.32430951061488,94.2027025848191,0.94561869721243,0.888889262566589
1.05623618657287,1.08972299249937,0.886925681275934,1.07356304592317,92.1705182230503,1.01654632961769,0.805816153454966
0.953876949782065,0.790474252505032,1.28013200474068,0.997712899219081,95.134777386091,0.752474633199521,0.923311928123452
0.698676469395331,1.03688603822051,0.878888435967276,0.632910868863179,88.8629842697876,1.1008308911365,0.943998489158995
0.829027372816302,1.037311931827,1.09201740559343,1.52645164893393,86.3917406306847,1.15591699647898,1.03184465280912
1.13048863241113,0.860055887609802,1.12430506588386,0.987538424675182,99.3797092701413,0.941016644843706,1.09986490086142
1.054087111765,1.19263872043667,1.04132144309545,1.20015982741862,98.9326360087559,0.980750622279379,1.01787013617518
0.830953006176117,1.0386925759316,0.722976376943713,0.886375238769525,94.3963565806344,1.12411476099144,0.956398738456245
0.929010095852438,1.37710009721289,1.28318873400566,1.07951909742492,95.3139013640018,1.16946152793196,0.935541749437981
0.93778977926019,0.758762796239733,1.06321403169017,1.06544869866878,92.0462329874637,0.902556664210564,1.24458359090449
1.06598553558088,0.885091275925836,1.1942991215697,0.937809858745669,99.7042841193283,0.888780910889371,0.906279515390362
0.821110098656663,1.120048001639,1.28693911555223,1.54527570320503,99.4794683031927,1.12447504749029,1.09931283016712
0.887211694738785,0.865401570201316,1.30530664351316,0.631549804095567,96.493717634216,1.02044110493361,1.14641610656254
1.12689708418478,1.07511514035542,1.03628124215978,0.97712530476948,100.967139893199,0.889253411298619,0.961221830362155
0.827185617898123,1.18588661775303,0.842481594651811,1.04532236389233,89.3028072315389,0.950585219899795,0.836575650014805
1.06191063482121,0.715739541974119,1.09768073057941,1.0971171653455,91.732771999144,1.19298083590405,0.991460292125182
0.88398474299952,1.01078963132865,0.767177914929191,1.27347818749164,94.3531593712851,1.06080959259464,0.855383254622555
0.811108683835566,1.00336649433098,1.16367560228967,0.921762374380394,91.5723500051303,1.28111780984129,0.796875141277523
0.808472234595082,0.853577740722592,0.887673526295462,1.03027112308523,98.6571509947365,1.05425802195719,0.75774285782725
1.09635362101803,1.28496434125274,0.854415275828862,0.626083689133419,91.605660731402,1.08901745079798,0.779338805881369
1.20430890506363,1.12660729615488,1.24680692280533,1.1636597657608,88.6005700342479,0.933435025353581,1.00157947997353
1.26182197943019,1.07884522134196,1.04940574001551,0.895139267302696,92.6533890537387,1.04756699157978,1.07166682018816
0.934140029078314,1.06736808452316,0.958877162024954,1.27451821915168,105.398282772721,0.817122389100155,0.894834009337872
1.03585599441282,0.96736463318405,0.982739302781216,0.597826770303892,93.4946731477768,1.03683414910602,1.19338622579348
0.906846123195603,1.14894720462348,1.27051825308535,0.881691572753312,96.4887588324819,0.993313791309876,1.57321558862288
0.940671205855671,1.06711661977432,0.937328997578235,0.990692066848424,94.658549114331,0.986298673852388,1.2161023048886
1.07144142695431,1.23572748505645,1.40732064710329,1.52964788718079,91.6897921221929,1.20182623280424,1.1296914637193
0.811787207839545,1.20225601601354,0.889141371711314,1.01644816192814,94.7918218343926,1.20455452042178,0.948001237857454
0.81973830529517,0.956905177783957,1.15398954682365,1.37493132385759,99.8433379586842,0.900009948152001,0.83990485313622
0.850432585948185,1.07662666722858,1.29836122568771,0.990805428386036,95.1076511630942,1.05416897607953,1.04697427647633
0.910563906344105,0.899015481527604,0.864130476564018,0.992982459865926,100.412588174246,0.955921886050766,1.01241114156209
0.831656646502948,0.938432093090771,0.939620761401244,0.62652854443227,89.5777171085045,0.978354475810129,1.13726116844529
1.03651047018356,0.885689317042214,0.764472669789613,1.24748868490065,85.8964658259025,1.150697719223,1.55769656452039
0.964294373575682,1.19027094464911,1.19188107524663,0.812766008767724,101.881316132507,0.957412505571826,0.910609842457413
1.2739330531732,1.12314440462018,1.01158010558257,1.31600738584682,92.4623430192928,1.24284149894591,0.885242189645325
1.14361876680459,1.18065236082442,1.04786701372975,1.35193994266332,96.2043338941556,0.956045336487299,0.779002177963614
0.953557276693375,1.18339387951983,0.867700986949406,1.08670212946993,97.6571933197438,1.11966016029263,1.00208138018895
0.878918269616777,1.03608761852738,0.834474342078255,1.01182065427967,93.5514447162021,1.02825209088582,1.02025859588491
0.963149671833944,1.33715079866159,0.6896865183254,1.13476973050863,97.1157215698778,0.904856252807965,1.1622165860415
1.01110076595464,0.998189151071118,0.850685500626502,1.28202498865942,90.3333670401436,0.899752823443804,1.00146471693219
0.882409083010508,0.930450749699474,1.04715333759716,0.76463264619962,89.4055981573103,1.03060047086418,1.22292205440122
1.03866422872045,0.811579274309575,1.46273880215371,1.0656432924308,87.3406085623881,1.10127718320921,1.04088502656299
0.955507567581497,1.16680466226354,1.14342190113712,0.730683310674605,99.4230356229628,0.94885272599373,1.20355873020483
1.01637589797923,1.27005449444676,0.96936172210426,0.998676057218781,90.7605056626541,1.01379436342086,0.765713712521196
0.964587434951605,0.981286063771518,1.22631839878676,0.634816246998999,97.4471389182768,0.895369115667673,1.07899389545624
0.949859071511988,0.669357465539036,1.182469988108,0.778882888455542,103.546847757488,0.955801838929605,1.05589029559224
1.3935803068637,1.11829250804513,1.18510055843249,0.975005889492371,95.6017391273575,0.993998288126338,0.796670605509505
1.14233807751408,0.656181709671481,1.00817040528309,0.986298766136914,95.4327613495885,0.870613293147244,0.847607835669539
0.932918309667276,1.15293239011579,0.85727221024667,1.20913192397865,94.7860151813868,1.15620367245827,1.09379118519765
1.15736954804876,1.53691556202329,0.671859650528531,0.800993498153267,91.9331656117309,1.05477719466783,0.80846747149444
0.990034426731299,0.981495277307444,1.07119260175636,1.00402790009323,94.5976569515954,1.14351103499358,0.988609305161275
1.15132442580636,0.839915289782216,0.723735301231178,0.906745194498345,96.4060458184129,1.07940500059981,0.94583569396648
1.07168823931818,1.13470753851399,0.841404780279442,1.1013880870752,103.744386028781,1.19717369219685,1.14491615763903
0.973173178676391,1.27707306003326,1.01978351999965,1.17891329535241,102.112013097344,1.017427958312,1.23280322775036
0.836038707384378,1.03010150296824,1.01602236357426,1.04839702343855,98.9965088410464,1.02815972878993,0.923068238038216
0.894547870649443,1.35107917052084,1.03875492611717,1.04081324349079,100.29586944964,1.14036121310301,0.976570669895601
1.01928026833734,0.775956440339017,0.772191410047905,0.912731095308709,94.5452391929722,1.03276213103918,1.12493882889052
1.04501034687377,1.00232598255334,0.910674351288797,1.20088738477562,98.8206557518214,0.869781013815915,1.22481090325157
0.941629824932163,1.14087758391297,1.12399962042121,0.95184960180492,106.433709104473,1.05536596380222,1.03468902149436
0.855215445349639,1.12537939828437,1.37336976249838,0.990632933062934,92.3493002952261,1.1895900472967,0.912005549445078
1.11921165768614,0.686277861048763,1.07796376744684,1.03844389824382,104.062056549449,1.12495247012245,0.956884489024853
1.10315276999967,1.26290762036213,1.14955715157945,0.663628488227591,93.5782638931871,1.02720552870714,1.07416104199393
1.0156058065928,1.06132087282407,1.22855138310408,1.12963464653032,96.9150702796705,1.05225408853018,0.86769765747986
0.861323193866483,0.957154221309714,1.03624395492131,1.07131069365232,100.733302613744,1.13462179274391,0.85288882413453
0.902455854590634,0.699434881265799,0.857727031328622,0.950866190961114,99.9389689607239,0.854227678367755,0.790932473906423
0.773368637602114,1.37690572877529,1.10629289951,0.469172153656114,90.9218442304135,1.11048705483938,0.982246074341778
1.17127678537942,0.77385586970673,1.02314498517323,0.734550629713961,99.6630953542386,0.906593928493832,1.21366780861431
0.81721753797522,0.874075107287657,1.04595135305167,1.54133762092179,95.3892666457728,1.07014688967121,0.864721019849048
1.02859619950533,0.902232418681322,0.994373458012554,1.1475866329765,92.4459316150564,1.06010255571421,1.07761257394388
0.964800187575845,1.3890096078808,1.01332251722425,0.899623015038394,99.6896798772075,0.898504550000734,1.26421669223038
1.01803083493464,1.11241359012666,0.945003205588356,0.916892417506928,96.1202114882489,0.955505303543457,0.913946100586363
1.05738166118021,1.08333540488135,1.01541447537581,1.05828410575195,97.4062906705918,1.05276313116092,1.08100251234008
1.16801746960786,0.885516705817515,0.766300788471729,1.46408100393038,91.2010797624842,0.916375333451498,1.32778005183511
0.94635057781189,1.14472039299878,1.14523738772214,0.659790334281099,94.7564933960159,0.910704016389211,1.46079110987593
0.903593299734636,1.06856729570106,0.76865330221739,0.859768545185923,98.2069223620547,1.17527298706876,0.881229511291377
0.90656282099214,1.53617353317612,0.800439555152545,1.78684913192741,93.4815457578475,0.916022938746992,0.960544317564956
1.11489960182165,1.33287228467452,0.961269904010951,0.739078078700055,89.8425032935154,0.996575347770188,0.875554197464423
1.19541054377417,0.807436166863631,1.15956956264577,0.557731328332519,97.3517043658248,1.17990449366021,1.0864267923415
1.02613555715594,1.06605256573243,0.950785153277633,2.45362424236739,95.1073854428451,0.891492991611141,1.08904823333664
1.04397767987726,0.840323875638006,0.823273403807296,1.0570651292135,99.1732181258381,0.943094400382855,1.07748967894177
1.06241512623627,1.00858728770506,1.02030255388167,0.864887046985746,93.7536868556427,1.05388378535919,0.91634689759188
0.878214650820069,0.891331424636674,0.960365130116283,0.720352500986083,92.7462356523333,1.22564722954554,0.921565077410984
1.25355232904779,0.926553136368327,1.53531890726558,0.646945618822691,94.3996355067594,1.03289343792306,1.02800937684504
0.973562815983291,0.921621008110296,1.25584894650941,0.816339387909886,92.9481736878231,1.15300753069464,0.992445352473605
0.943241815749954,1.14029126485719,1.0011095637699,1.78164765168659,95.9338293430907,1.07654753876456,1.08722023265148
1.00641213542379,0.909977335075121,0.873090434145963,0.920462299072839,95.4218522152528,0.948291550136911,0.941124700862276
0.869435385593273,1.25159242282208,1.24050216621749,1.11981247022789,94.9492230791561,0.746031389161616,0.933518137285272
0.793107964762625,0.936004029240955,0.646711886369398,1.17513819195435,86.9223502636351,0.896651785878895,0.86285616048213
1.05700536242091,0.827577627742938,0.987781514886932,0.916575015878578,94.9293864879618,0.920567714050465,0.805862763696698
0.928826477430583,1.15815379845527,0.85883887894022,0.868952395607796,90.99233956492,1.02711792687513,0.852420838371385
1.05293099065702,0.940710426510111,1.09677625514998,1.01834569309612,88.186419868314,1.04537016922391,0.931405377718176
0.960417711793151,0.966873023204094,0.892154028788443,1.28034047756621,99.4098138210739,0.780898527912797,0.879657186507857
0.941418230952463,1.14879944177868,1.06423309753855,1.20749070545856,96.2857055389164,1.10028726075319,0.890450787067443
0.930149297910593,0.95580313120234,0.992603020589863,0.929709037104833,96.7242700305859,0.963483530640204,0.953205818245157
0.914206180476874,0.83579774610049,0.734331479894394,1.02893124516515,93.3907849459475,0.990270374392759,1.10874612825845
1.1086801531286,0.934932748317366,1.26874628859035,1.52875599565416,98.2007459211403,1.05866489876299,0.949634460506465
0.918805526233619,1.77404653674073,1.00689356992789,0.750320779906147,98.697246930507,0.955608892499514,1.05019887175673
1.04601584445431,1.12730842634043,1.05449514170343,1.03662562311615,98.3717839092336,0.983664298375278,1.07902026371096
0.992207910867417,1.14618161342994,0.856706010084591,1.37755840168419,93.6293111669995,0.862899911332348,1.0270558788657
1.11877181614513,1.04345590598027,0.990181474283816,0.968423227764029,102.062758272236,0.981913201036197,1.29638318062791
1.09368470286385,0.776262228645871,0.941856526915701,0.981506108550335,98.6769360675146,1.10203790557402,0.869945061295116
1.08783483079237,0.932968059921511,0.707477728072397,0.867686643422513,100.652110275313,1.20977315967774,1.12279086625762
0.924961105342782,1.18810738244632,0.794371766413948,0.846567174037513,90.8040918122417,0.976607345457351,1.57930547412393
0.834242704007508,0.576955390004101,1.3636533642757,0.920419480772954,93.0659103684,0.978536903398416,1.16701841533862
0.948921471631076,0.895756121328254,0.919737913678432,1.57291543577314,92.5713439423846,1.11751896265725,0.835882717211492
1.05351921023468,0.783096144526641,0.873232895395339,0.756413090715937,91.7136623529399,1.0363213114787,0.854440842508948
0.780853401077183,0.932005217756885,1.0044011073898,0.968580820070159,96.732415647099,0.980733750416146,0.918622152233004
0.997511388775454,1.06663744423294,1.15337289315877,1.1452193175506,85.247289263652,1.08821514697978,1.04350243998239
1.02116151763859,1.02382689262958,0.568351886927985,0.705684164014466,87.5332710106575,1.04936482021264,1.15847306492531
0.93232620259461,0.905771815861876,1.04656473481514,0.99806195914262,91.1177544771756,0.80962503932949,0.863206846491923
1.10207247470256,1.35780349790914,0.722443419679007,1.36186826334274,90.144974514926,1.05151594252341,1.02056025177523
0.886734568403442,0.614521655315466,0.776015057072975,1.20026128321279,90.4345161733965,0.964016882224075,1.05128962320876
0.877641123940692,0.938770727029799,0.777357494773898,1.225766358995,103.062144960156,1.00362220871807,0.942454566169631
1.07896161914644,1.09760711685999,1.19628583352958,1.18399658786959,95.2119396612948,1.01035357871075,1.10557950566089
0.997915903791747,1.14813059544341,0.740899314862778,0.676268368540804,94.1454388181436,1.15726134938792,1.11052072795742
1.08073799297168,0.969225890578689,0.744097963831753,1.50111498546545,91.2859058938746,0.983449819008523,0.840839245918488
0.977300309224861,0.907768564819763,0.933716910625071,0.760799680522361,98.2797910909827,0.978614389332519,1.05402147089664
0.959004061113065,0.97275388608592,1.16397917063059,1.25723716627813,97.9667431577927,0.905224545495139,0.844100876875621
1.05408426954235,0.849344994274214,0.930277041434074,0.935462380228534,102.61922186315,1.16449140944584,1.03809506133665
0.984472312278207,0.831121707396801,0.958478517533031,1.46502655350584,97.4179000054458,0.904847959477066,1.30864482656837
1.01685085498786,0.986474933032618,0.725119358316074,1.21476030308333,102.061449407362,0.967552339393771,1.05101249568803
0.960170800782006,0.848337584812896,0.953223126812231,1.36921885962339,101.011694016211,0.923619340864487,0.953762127090101
0.807783729093829,0.87099620454445,1.04031789181426,0.804464733976928,87.0972192246073,1.08367238809362,0.880997944457045
1.3416393614145,1.12613724887581,1.05304979395132,0.980602954616971,104.912809226709,0.982113868737034,0.891515594484186
0.830232551848943,1.17781854859748,0.917780129704485,1.0735096951032,99.6725453572095,0.955301194558562,1.02729745006917
1.2271817046482,1.07345591371819,0.878604786120387,1.2789123922854,98.4102716778628,0.95844508519879,0.773129268120784
0.979781325526712,0.852219043585276,0.680883419060788,0.807281689921133,85.8596422186835,1.15550719973493,1.02683878096993
0.946654977648038,0.639534253037965,0.944788240058449,1.30593493784424,98.8294841814891,1.03985004251478,0.805856490788477
1.02953159704252,1.12673521653861,0.802380145838995,1.54313609798922,99.1437354531303,1.18365545552656,1.2075525625956
1.20184399409012,0.891159708139775,1.4764977991537,0.823778402410853,97.7655645147317,1.1737325791012,1.16753629068091
1.10501097639737,0.73209071201932,1.55900311318588,1.28539303843501,95.9791974082142,1.02097003883479,0.946540008630761
1.16314823412814,1.05988257906301,1.36445074396198,1.01128722123602,105.744213586734,1.19749088776602,0.816497450773078
1.07801553683192,1.03714403177,1.2575628411272,0.962726917818577,94.523778690601,0.861524622576091,1.00914907498353
1.08619171313522,1.10177265854159,1.04795212768929,0.897221854454131,97.3939860576673,0.935727287495207,0.851494696402171
1.31028125822463,0.845857598812658,1.13438954204673,1.08425484998613,94.6302726844264,1.1387319290115,1.02687556066167
0.858983036338946,0.688011974507749,0.819921921973162,1.07891721518474,100.948794597641,0.972822873179662,1.1140576458919
0.995424383669735,1.27844625768117,1.10370321523048,0.899985226579313,91.1046502851128,0.885954459146838,1.03987606707118
0.880453645600355,0.848167575175922,0.979353877946355,1.10428477917259,95.0214932852581,0.926232996826636,1.08045658448276
0.939213750528396,1.1078463144718,0.992809488056294,1.15368194180669,99.965985966854,1.03453344287891,1.01180713493303
1.08724750364495,1.16637351866863,1.12306710561928,1.20151913524905,98.8746756817713,0.983800089189147,1.20807052554205
1.49052792990702,1.07711665682038,0.921560160206737,0.67395522522256,95.8975265779686,1.09751218821095,1.05832726730042
0.881951077250063,0.888274332003949,0.946940084655491,1.16403638983182,101.700551428549,1.10142481333023,1.00333880221093
1.02467555835913,0.904510681026025,1.26869061480249,0.958221272019192,104.481086136613,1.05285642841511,0.896754471840435
1.12915260456762,1.00844437740297,0.867009206564157,0.872580360205365,86.8516751428093,0.88114073873344,0.975739582528843
0.91294228497635,1.15448793712738,0.994584146010298,0.721316247746663,92.910243700043,1.28658881620354,0.927191118551487
1.09882954226266,0.795931654917463,1.30768431157974,0.981390997691377,95.5362785130651,0.913695387424684,1.04423839642827
0.953130435034573,0.786531491974629,1.04180414975944,1.27922457971198,99.5027504854086,0.841476511213221,1.00002106713648
1.08533019777759,1.20049026364862,1.01207684715487,0.875935743944034,102.397157477385,0.816204017882131,0.844398963755478
1.1716339799369,1.29505159930819,0.884589283452778,1.17529708477277,88.3544697054545,1.02848043921841,0.927095313837698
1.2569866454897,1.0448164676518,0.93671546948618,0.857868619967148,88.5012087399584,0.904011792965481,0.991313329825734
0.987598660491689,1.06393403732937,1.24612417329799,0.96548065689624,96.2088987271823,0.814534858924932,1.26022046174621
1.05506494679514,1.11210261432716,1.01844644691845,1.56524558822636,95.3777033648354,0.933769827545023,1.03811661673604
1.12843960965555,1.04301814502652,1.01207294045689,1.2184656813833,89.805539199644,0.97070721677997,1.06489806916431
0.93385527924796,0.937077415998069,0.66681850085188,0.821208673887326,100.810373013919,1.02760907457178,0.914004756435493
1.15331690468412,0.771123020656267,0.676813947216636,1.00089331793215,101.590537728228,1.16986138679562,1.05855700143768
0.817383828676468,1.09390838468409,1.34471042460759,0.650851693662127,93.4649237770259,1.04232039995891,0.98010206223765
1.03066159043927,0.852934188498927,0.890715857826917,0.962110435081217,100.65115022779,0.950931964899505,1.06127669842643
0.89885521942889,0.947076124784071,1.08172701912402,1.18600188586781,93.7107441246038,0.890197854021361,0.798728428243561
0.871663436913658,1.21030731102118,0.945121141811032,1.22808898143894,96.9284152777013,1.31891406426206,0.997814313543768
0.780349866325796,0.92347438370709,1.10427903482353,0.815350415865085,94.8170469740502,0.81013243454246,0.894881608793396
1.07777943692823,1.26921861946742,1.49159397593915,1.3691053240839,87.2835315252653,1.09970004432886,0.888849271179091
0.946363666599113,0.778746574366945,1.03928643080588,1.0451251315369,99.4958582110741,0.957606155445359,1.22505416437122
1.07695501647148,1.07343021339243,0.923808897436784,0.948388791732526,94.7168232780651,1.20621683368516,0.836929741950613
0.840402333666273,1.42223982604133,1.0684593710267,1.00107573459619,100.055113319233,0.978117422023472,0.902343371305692
0.908418330832053,0.783102106321416,1.25965426361902,1.14573344596824,93.8032689902496,0.975410381488643,1.00157388909828
1.01531663818585,0.672619086205431,0.966187399605057,1.02404210896048,86.4893278256394,1.05361173084126,1.11046246550462
1.13684207629379,0.967622106328901,1.27592461357067,0.986198351454661,89.9686124209576,1.05467665291363,0.939975739526894
0.916752668343649,0.669832542512049,1.06045650363845,1.00505541279014,94.9684495083314,0.936771309192857,1.22130764413357
1.04877662561507,1.07343126732915,1.36808135952457,0.701768688414136,97.6488822905826,1.01366561868382,1.25218133760203
1.13999986020956,1.43491929977903,1.05794311553604,1.4651538964695,94.3800569663877,1.13734446068512,0.861733614266453
1.0693420844401,0.939815026067461,0.835559177525147,1.02378151193643,99.4665217969977,0.885126236071343,0.961996947540816
0.914509554693534,0.807777641330643,0.839532305491565,0.823828461644629,98.103791216607,0.868260565466075,0.953926263418574
0.845078291799442,0.959829725416376,0.836685720453022,1.21791669540177,96.7615893165597,0.977515782203479,1.1432670007768
1.35849539433836,1.1367980061866,1.35416884479722,1.27555820999042,94.919718094166,0.898510768289448,0.919130361862465
1.00935536996566,0.467778784348211,1.15390480295549,1.56028800115333,101.007093573224,1.05626117269192,0.881787408713203
1.32639213377907,1.10750565006582,1.0876011397746,0.889728973611656,94.8942604100943,0.915904683061207,1.18952599268972
1.04852692426619,0.820303105971048,0.868636228458144,0.64622730606725,94.4365497918209,0.987127658511925,1.04461978258446
1.04761837356424,1.09044727869638,0.892376516037786,1.00658299372053,90.1994910975569,0.962280101061027,0.969166362439185
0.987605194209135,0.742396770063191,1.14507587495953,0.60556769361472,90.6537029955418,1.02320313232498,1.0142794464454
0.992773906225334,0.766395952378248,0.989519330490784,1.29268126527476,88.740744150553,0.846616387077435,0.913670529705381
1.05278946486993,1.09228313879535,0.810888662310744,0.786026527505815,97.6089721867425,0.875494194954424,0.973197055275869
1.107663501115,1.2780242036499,1.13745658090057,0.837503088622051,88.9371504783086,0.880337296780622,1.00094358716956
1.17130104969805,0.909546897996708,0.510749430286794,0.908564561417524,92.9729277329846,1.35121435012091,1.19036891573368
1.04862222164381,0.954418222917007,0.903806625004904,0.921411244220684,100.897585911643,0.751978642518109,0.823534975371179
0.97544862134238,0.938893880664216,0.986216409437817,1.50196443193873,91.4674542108729,1.07766177193878,1.29237811535504
0.970687754230602,0.771505742048261,0.816323128451666,0.946238271642861,91.6650803860216,0.798770721380995,1.03395510389147
1.12010040635545,0.798375507122719,1.56117815627381,0.67409964453823,83.5848806546694,0.828691436258157,0.885578895949302
0.986596375210282,0.977144186102696,0.888984879697854,0.924494255757028,98.093862454293,1.00253854246805,1.13430836430895
0.959326031897826,1.10115036826257,0.658765849233945,1.01064743600575,90.8862659216653,0.994812458306341,0.861979873240863
0.888087230415352,1.07573031180805,0.860559579439254,0.688950352192119,94.0365059674089,1.09926797934657,1.37505824315393
0.908907373091045,1.12551036418788,1.42952114242281,1.04402120244782,95.0989501390342,1.27452238557609,1.20966154463734
0.897272239414922,0.801509105240431,0.934537327525539,1.02606122217394,97.334480085315,1.14279966096769,0.93768508364722
0.88153084954302,1.2538587310595,1.05863789440699,1.08506262413973,96.2709945176721,1.04627539185602,0.896480493410196
0.742848057992795,1.39199368517964,0.790793895472342,1.9892206135899,101.412552368907,0.990913486643422,0.95229329385065
1.06866355872305,1.17777671754032,0.939390939717886,0.83268119162103,85.330414318308,0.94003107700205,0.901787746487955
0.963101933625079,1.21832997620348,1.16373482557982,0.743251333889728,91.6214435725515,1.25050928165781,0.980678864698198
1.03618855643056,1.22272220111228,1.08508327066456,0.744926562004547,88.6368150392379,1.05980947686441,0.872892594240185
0.824319519744957,1.03831434864033,0.774092251519673,1.24540101228136,90.6634781382215,1.00714422957504,1.06816941127991
1.26213942997608,0.849454928151151,1.0213135920618,1.73642708276473,92.8014574161527,0.885702405397973,0.817704952148142
1.07988280141374,1.07572230257705,1.34297361046483,1.33727269447299,91.4424726784377,0.956542857555732,0.988109917599977
0.84614026068472,1.11317015525558,0.924103180535009,0.723514453060006,95.4495303580213,1.22875194662906,1.18496213457781
0.93820755657429,1.37159951252942,1.11332058024539,1.32750611053032,96.7198722107127,0.923344737254268,0.851189127570039
1.24889561394161,1.01014058585696,0.630504983596259,0.938885124432666,94.1822475374633,0.98791232201086,0.788868160419945
1.20115350188807,0.697935079376317,1.18413312346492,0.847482524435745,99.8039898639981,0.825493920595373,1.08720730134599
0.980400229229383,0.929673059076331,1.15597083064735,0.768222479166538,89.9481152914623,1.05488876894007,0.986630255932429
1.0984333993296,1.18555051104089,1.30663755807189,1.05543443644298,91.2104792495853,0.776146634599004,1.04485665107137
0.851175489712489,1.0755396997127,1.16817243845855,0.899370061520771,95.4755496746779,1.09442295201457,1.1210248460245
1.07921378122477,1.01939239859177,0.95930034234853,0.98846776242444,73.2696538883978,0.849115327647376,1.36367804113905
1.2730611591496,0.803499309129059,1.2813524511708,1.11420771949517,104.900486995595,1.27671247138084,1.11652975025714
1.0390260212574,0.872611701996559,0.853164514874682,1.18657420014473,99.8738030133064,1.07192554450926,1.10432200867388
1.05983156571008,1.45054074680595,0.932875720455841,1.17908850232003,83.8549782017809,0.8832834319394,0.819942664517793
1.00248283903212,1.0345019101634,1.15267647530674,0.906448435040708,102.912676647171,1.02356800888413,0.830027327888251
0.96291591539304,1.27655711132483,1.32239365942079,1.39927479711551,99.1797588642807,0.95991041227785,1.05024063363151
0.901142142206758,0.974976045341049,1.9575960886323,1.09277991020776,96.9213633901354,0.87679216745586,0.969016377469291
0.965076315647041,1.13293946568244,0.94162119340918,0.721468424863722,99.744800821578,1.18984625957416,0.979141185599048
0.804289055379028,0.835000882341962,1.13651527296571,1.03098492810258,93.3037679769295,0.94180179952285,0.871483759629211
1.16182278366206,1.20406913413608,1.12250901957344,0.785966074020902,89.0259645167703,0.945284826870329,1.0807459139169
0.92538571886929,0.956511277616149,0.787706040033323,0.869611871335084,95.3640485612304,0.88403692624925,0.834182458332859
0.828188552104274,0.96396622036371,0.952077375606011,1.13489689011573,95.7235388494902,0.946413338345963,1.07185469483367
1.12359082047317,1.05354382049569,0.915875301353344,1.3376348457301,95.6388355974861,1.21317792506273,0.823118917517708
1.15552449679308,1.4460913465684,0.799763517967041,0.853991600983757,95.9378436584157,0.951027701118569,0.842787279042467
1.19188752744521,0.783215522880539,1.65594596931986,1.21221024521212,103.319047730729,1.09104258687693,0.932445988730529
1.20687872827663,1.2217915598899,1.03395166433143,1.28849573146083,102.145750703591,1.16609043950083,0.876690106345981
0.916197172350185,0.839008148034489,1.11590609705238,1.59700421852604,96.534387580772,0.823064591437003,1.37561034667347
0.9618366701601,0.962212720363481,1.29954548249564,0.732175807105775,99.8549555562601,0.875970455035561,0.76859233802528
1.09890820138059,0.825424518987947,0.948281794987001,1.42944011003008,98.2168321094149,1.18718442070848,0.853600950672559
1.20199347125983,0.873279764793635,1.2380950411548,0.885117872425295,93.1384833003723,0.975332567936611,1.03091908639143
0.812914425570745,1.00145459415912,0.954164866940513,1.02949886734491,89.9865860159737,0.705362335682966,0.992565119233793
1.11826786711821,0.767832542066507,1.40716973747825,0.484464458052575,94.9447108253726,1.04362718672067,0.763543217078296
0.890037842935167,0.998265373787259,0.773833233458994,0.479316169154297,99.3883683145662,1.02976649500708,0.814533871978663
0.874352240946897,1.19021725705475,1.33434072363963,1.33660678835843,95.03340643686,0.929201376186079,1.18418438865435
1.00453078558695,0.833399410350509,0.814637084835824,0.942741730453387,97.3652652558612,0.820725566207587,1.08640210181332
1.05719674422913,1.22844263317191,0.923340657477991,0.859878283135,87.5489717257811,1.35220849075114,0.926661426763356
1.04624381406803,0.987942554536016,1.19062926318331,0.710088967985392,91.2154774816142,1.0766361666254,0.987062965805238
0.865952478534988,1.08950138483736,0.937373465343965,1.12451955123327,100.624443154665,1.01148345516455,0.890702347679713
1.13052474954036,0.776832919974115,1.03766520571375,0.862947113911351,90.4371997245553,1.08763949330201,0.915253917012923
0.937872654542839,0.897574349696298,0.97615332409672,0.913766536073915,93.3159976511696,0.993051031560691,1.09714841326606
0.875015511926717,0.808037626320769,1.12076290417417,0.920941676839381,92.0063120377962,1.06313535437104,1.33158757830326
1.05435836622446,0.694256317480036,0.751161820335633,0.989098419823963,92.0796348651215,0.939305961983455,0.885202966945413
1.28940112090658,0.70668889636192,0.829515948489802,0.834609886258452,98.4136107428146,0.84688433811298,1.33407695735237
1.04713177849115,1.14232378806145,0.910180615118628,0.927917165513356,91.6564342547154,1.04067845078241,0.815943312424534
1.09695910460024,1.34935414645731,0.986588565049903,1.21076477807569,95.9529947154823,0.968903638610533,0.833927383586293
1.10502815323244,1.32427843924353,0.783415825665132,1.06447390063222,88.8846877837365,1.13597660743148,0.766036412657034
1.02468857876814,1.11318092979232,0.953805208327444,0.890341782263571,101.478646882102,0.969278434572614,0.896754385449217
0.891227243284535,0.712234290200217,0.891985892224996,1.40943275490165,91.3686940399305,1.11132283737819,1.0881089369628
0.976045411011326,0.97208592957349,0.65775265129838,0.868420085472716,96.9214181572243,1.18998552765821,0.976298026376893
0.991294122902325,0.818468588575524,1.05736571781262,0.658118200192912,97.4705104229175,0.960725815680712,0.821098771296108
0.895658555126271,0.865762341795581,1.33144083465284,1.60333961955892,89.9290878432925,1.10759839863598,1.30309422375434
1.03184414639569,1.00984142649004,0.944698203283193,1.10188023196394,100.90607882615,0.986373604678154,1.18616371046838
0.998420626055975,1.01592470308251,1.0505106078058,1.02076560191839,99.0088976490058,1.12103378748101,1.09695472236208
0.74449630543071,0.890981174388749,1.15182972702897,0.841775178735314,93.9489214002129,0.988352494393155,1.16308439420903
0.948114961556426,0.960574585327784,0.978052816842944,0.646491446736791,92.8152034209353,1.15398832083566,0.846193114893339
1.11505784291238,1.37005916262278,1.09795530489713,1.10232935185908,108.923143751776,0.984764772758089,1.1227531941901
0.704061030504525,1.29519863766489,0.94149829027726,0.721406399745867,100.827800272671,0.855958007269561,1.11724574975141
1.05472192523646,0.923508169033468,1.00206282023226,1.00476925194828,92.2157151925253,0.90778456382011,1.16036454770104
0.997158672081788,1.4366256549226,0.586708017184749,1.0614216912088,90.8939604107204,0.978435814355308,1.20391125862559
0.992714533060487,1.46919680716197,1.06690169350681,0.736706030751056,98.9215856028883,1.08524437121696,0.960582482843169
1.05816502466889,0.884162604698727,1.14927368806672,1.44396978758033,97.5973638157536,1.01035162434921,1.08681255172957
1.13869758235114,0.925982105893032,0.750323992606608,1.24214674486261,101.775430344338,1.09334550754671,0.874217057386328
0.935064374224469,1.00257284993089,0.898302095606157,1.3857793883108,94.0651093492211,0.935317475220612,0.918859421098026
1.0715568286651,1.20693592886325,1.26121113678,0.70978020739307,96.8699123575864,0.99458735043318,0.887846339781497
1.03803445518008,1.20250425301015,0.951665752405682,0.880419295835078,93.5086584706442,0.828810949555974,1.39129222056806
0.894744288130642,0.668838144772374,1.00182099051479,0.993526826104815,89.3335546947315,1.11495229160057,0.930586635158105
1.15400060931106,0.970920644605444,1.2749503515682,0.750047559572628,96.2538758910138,1.46100794308592,1.0087058869721
1.18524378030593,1.04914760513696,1.1196406028402,1.81538455134224,103.104836124317,0.814655347450734,0.967822751728174
1.04226783930109,1.00160510974346,1.05405972049997,0.732589991465006,91.3960542175531,0.908478869831547,1.2043390271716
1.0795734785935,0.824467173384628,1.26204914868414,0.992011505936869,94.5030706132845,1.13458374058177,0.927458898867974
1.08437245240687,1.36053335018028,1.23373961933716,0.816796959740826,98.3109540561152,1.0395281400034,1.10391360756042
1.06464554602499,1.18873187575726,0.953968581996339,1.16300123767907,96.0138844538713,1.13117224914661,1.24743550358225
1.0913811364446,1.18778232804642,0.988289697526818,0.719281972780994,100.110585132459,0.951899916723474,0.974177864527745
1.13546020302284,1.23568505126639,0.934135335529943,0.959854560375671,98.509499526908,1.1341166175311,0.930185033339116
1.03441433852653,1.14857721005815,1.4647450970433,0.861770954912146,90.1256255925476,1.05244130805306,1.07869903845249
1.05591174615633,0.990920114222571,1.16115732617992,1.43253871447382,99.5083904838777,0.94028636010851,1.17870873451629
1.06116085081627,1.0537063260547,0.674032322861864,0.856468767480315,97.0577242910244,1.02702637226341,1.02600953932694
0.81969025854807,0.819197148800909,1.76434389782665,1.25836443291731,99.9204230565094,0.773894711084882,0.845224024652938
1.30764457590534,1.10118706998034,0.989061382701461,1.38244850066309,88.6212597983033,0.984100868876091,1.22883559238364
1.1413402496183,0.777411625721313,0.872096739207816,0.85900526503943,93.388614918726,1.22964835114853,0.928121526702552
0.760205207833552,1.10962333992402,1.00974088797971,1.21992866700482,103.369506409455,0.988695052633629,1.03398235617456
1.02262997363482,0.848233493416189,0.936494942811473,0.811358902299019,91.4703748544973,1.20593509870132,1.2390617531151
0.821187438890985,0.80542632041004,1.43619350671791,1.39993158441288,86.8684556677654,1.03922958385268,0.844577462422653
0.958986431760958,0.764340540302905,0.883843723203504,1.02809126693985,99.5020182878266,0.893564544681233,1.0185413459246
1.16065158508841,1.21947790365642,1.12618019281833,0.895193439687817,100.663822293016,1.04903397594495,1.19766616523294
1.17700775923534,1.00709190506119,1.014692254802,0.980529452166266,91.7830434453838,1.00330497479587,0.8414684615012
1.00200628593316,0.803981718430236,0.672926273207268,0.669017491775921,102.080302039687,0.971463980012668,0.984729458779677
0.889650830348788,0.808895951543748,1.25682774068783,2.09768735062404,96.8279994557729,0.82295434974897,1.21229792967914
0.964203522519564,0.76474519444053,1.00692515626616,0.671040803191654,95.1614505767147,0.984913161069873,0.791903734978881
1.03537794381325,0.766481339666801,0.878975831973896,1.06510241010102,100.342314953303,0.796135981685672,0.831788228130195
1.20930401852394,1.46139449162962,0.972578587955743,0.965340490464332,93.4362362530773,0.835851943812812,1.18894883518027
1.02575866169471,0.918289653507663,1.29662179268397,1.70641551383193,93.2110373911938,0.985467111138523,0.893462854022069
0.926335312078227,0.901230754910401,0.87258217707197,0.873387789448149,93.5782579620886,0.916011015645195,1.07201515390167
1.01085628505183,0.766049016194729,0.890318927822072,1.02817342869888,95.1118885062205,1.18730952488758,0.940266770513068
1.02145195696999,0.913535340796673,0.793074036682553,0.987948888755072,95.6858005026067,0.950271974158577,0.920452975288507
1.05765178506957,1.00793013150951,0.853871572135805,1.10892104327869,98.3266488170214,1.07549079506475,1.09796649907497
0.896209412764952,1.05358857498338,1.41257493484443,0.621734714209536,100.088616012429,1.00825816119507,1.06211727012009
1.02591431629296,0.909831614645149,0.988678164986122,0.734381255363142,96.1726550505197,1.10637011445207,1.02511582842595
1.01417450301455,0.824822835409942,0.964063745977479,0.769252185366595,99.9880544020249,0.938043358052515,1.01307191070646
1.28902056776347,0.95181942011697,0.912255754860502,1.13636418933242,87.750612641077,1.16597670645029,1.06389115882921
0.949903831265073,0.875306520996848,0.915017712465305,0.888517553384266,91.847473846406,1.01383564549633,0.909706424744673
1.03081778685196,0.796728418094625,1.47884113102157,1.06344168681394,102.859290446177,1.05729638760646,0.973047567272831
1.23492627747108,1.35880454484736,0.982191768185652,0.792704643675561,88.5120629125938,0.946123968462585,0.858023940865288
0.816582880580882,1.16702575422022,1.33017966718598,1.19359664843878,90.8135852025174,0.849866975619271,1.11914086171868
1.10425354173888,1.03223334705104,0.992667132193545,1.14613044552398,98.5596380878321,1.08181814053384,0.904073063422667
1.09850026464927,0.933735651522987,0.925757998175544,1.00649969438998,92.6156586783298,0.85622739195511,0.935035170694202
0.748658867237781,0.93417410479786,1.25555555249309,0.763499378714351,97.3214695797403,0.991451219534235,0.986787538097991
0.956652023270265,1.03107107042764,0.982537184083926,0.754983537270478,94.0152647025855,0.91224302429607,0.870269176381952
1.10969961227128,1.11520264176055,1.11396076465983,0.552810771273834,90.3451934326574,1.06883920941286,0.744417276853887
0.817845857644036,1.17886692174187,1.45214352885547,0.892040147974819,88.3812793778352,1.10203942624168,1.09743291162581
1.02991829870547,0.875635487149245,0.753058467283179,1.25005619518948,96.5254066581842,0.975242437063668,0.979187833867964
0.977440531198758,1.00005587830952,0.87545449600569,1.01478660514495,92.8332037629411,1.14561615526649,1.26459467632374
1.02015934478719,0.944623696051446,1.29532338424195,1.41256196529504,95.2038720080454,1.00460487340149,1.0301981251605
0.77615696542158,1.28158354476914,0.855822214764292,0.889983859852778,104.138797213405,0.998588808702545,0.621356906287598
1.3601134561834,1.02326580152825,0.769630888557513,1.13209781707803,104.0756839056,1.13814739968734,0.814733357961847
1.23677864977408,1.03654882679548,0.878885527350048,0.992512572113825,90.6797457638983,1.26498464691029,1.06915124870879
1.17695666956297,0.745263334130555,0.894210054423071,1.00526156886966,94.523152878665,1.05354690550459,1.16488119153369
1.1143457735542,1.06672143858745,1.04585922812428,0.908703469576722,95.3314762928145,0.961451629552092,1.01086506704692
0.859157679130962,0.6633608196108,0.866650008187473,0.961262634689364,102.549942860579,1.01293875065277,1.06107406701923
1.08665948053964,0.910818412116791,0.982156829881333,0.973167148754716,104.78533021282,0.825490137275121,0.886039430704513
0.928869127407488,0.637808255174912,1.12144709693426,1.24146312159623,99.0493973287866,0.976272938473102,0.949626298206018
0.774910692630511,1.12755355730955,0.95880150443967,1.43478888086535,93.5743296559296,0.993837146023378,1.16644586227206
0.945627080075058,0.909863226227602,0.800557686877985,0.857095388662496,84.8484966196542,1.16585819148955,0.832436768760455
0.993989693170869,0.914597821225741,1.20516365946594,0.917717945605702,87.095473371886,1.14171810050261,0.875235789990312
1.07424426627746,1.34443825963563,0.856126216248512,1.07660357017989,94.6670016642054,0.958782426090688,0.961541002146443
1.0095136527677,0.781601025685322,1.19983826494485,0.892241922396948,94.8153298268731,0.854913350417851,1.03296918756976
0.922670085344968,1.00885204249215,1.2983749025248,1.27576232278022,88.5024154151208,1.21419669017402,0.950113879216892
1.39014477725515,0.934636098819409,0.944272083654476,1.26012986778534,96.7983616586973,0.915245406142958,1.31157363664912
0.973246422031363,0.715178833415545,1.04833572229553,1.54569025022791,90.2933877716692,1.03435023584135,0.765146300562198
0.880025626550734,1.31493460605286,0.989891525161467,0.746774773987453,95.2010836369108,0.835518974077926,0.902168303098528
1.1713512704659,0.725439469523251,0.933378231477104,1.22147479502764,92.5888239737684,0.966304965546354,1.12786879224201
1.05688032518754,0.98587876619534,1.48446195129985,1.12364540820629,93.7513498134456,1.23460156555786,0.914397571229098
0.858029672769533,1.06108095736079,1.39750650341273,0.958815381031101,94.3046787354806,0.882261489656846,1.07538815256477
0.8115444401805,1.05503244653657,0.905291377542658,1.02774017284147,91.8137170441934,0.980667905222129,0.949977751147881
1.04691236449429,1.15808085993159,1.1370762119636,1.18830279804112,95.2091903092508,0.933442676981749,0.78607764614546
1.03180974297575,0.787028593494839,1.11109186900606,0.980437031125161,89.8503002004946,1.17349912697904,0.830684166122335
0.878482815195299,0.677136999948314,1.64119039019186,0.944482132467841,95.0609808316805,1.0804830054958,1.26887798855382
1.37371641949503,1.18627132169565,1.00209723942035,0.992137404714135,88.4231841751627,0.901988034423396,1.0424937656255
0.958235008083271,1.02945102474283,0.969808434660101,1.06377335235906,96.0277369104794,0.884142268609508,1.18258513061667
0.968213768700569,1.22038831961251,0.804370964375119,0.88544383811426,96.6050696239848,1.04218803101986,0.940023482389489
1.3118128852359,1.36068137348301,1.22949833602578,1.46437725321532,90.3084965992096,0.955670437713184,1.02804914386601
0.955956818614285,1.14898766142731,0.808469186967239,1.14646539573223,94.1971264038933,1.11706636797705,0.996486347721209
1.10247387105582,0.99503662722386,1.04035320744721,1.08253267975702,87.2787478092446,0.809852415980658,1.14108752110956
0.950768645972994,0.925161125193539,0.782287013887743,0.75434137837585,97.0455326563993,0.905709380451662,1.07063161144315
0.92487539066949,1.20470251394152,0.82156434602567,1.06395173828029,92.9426109070754,1.08418090218853,1.07244791410793
1.15105753954717,0.970145361190768,0.929031599770908,0.807891740212663,95.624212356202,0.852550334814641,0.809186311839702
0.973548226051196,0.754621229750558,1.40251594878741,0.824014649823333,95.0586231663207,1.12453883471139,1.01236175870822
1.2049667749986,1.21548420136364,1.04346400937977,1.01791563512369,99.3588913102687,0.788137402053677,0.973302260849657
0.877492496058827,1.25961518953293,0.785247929026739,0.947773142781135,95.8572621219395,0.940331802802447,1.46566887915317
0.933252849235623,0.994957584306722,0.760604730645294,1.08697744547344,96.1016957783113,1.30479365791123,0.798937389626438
0.764977544293213,0.791053683703734,0.969211690932603,0.678796632743413,91.8287311698721,1.05250850065376,0.962791015834977
1.07370715701262,0.922121615173825,1.00270947290209,0.948174727798625,97.1890114619753,0.900161722239876,0.92846026845341
0.949188425984767,1.04659849902637,0.935795851259228,0.710320601446088,105.840069917515,1.09149668324785,0.740014362347733
1.13897562124787,1.20388320669048,0.942685858793824,1.74449188796859,91.2200507832127,1.12153714531792,0.735547074810105
0.989652978931754,0.886125983029617,0.674797025294411,1.05274308683007,100.664414571334,0.928176523399789,1.21993250943071
1.10766266842101,0.909264843933257,0.889467525727283,1.17866190244725,94.5726961972296,1.06551515160722,1.03412901146065
0.926513966777454,1.25438610765444,1.43764192341461,0.903562760893943,98.7473472229867,1.03521544582183,1.09350090853159
1.06741124843377,0.958333139690342,1.27239017165556,0.603338974877455,103.502018611007,0.970490857355435,1.268701772437
1.06163445523795,1.03425699247058,0.928799807723589,1.11662979409172,90.9963857009269,1.00937481934576,0.959512925873702
1.09967438422325,1.54135069779749,1.03674300585176,0.927963431700268,98.6972769116067,1.0301181466239,1.01769924637667
1.14061502652889,0.755436299605709,1.42112178139732,1.05390463587053,86.8125531033978,0.820858596095745,0.649677336812021
1.0259139227587,1.21082871931723,0.705103288886481,0.795618212523475,92.7205360891477,0.957463794673117,1.19169274848197
1.06713848494596,0.780516460972192,1.40438596268118,1.30084177930671,91.5909821888349,0.95964867609177,0.976038291588468
0.900591893466159,0.925117350066237,1.40052557498909,1.03055456838984,99.3109803255727,0.961132691591374,0.907937820978684
0.749589438449431,1.5207085233378,0.762374521189818,0.800446358788818,92.4935677395995,1.18888846609859,0.826290364043282
1.35100573896985,0.972032465991703,0.79016153573877,0.617371059032516,90.5911780847802,0.991772788831597,0.988613197137363
1.02754115083429,0.901608413690941,1.66335707052111,0.868635338458335,87.3067215002802,1.22165822060804,0.838434475545198
1.11065694170842,0.928687759678541,1.03240853456953,1.08400635902687,93.2654472897958,0.86286807437025,0.950666164409932
0.999045936344435,0.888343098952518,0.913845236128573,1.19269670960247,91.3635825699809,0.957322785571819,1.12755056810823
0.855743936331878,0.915487693793695,0.962776621818081,0.860963175625981,94.9096195126294,1.06059248126228,1.11949025337344
1.050026962154,0.71704969009394,1.16919012138151,0.680987421001986,87.1795347288618,1.01416283583123,0.967220842269764
0.972963911767821,0.933422128297175,1.10053811490618,1.08871774050055,102.777043773949,1.03419025911989,0.989524108556729
0.927269918311762,0.98138093459589,1.59825737116213,1.05535304294823,96.8455872517694,0.849476681052834,1.06973551853013
0.998148016704114,1.05184636237169,0.784393873399293,0.928721795448266,93.4231473399746,0.98087770225971,0.702325041891932
0.827124921739202,1.08355293779449,1.01654796604376,0.891251588587969,91.130116184857,0.922402217121893,1.23935627250135
1.02467245753584,1.2483419913338,1.0328749355413,0.801518918628246,93.7345539121198,1.12040145830595,0.814006724464219
0.909921054070426,0.769236788021776,0.972125061642673,1.13840839835715,96.4666427240571,1.06832285952835,1.11031901018354
1.10681870464946,0.775844708007953,0.921606245492639,1.34284911260083,89.9271747024903,0.911512062053193,1.02113332058848
0.863500756005039,1.1592422480435,1.17500724568024,0.896403167575247,90.9971530568233,1.01353558375528,1.04435672400272
0.990460876235075,0.991578011846011,1.09109755829908,1.03585424142439,97.4243856656599,1.0660519308604,1.31096663023384
0.841264435400786,0.703619735575771,0.998469073619765,0.947313347801488,90.4614237929758,1.29277124454905,0.858133061322119
0.824708523957319,1.09552477810704,1.02644710529825,0.966106329101279,92.3219827517843,0.883348683076118,0.96424586661114
0.965494767416275,1.08785284603238,0.883038089379605,0.824548412358571,99.4707324974117,0.942352654791445,1.02237211420796
0.985263467532603,1.01138700630461,1.01360714169466,1.21623292725121,100.627422579252,0.932712255297907,1.20312268891815
1.04823679781806,0.747124042544776,1.09665568204837,0.986130025297461,93.9113451679023,1.11709859909565,0.808866156850324
0.912546449516491,1.16275255507919,1.00448361155013,1.05269576065046,98.3766742352173,0.962057458859233,1.05614739947365
1.10040242667509,1.05590807194567,1.43849588613222,0.890315390049474,88.0455431039211,1.05595284913451,0.974049805105078
1.27631819930085,1.19455590591456,1.0387756242144,0.854681796052667,98.4118456019027,1.04152014652273,0.851926103110549
1.18674767289728,1.13756987759677,0.886957035269831,0.846665701984311,94.8093982259491,0.937382829471587,1.14599900091593
0.804277748034763,1.2543962545335,1.27223299488298,1.20560884791826,98.5023070860105,0.83051081674155,0.939392685156004
0.990567800989468,1.01490621076003,0.951755964719425,0.803407186243724,103.882572821319,1.14561309580735,1.00604750798011
0.919718736456163,0.94746168796853,0.891198791574512,1.09748216562828,103.35607074921,1.12406396132546,0.801808783815849
0.95335064540469,1.07227444910263,0.970601230718603,0.904934180157508,99.7546155857614,1.09021958891314,0.917531062696323
1.21492719078688,1.09826781258725,0.97094084825761,0.96313823215218,95.2749968596763,0.835917941680145,1.03762773469352
0.965566576581885,1.13874548563242,1.05909851347931,0.975168452683887,93.2866504381619,0.862809944956334,1.02571686628521
0.999597600701679,0.784488495429505,0.992101038365253,0.900580749898281,94.3107452979928,0.817929780709479,0.939005023517566
1.02932549726766,0.856122997092002,1.20173405128054,0.67219647931045,96.5463358287625,1.02244315312943,0.940996439529136
1.06381988759802,1.23551032778846,1.06783158625634,0.942971912769957,98.5958678924994,1.08061369213669,0.916908452833642
1.03042172476996,1.09525883695793,0.923516618432556,1.22302640928288,91.4307434198785,0.902002395022978,0.985500525015471
0.72505041657209,1.20034414960954,1.27005109849796,1.17247433543191,102.150641488468,1.14559711790147,1.45002510585154
0.972298488175199,1.19537249170516,0.902614132468297,0.895267034965265,100.695226663855,1.03986623731901,1.15382741167226
1.00681107178493,1.05678225906123,0.799026189856158,0.980991076289153,101.516987789646,1.04680329977278,0.812255783040177
0.786606637465187,1.13776217985364,1.00193552325946,0.804263862565429,97.615249641924,1.08844014012042,0.782442279146055
0.974755772013644,1.43588481661726,0.919856708222418,0.725936135058296,92.0937842148485,0.921859251423656,1.16418509716234
0.778469890644457,1.05208507451775,0.826494459931754,0.579916471197246,87.5346040729835,1.22572792541917,1.01473269193265
0.877362650996419,1.11491528712263,1.05872853776405,1.36708895784997,87.8108988029418,0.891489954287007,1.02090301147176
0.969982264295132,0.847500595321687,1.00695798105042,0.711624974062919,93.0815548899719,0.97337128462973,1.15417878793873
0.757690081995308,0.985559472568428,0.951159038222813,0.961763750695799,95.3267648164617,1.11464436998341,0.958603989119992
1.01639554927815,1.18337087586983,1.13982507566086,0.943276645717368,101.193175294291,1.19265493288941,0.980361635637455
1.09037841949769,0.884396421106691,1.05644464668651,0.619649714554466,98.1245928801922,1.00247678630698,1.21202177330731
1.17398154043241,0.817157783939766,1.30335005985189,1.15692432778964,95.8826243639354,1.0465943155377,1.0969445047569
0.961251573893839,0.930281074941045,0.707856526536951,0.734184642280287,88.8272650945259,1.06494123652409,0.775892162625263
0.862467344300853,0.837315774987932,1.03059482270703,0.689206418449032,92.5512652086648,1.12318225152162,0.856500287734852
0.764983080154136,0.76474987938117,1.2387497786785,1.22973048141319,95.0159832462733,0.932305228580198,0.83050125166316
1.0273649446451,0.930934153618153,1.09231681842554,0.846178026792198,86.1577428617553,1.0514750699635,1.27413549351651
1.13152631808537,1.37931497231234,1.17305524157269,1.26815067128817,93.5811033026268,0.993395087913388,0.923661815875072
0.825121489818109,1.00571036465695,0.933354349925633,1.06075223396715,87.7899640090176,0.985913385714623,0.820917335026572
1.20063163182902,0.815013794885637,0.871393540289136,0.892048777353554,97.4514101221495,0.968735160512219,1.40093288733806
0.829438881260964,0.75151066204597,0.981223205879124,1.18578880810419,94.3968306427433,1.00125504745825,0.913778532160305
1.01186531957775,1.06931876960607,0.931503378344599,0.82748263039408,94.9522743310098,1.09206227946083,0.9307925322319
1.1454171953255,0.934667732672058,1.33223826348319,1.04611027078259,94.5122812468743,1.02775290122881,0.837993826046574
1.28207894439066,1.20593091596047,0.919034516427285,0.954915318163491,101.724847656858,1.19691708227158,0.93160475714474
1.09514773830202,1.20280627170812,1.37793101643361,0.804892405949266,90.0177112436343,0.861354170563263,1.08090771801221
1.16539735454154,1.18341077100848,1.34678496682443,1.08311554358453,95.1248247478627,1.13077750377738,1.10792718217746
0.935183033940071,0.862258247942196,0.854075378294378,1.14921023130662,101.662480867123,1.11684649337972,0.99007087100371
1.12128351757513,1.13073647366109,0.891232641520795,0.871188963579668,96.7893990792613,1.09232449269328,0.951035566864127
0.830909067112047,0.844435865430772,1.43261048921579,0.844279963359774,101.940085813282,1.04146098768477,1.0289915991262
1.1671959090244,1.42728045441883,1.2585366693609,0.621904205881831,91.5551961060498,1.01647634877263,0.905236228608392
1.01972262059456,1.05898372020147,0.945881470978309,0.976672991056548,94.6536116123944,1.11527780864579,0.920464616977217
1.1746384206494,0.894393821895605,0.936323544041047,0.890998729557037,93.0922481686096,1.12465448444986,1.26627508847053
0.982887690623312,0.813763666747231,1.00991296104678,1.1203302146546,95.5985704936169,0.894891335314709,0.855559578259522
1.0191031997648,0.833339471412512,1.08881526168782,0.847562329443062,91.4092786165786,1.11048721820832,0.930732043729021
1.00583971128908,1.09405561393602,0.928871859067901,0.901507209271132,92.8529077555488,0.974358781023272,0.979158825834907
1.08299719517352,0.814603770675657,1.10528530172401,0.870539757683948,96.2887894993257,0.952429498300832,0.997499321530502
0.820423390335504,1.08845641633152,0.869052383547296,1.4627522379455,95.2821561945988,1.06533961702682,0.747281255646056
0.835557899977921,0.940932563306753,0.669752345710012,1.18573571606585,89.8927870265361,0.990787118146353,0.772606848548828
0.895705309666999,1.14525233479065,0.961472160887312,1.11527133696056,99.4072083111248,1.06047326081547,0.940400459138409
0.884536338212668,1.32326246746091,0.888048816932573,0.907081590794365,96.2810922674252,0.930616704279125,1.06227892415458
1.16864049942457,1.17821396138111,0.957802611971012,1.22165053438811,91.6145445250939,0.815809610924932,0.90603431342407
0.91947545626943,1.39997429355387,0.990024827477001,0.757339637883502,94.4500452313931,0.998933927634744,0.94514552292027
1.1852498782652,0.766965115142826,0.869812476238849,1.08449592482103,97.5279598307438,0.789820727077398,1.02068538479369
0.92410154067973,0.708456493125162,0.965386069871136,1.0108205908239,95.3046718530075,1.14219333812081,1.26636826329264
0.832955283552204,1.17492623026335,0.854461162136265,0.907347043331771,93.838948427561,0.918778537179957,0.835287440321011
1.10436833335019,0.954119759497585,1.34558075328263,0.996713352864365,92.2963412782306,0.973690516998757,0.650561475285021
1.0218450223678,0.972378881668389,0.927939957330816,1.07498466442751,98.2881951915697,0.878488822447841,0.994873914330634
0.999602171180484,0.758386074150523,0.965742209030829,0.674293920871539,104.922262897268,0.973232453843079,1.17992399742973
1.00583034851048,0.897402979850354,1.05663632125448,1.06435815936023,96.9952369145075,1.1864028982105,0.66783730878848
1.10062424919198,0.770975607167704,1.50779877878017,0.980250079488904,89.4413804432687,0.932594677696764,0.97060121219667
0.921606490761257,1.45208249414101,0.867576609389867,0.953899676862209,94.4202278255271,1.10359228907994,0.852447839606504
1.21151082319379,0.794982214009655,1.01573024058043,0.700079612720511,107.302710841246,1.18173858822553,0.893601273793672
1.19027079602588,1.04158435839407,1.05894435932358,0.979016141455807,91.1674319792454,1.05334712391054,0.995544057137788
1.02560080643482,0.649764148475734,0.777591195820565,0.996414214413073,101.324031139094,1.12086448825976,0.868736439601856
0.905648820622646,1.15149980862312,1.02045289266065,0.948563308969769,103.892287581601,0.865261240743772,1.1918798334544
1.04614083623347,0.904721254814183,0.766941466546086,1.24032864612587,82.6250260326057,0.974165318314254,1.07618312923312
0.866014405806467,1.17314248647605,1.13619713766772,0.916655520531662,98.9049466909736,1.12958024161188,0.97093198988203
0.892333430964578,1.27453636999592,1.11699986034132,1.94974608933687,93.5515370217989,1.10918388407305,0.949872237488884
0.875574424672303,0.869673870523767,0.854411686096253,1.12891144527904,98.6214995623015,1.05348748025208,0.998569948125822
0.991558194390621,1.25734368765451,1.29403643399917,1.50998475537531,94.6429120936172,1.04371617199245,0.922562505627803
1.29149188595185,1.442495074076,0.661440807356957,0.633394265562994,93.9800691952099,0.974535227058793,1.326189233239
1.07898852003798,1.10241354532655,1.21138757655819,0.90690396326464,97.4888844046088,0.773302410809074,1.23176942653492
1.14321147594883,1.32239472157747,0.98096446205196,0.926454543449274,99.7332574565693,1.11412793052697,0.951394161754935
0.968863696528877,0.801799287142229,0.734403019492894,1.04040565579498,91.8554086487634,1.07057523588148,0.748760038287735
0.928781141475915,1.06093783673269,0.760374175890743,1.20377764462478,95.6155958531951,0.981029837979501,1.13000625485194
0.937838792186361,0.597148661615969,1.15910994368695,0.695190232390734,91.8069737103351,1.12546920375976,1.08149761844117
1.19875058386736,0.696147200574678,0.89318916430557,0.719231340250768,93.1883854610082,0.942665283329173,1.19091461957068
0.836484802863529,1.23998037680409,0.833982258042243,1.51356434986912,91.7708189906888,0.89758242048535,1.15679970290036
1.14756430134537,1.25659576697275,0.938493790424265,0.666780414696239,94.7184528429291,1.20175541352606,0.983154401502831
1.03253124573049,1.04183425427134,1.05488250013177,1.12295374027184,94.0589924323619,1.08410028662952,1.03593787239463
0.992844552634866,1.34295637909108,1.04415348522074,1.03376503179177,89.6827063924639,1.00321150351078,1.11090701144191
1.07634971620792,0.841682344839372,0.897062095835179,1.65528615078115,90.0586111822031,0.84356509964826,1.00295279846908
0.994474532502987,0.802431306496264,0.848462623651077,0.806473420858009,88.2134725541066,0.926844840249672,0.989382561294073
1.16636802394625,0.957414887372674,0.887677819788921,0.673604751711629,94.3349737547515,1.10376598369681,1.06880091639547
1.22785692974409,0.647788118121602,0.790281900151749,1.03029643443203,98.4559538612048,0.976970987380066,1.02326961647945
0.966340724728444,0.623118827100348,0.932625593112565,1.52072902166057,87.5901708514192,1.10398718740006,1.04279700060061
0.831313805336583,0.878960603383825,1.02363032168894,0.954181133331528,100.620776626227,1.06888731409179,1.04452936291314
1.02608337484384,1.16880463679455,0.838762885055201,0.809477371794202,97.8263667064502,1.15191436136367,1.08635116993726
1.13657875468944,1.00997978524816,0.954980006254902,1.09175397250736,98.6856755470362,0.929812973251608,1.06798713197931
0.911095090090735,0.948881149502151,0.901904994571123,1.23227720436438,96.5923990970168,1.13157030061635,1.01108929050609
1.044688621276,1.07763923884712,1.57867671648481,1.19361612716529,100.878770043652,0.907164785154044,1.17638969769231
1.07437660896706,0.95716800857866,1.2902193752174,1.46037043998834,90.489843713901,0.935496741814293,0.986852414766175
1.06190266292408,1.10013321550866,1.18889385308163,0.496347263112602,95.0736409622905,0.92197281222172,0.830550275859019
0.831017445381047,1.13550277010025,0.883636051426766,0.668121248946849,99.186261616896,0.939582754004754,1.04497683198833
1.07378333691651,0.85578458792686,0.713493284799868,1.08686150156781,97.1068465131655,1.25413340474296,1.26118367697447
1.18445955574626,1.23341578879329,0.909609268352075,1.22370815692695,102.561103120561,0.868677963023242,0.921345794222872
0.872347365084709,1.01377617378276,0.899712291733613,0.839920335565097,87.7789061005168,0.859117999216137,0.958514113591448
0.920179959820777,1.07175319920788,1.00337424698975,0.767864594307271,97.0902867884927,1.15791971161315,0.896197522498512
1.1933678489191,1.07197767510597,1.08536594181108,1.35430516168254,95.6254809130272,0.88870175045311,0.74121601753222
0.899198190513617,1.22062942394861,1.33688717214932,0.759724968886231,92.6599121856368,1.19984020536362,1.08909577143061
1.05781404894306,1.04797530833538,1.05310858814578,0.879705730466844,94.4637431983837,0.949685797538746,0.930301212424887
0.997357283611921,1.02162810597374,0.903938812372319,1.00533043515192,96.733360123651,0.859788105334763,1.01233117098927
0.955575809556187,1.42140860710334,1.07471185176739,1.09125475001626,103.933465479853,1.21225107393277,1.05909761852114
1.13008072484071,1.22662366614298,0.923297612547606,1.35852986618671,94.9418050818591,0.902741776321772,0.986549025553163
0.977897714345717,0.957752467576775,0.730998611522532,0.856487996796762,98.9328967573396,1.02786677197531,1.19850658388554
1.00599610537974,1.07428942442317,1.34261621692051,1.11746942011438,92.655918191559,0.964800033592817,0.981442220652678
0.939788844276491,0.928221389754737,0.662042179100103,1.05019870421171,91.417672640194,0.800321548630298,0.957409836533429
1.01685050387049,0.835271393681052,0.962554154047127,1.05622825382234,90.5655407623527,0.830046195325159,1.27069210772887
0.863686837356872,1.09662234504656,0.936990875277048,1.10445730723152,86.5366326188008,0.857449992724502,1.24958015112176
0.968835853554932,1.25670696393704,1.20085143698709,0.871853564638284,93.4577736228527,0.859835868969582,0.674247826278273
1.16658171844765,1.25444591957772,1.16589055065529,0.756951797823113,91.8340845264803,1.07438750213867,0.699652850141748
0.873090600748279,0.895012408675394,0.934551193417884,0.650408971356109,96.9832006906897,0.994904559115986,0.721275339558268
1.01270945828423,1.01994735096479,1.34067686395998,0.884426117670663,97.6796365089025,0.94663061046346,0.87105559294274
0.931340073639456,0.842276396164131,0.834123758774989,1.00014462982108,90.912825230832,0.967465849253557,1.28075194466809
1.11929986066198,1.33072175407837,0.933112158738568,1.29718288638795,87.1276516301011,1.127044139871,1.01475833578872
0.886417749297179,1.34201004372447,1.26047446189205,1.0547815152518,91.8975820661663,1.07015174756015,0.935220996794277
1.12868223747717,1.1510286673047,1.19645427496755,1.1546766979581,95.5996809561255,1.04674631553082,1.07459015422373
0.988164336961603,1.19669760039117,1.12432603463725,0.846573635813446,93.6665007807724,1.19296990686276,0.966240487895677
0.856636594275412,1.26506110109244,1.11378293142898,0.898400423918657,91.7019011077078,0.981240439122405,0.919796563227168
0.86284312671628,1.05941624283622,1.07257174506633,0.939399543113032,101.217902917875,0.935464739782396,1.28784842349355
0.905979361364911,0.60736325922952,1.2760153775273,0.691358796076922,97.0102415107827,1.05330205898415,1.06505773185205
1.00689498055578,0.959938104174678,0.829386101959131,0.633129342638274,90.0318398077568,1.06345401144339,1.17896685383736
0.930040097110454,1.09517511569664,1.15388743326585,1.06543925673482,93.6346957982383,0.990070433547702,1.00442178055981
1.07215125180535,1.18297535364195,1.04636607767636,1.64132940606731,92.0062784347251,0.980533845503675,1.10613955101256
0.97616158695775,0.960535598975299,0.98078644139456,0.613348527065834,100.326218174516,1.29620225988512,0.878424906520788
0.902804665615491,1.59234944292369,0.900911949887223,0.716964851280791,95.1478717419828,1.12679255041773,0.909361663774989
1.08162677306988,0.789487428694256,1.06423986198283,1.16311629785444,91.0902054635457,0.962599227181092,1.23083414989507
1.05629230012836,1.00008642996326,1.15841346008034,0.710669283427579,99.7324225339638,1.14253689854476,0.995872677900809
0.901792854756828,1.147266397163,1.04606731833272,1.3287372137272,93.0032032696763,0.974684562149083,0.834886076779666
0.899044396715005,1.27525908575833,1.10792199198274,1.08186274147329,92.8640062185439,0.879269115848158,1.33420275576076
0.824833833930763,1.04007163646842,1.01086637437468,1.44980791807955,91.7759420929834,0.945474833456404,0.847273528586314
1.07615398433283,0.863047411105092,0.920132099517605,0.932185979653315,94.9854918318879,0.957387070327589,1.06045086144997
1.0647904685997,0.75686463409089,0.856045574131973,1.20845468437406,94.0321843759596,0.873168782884512,0.826957396544199
0.987213079438688,1.12639702309437,0.996222150993001,0.972446617146855,92.4953315500943,1.08694679885984,1.34103912746953
1.17263759790369,1.05666906048391,0.817399332744083,1.07523364108481,92.4125917589054,0.955917222337243,0.923923822579062
1.11206471878184,0.878353687026709,0.900364210932337,0.954160041276924,87.4210172978021,1.03021099179782,0.895315068831403
1.04966648267721,1.04609167487371,1.00301734328942,0.77820769392021,100.787917689348,0.749284949236952,0.796542713269547
1.15584119275892,0.970305993730178,0.958290856473955,1.00421799157399,91.5176214280403,0.851312977238857,1.09444624280575
0.892513895452247,1.10253119241875,0.869277064023961,1.02410853000494,88.0591265911794,1.14143883771947,1.16232736288903
0.953660703893949,1.4573591124244,0.976769476622084,1.41242068318779,96.9882258950197,1.01580339208415,1.10852522329345
0.8323709904464,0.91988906686269,0.839813777346407,1.05908102491196,101.123330854361,1.10649593646819,0.999699750488553
0.916086074707644,0.695709660607947,1.28405392272708,1.15660038422835,96.3730602241813,1.19114497456856,0.984618446619306
1.00800590640979,1.0531236129338,1.14471112980138,0.78080335259658,94.9293389543023,0.937611166476712,0.875865130177778
1.06501295990405,1.04194541437529,1.10453213657034,1.13851070835182,92.3454403817705,1.14789999647787,1.04513756459164
0.820304687713904,1.12377277844217,0.757712151353161,1.00020665080695,100.546373980436,1.07607032794946,0.787412001626008
0.909116233006761,1.21854240174707,1.14123092221379,1.28342926264739,97.9585376439777,1.03910820419132,1.24458816871427
0.989023660000816,1.2566908702009,1.36257923522647,1.60701426947321,91.5128879280378,0.959055024352517,1.27221375837082
1.07846713171284,1.60584175673666,1.20860041124281,0.774758349827681,100.867896968128,1.03465320193085,0.994397427253039
0.966525739353753,1.02608757763966,0.801309173235656,1.37560691001494,83.0210093757786,1.2531281397663,1.10923896517027
1.00293568896775,0.986938222158528,1.03097328361492,0.84101530248005,106.154385698129,1.03153799233006,0.871686623696233
0.811846421397099,0.909159262566014,1.22791945698398,0.829044095638593,101.945622228977,0.945522689683133,0.906075086757466
0.891490140291049,0.791471427887122,1.06593864964506,1.03795699927315,97.2096648421839,0.841267386329828,0.899405032434588
1.19168642719198,1.06782769565199,1.06814089541794,0.712316458646851,99.0703289223573,0.791217410868877,1.01768568306605
1.23438082050548,0.851728520046661,0.964380744665963,1.15785849819376,100.804345687327,1.14161525934703,1.24344092928309
1.10844173740751,1.1253314773225,1.0127525185831,0.710963671462485,90.6423208103745,0.856430107319037,0.869439148336315
1.16002329161242,1.06907479040843,0.6609251564392,0.840226148362819,94.3321455272848,0.938424245651991,0.908330107585864
0.988005029265703,1.02820752809605,1.04044036773111,1.11436924219429,88.6234915164151,0.963924547741634,0.99075276243822
1.00591737385158,0.90553881961241,0.672900337456616,1.17633504312522,92.1425950223411,1.04828759799086,1.19132263404892
0.996615925569484,0.708933996611867,0.960875969939827,1.44784441177076,98.2556873452927,1.01075550213836,0.892079686646217
1.0660398180359,0.883579757991055,0.906538897711107,1.22676093840691,93.1232785503708,0.953729227471713,0.924334499554584
0.930367664029347,0.967840167785067,1.02066446629758,1.12011181148568,91.3229919720387,0.820231807301023,1.23211214073249
0.909137671870856,0.65030108941786,0.811892506526991,0.901516093355341,96.3487697729408,0.939072544624345,1.20922900449736
0.960544456059882,1.07750194511106,1.34957317708533,0.627308239913436,98.9675092810501,1.00123058734557,1.16584228959215
1.14366583386324,1.18179540936034,1.13095277663292,1.02664130562672,78.4679981507345,0.93819268787389,1.19857571635997
0.867334275193297,1.33667048700843,0.90130676169097,1.12457913189792,91.7277313280413,1.26663084632836,0.8468946902474
1.03898889126264,1.11491708897517,0.765515131854883,0.95786896140057,87.1914817067462,0.992962928107372,0.936403207776008
1.11670559938223,0.836836129496903,0.805910773237562,1.29410577909394,98.7011005232275,0.805336522049978,0.881428262229124
0.82376837347841,1.56474689352386,1.2697404615061,1.01911079718008,90.3354489440304,1.04273205228116,0.91447719667325
1.03802768500118,1.336509361898,1.02103376040268,0.735761925991587,99.233969659609,0.942258945888524,1.16315858212569
0.985611594500539,0.851240143727891,0.985273385197584,0.65366326149213,92.5466639199256,1.07602466111594,1.09166221012449
1.29597519726473,1.22720466631365,0.667544974853711,1.1044907091159,88.4764449854032,0.95123789057705,1.05908334586384
0.917520845856618,0.811728265614809,1.08917019163475,1.29676682941729,106.392774654924,1.02004406226433,0.875790610800903
1.08869324564881,1.10630766087183,1.13235797313611,2.16389380337169,86.6971416463251,1.16713795521557,1.11064806743807
1.29103455527027,1.22084457938562,1.30304784994553,0.624844030713821,93.6518231235276,1.28520966651601,1.1470067642201
1.15133382239404,1.35138927297002,1.09496617154035,1.71005362692324,84.7891894483078,0.96799804633881,0.913935921661287
1.01812302562357,1.08826931762312,0.813064784041582,0.825403233221027,94.838064933716,0.963565558496984,1.22605879432185
0.999262119369368,1.39392090679009,0.761020344299943,0.770890608861675,95.0193352108951,0.993040787051859,0.864913768523002
1.06562690189469,0.962474989954981,0.828614523245205,1.64371424332986,93.6849618922198,1.10366085397882,0.815235467738434
1.23306136453696,1.33761199118632,0.869524819669684,0.877178697488897,89.2774157391594,1.33867487737527,1.09238368556483
1.03576340583543,0.86408637233188,0.693488257774034,1.08340826919382,93.8641273274811,0.851634833601795,1.13438416396802
0.914462946429044,0.919534137710787,0.921285091355036,0.709377713511153,97.4020519446039,0.877339127464499,0.804349885634054
1.24839788356582,0.780913883316834,0.940215099662801,1.05007749439588,101.381120401532,0.996427841276092,0.931429090599881
1.12610071444533,1.29533217866803,1.48286918066461,1.68731691112797,96.0209951801187,0.85666951652211,1.23992603192752
1.07545567084567,1.26499668928796,1.143027351074,0.814301076128487,96.1005294291852,0.934145617533969,1.13416432452316
0.829881064136911,1.4179102176087,1.21627869900994,1.21603828727693,90.2192212872691,0.899686530192966,1.06001784726275
1.08897633715986,1.23485466585576,1.13920139762636,0.722447311558577,91.691425746039,1.04452045394873,0.898795406499813
0.954064702745382,0.762785332120835,0.772319768197519,1.16348368579842,85.3398883382476,1.20257010673362,0.809346228529429
1.06264098294123,0.906942531207954,1.28782562922836,0.836873130930331,91.2355100076726,1.02392977826315,0.882353037095996
0.886162913097933,0.787209141114833,0.810319083172633,0.779575979062827,89.7421336040433,1.03553582833843,0.856017370982608
1.03507403902293,0.897332567990962,1.05348726914152,0.895378025562012,95.5077903751217,0.863085099532423,0.907047739690577
1.22960470408468,0.850593239373402,0.913171484938958,0.673748510648727,95.8278871783986,1.07774260083173,0.921866777544375
1.31125636541247,0.992405915354868,1.34119853047168,1.58272670542882,106.175052137904,0.971092234408579,1.06617365209623
0.921602372313192,0.774455741176546,0.817194178668661,0.926034075282965,87.1165705904467,0.92321020025362,0.965154128435888
1.19851523884964,0.896036815410764,0.858685627515422,0.932449625169652,98.7976381332393,0.958530786627195,1.07464134178224
1.05124438073956,0.82630165009463,1.3688290798815,0.954834441271202,98.6172786324953,0.916740870444611,0.865080828035956
1.01897798604927,0.799051481250369,0.47207769587009,0.948893431792103,95.8238915488296,1.07637704370776,0.976802402683252
1.04580544003646,1.87440690045723,1.2042058026041,1.38350945602449,89.1670710377815,0.884222161768954,0.736806749523348
1.17922142598276,1.10100055069933,1.27495722362939,1.99644090238583,91.9283814316786,0.958878762386875,0.98509525454181
0.953629830064554,1.16232094940162,1.08679591212545,0.970130251625819,87.0882334866491,0.831044808533337,0.890152850342425
0.896456025618474,0.99194010476713,1.27352536441245,1.40155087030189,93.4157193861905,1.19694419339171,1.2095332653057
1.05939668793192,0.923232849808478,1.15259788585188,1.02458053455158,96.5089527467939,0.999006008992179,1.10658442220111
1.20389303339271,1.12932050698065,1.09646580348561,0.712223205523519,88.72079605991,1.00709642165995,0.993047035602472
1.16389231097157,0.883855669224964,0.787061853510884,1.12901890186544,90.2811271847086,1.05272642712323,0.828001938191854
1.09150975775252,0.919721139951709,1.06901691677898,1.01269612633768,97.7928940024542,0.979020995269164,1.01294128733099
0.963861629921786,0.954265428471919,1.49208860857606,1.10456083438441,99.7314270351893,0.848679085199871,1.16221915002356
1.10655541008503,0.71812371901929,1.39826783751095,1.18764622599291,94.3018253967635,1.10165703962673,0.882469651886456
0.897774328897732,0.880439840185319,0.959560488426948,0.9598947030834,98.7363590560948,0.904158734124666,1.0330700153673
1.01956521989245,0.928235561399719,0.8277675850159,1.17250320926625,92.9666644014345,0.922856408386691,1.26289914328149
0.862627148533104,1.08688891383355,0.959579616293216,1.23343487642484,90.2123325910995,1.08051168151064,1.09352016201021
0.927940103622183,0.58301807102351,1.08809676991204,0.996876077618822,93.5661707237701,0.908004887163367,1.10326141000856
0.945786371103645,0.897236389413269,1.14709507370262,1.08513626799728,95.6983358616262,0.915184699420625,1.13665787019957
0.959654215599591,1.36101458815737,0.964300926674248,0.808132945263379,102.001081033722,0.985070240083946,1.17984184562811
1.06458535570818,0.744047367506806,0.659635173864097,1.73220104492426,87.6884671736504,0.973875608977048,0.978062047117972
0.957478328403675,0.95763416779341,0.957793709866114,1.22513752421005,95.1105293672367,1.05911865985367,1.04021635200726
0.979165326812929,1.62304293962136,0.974151314449129,0.548508682761825,92.8804907650357,1.07453370295929,1.09294717202843
0.903124149740879,0.854382058843871,1.61353251410009,0.935294351923771,95.163116418475,1.08145558968761,1.17010997226834
0.957106421477041,0.88079795533065,1.0668946468296,1.05280324262744,91.726055988479,1.14621055526645,1.16633347027378
0.97574531424591,0.986196578504155,0.90254896495737,0.695240451693637,90.1581494570582,0.929539840304817,0.850371301365243
0.840575827649612,0.858666179678192,1.02751820902508,0.554622782699426,96.3994820261783,0.915380603100653,0.9495919656718
1.02352172420494,1.04549105409265,0.803623610302289,0.925842835314025,96.582848229855,0.974981965172627,0.872656242094342
1.07534244800949,1.11570698805414,1.62517875905542,0.953648017473547,94.2712481894996,0.945571003001096,0.904060940384389
1.06067665123604,0.804175409242655,0.83485356240651,0.960877786422266,92.0236803242777,0.928712958698418,0.831845142612618
0.986579619515788,1.07025760161101,0.983858438595142,0.885255855301139,92.7563775618301,0.745415482477804,1.14180085379937
0.954591950471849,1.00264142406812,0.879826406722033,0.709815413898559,94.6075276565038,0.93299208656771,0.718277772906846
1.27909797562335,0.8416170978361,1.15938144319906,1.18463948658235,98.850299801718,0.859799276968539,1.15973815626085
1.01057827612171,1.01073305819104,1.1326562856695,1.00595031346248,98.7067250448167,0.834551650856884,1.03549621963497
0.987144911139628,0.988335885905772,1.1092827031561,0.797615248511219,93.8772156038665,1.0042488869669,0.843782892537143
0.778420085675936,0.785989623945481,0.944393178531361,0.843531521330944,93.6935032898899,1.12922199137902,0.816581745535074
0.970622132647441,0.949205748142473,0.910854691263797,1.1013732063725,102.185835189176,1.12318828156777,1.15172737506391
0.974682448817963,0.900002835897485,0.758264385044599,0.910666285797348,94.2607990904078,0.891161992838826,1.0678410391667
0.962287785144559,1.28652329867665,1.04917063932012,0.648240663455898,96.3064593679962,0.936695060970108,1.21705008428804
1.02116768105548,0.813938006820815,0.933277433467119,0.70176910073771,90.7589983489825,1.00452091643733,1.11180621342556
1.01218314392367,0.958336494785228,1.33498526262518,1.40750148311022,96.957587783574,1.09774690082428,1.1699775300462
1.03569343947677,0.983857526656001,1.61940120605608,1.31631807776617,95.4374877820781,1.05976561685812,1.0504642133422
1.10880221965197,1.12141329867196,0.93638119139326,1.13197701031936,98.1252429758028,1.31191805743309,1.47096806957321
1.16435198453696,1.04945989707361,0.975424198700411,1.08960246303326,97.8164698529871,1.00348832689581,1.1714673338063
1.10769241205771,1.25948732295145,0.668402617299997,1.1808196988662,90.5856373807891,1.03258753729717,1.31470174412176
1.18806196663885,1.22700912172779,1.14623706104198,0.989586066564717,99.0151718911903,0.813780384694283,0.986513616447555
0.773303396569702,1.15644774881845,1.21916875317224,1.17867917530018,102.708504008875,1.03801054569149,1.12811002014854
0.901439437390706,0.958641385865047,0.8434567314764,0.634440780669664,92.6267764786986,0.89757286709664,0.759545671440767
0.744752084498281,1.01277371847934,0.97317439600963,1.14884949602577,85.2483242096249,0.976551353993188,0.963317255044652
1.02416044687753,1.25211626104575,1.44827980724379,1.17981149184815,81.2679521760202,1.06092079331392,0.907160199394159
1.31381463236378,1.49787186470147,1.21423135304179,1.00021953231399,92.7343369056386,0.893643649047302,0.905400846387648
0.893866114351567,1.53077398989456,0.861794169627341,0.876265566012444,95.4795117331246,0.766342818166697,0.879092451556568
1.1465179038493,0.979222344105007,1.03821557591784,0.944885043921737,91.7710991894917,0.714738055745537,1.26343969858238
0.900302270457193,0.825145015820978,0.85720289572909,1.15113916699352,101.499065033682,0.835941591590391,0.80483846416878
1.16948093752736,0.993705861756245,0.837850822673984,1.24337612986086,91.6059209921481,0.775398632027482,0.923868786391785
0.965463205170697,1.19262189502365,1.33928566991949,1.29516809907768,92.5854068808412,0.760022916070178,0.797941290626424
0.915079929353434,0.995120522157504,1.06124135738456,0.849852134187406,94.7104092676276,0.945764963111292,1.03288096775105
0.994070310298302,0.987389529191529,1.22645350765995,1.13595684593457,94.995307708798,0.973045899430511,0.849540073846967
0.912095330696812,1.28097805532227,0.75425025591363,1.03851820969636,89.3327431670123,1.32069001613412,0.942129430959495
0.908715124840597,0.956409974045935,1.2688446390393,1.80442711669951,93.4612010127596,0.955087000679123,0.996639822594059
0.884392619666348,1.3637806116871,0.956930035699621,1.04725399489601,89.1324307615044,0.952081534396366,1.13803913865382
1.12314702300153,0.969731324888769,0.90501675772753,1.01386908834112,99.6861534457626,1.01000040158745,0.771380897698995
1.01592546249156,0.876945948638623,1.03188307255134,1.11111621198571,97.2807532206217,1.12208616067122,0.877061655838193
0.967681123509409,0.97466371504702,0.734666230620215,1.21712346423388,94.4087871943208,1.0455733763412,0.872937229214736
1.05309772160765,1.17825575812078,1.2323451153782,1.31420921322699,99.5032649523856,0.942770608399742,1.48052638037867
1.07352578724462,0.684889886574949,1.06747262400965,0.785404026853857,97.6384588141106,1.04665441551404,0.968804029171077
0.842163522717192,0.741835791285926,0.741953000153425,0.552610399578201,91.6761204120722,1.10452877049298,1.01894794384268
0.954915442396468,1.49092157480116,0.885097265561826,1.22968172120456,100.871590985978,1.1123618621945,0.883068184520345
0.866719863536616,0.817144377610338,0.841360753944779,1.02542961952401,100.260449372165,1.03039190320164,0.997503696196525
0.938854183855928,1.05562315475477,0.60984614859287,1.09871398660619,90.0532206371623,1.19365436678674,0.883390026344463
1.10764482423036,1.05082261770552,1.04895632929405,0.982514637475595,92.3498364773153,1.19517639648942,0.707785311204409
0.848044121709045,0.990167729313023,1.11879083594752,0.732027276151596,89.5047862906177,1.03528259736619,0.997319298912076
1.00587794506904,1.08282339846757,0.736725608880227,1.16513043462613,90.9031573027385,0.982341903473689,0.934968632478866
1.06115282009625,0.720927754962166,0.866648069090827,1.12271988068804,100.67000265668,1.0489943051578,0.842852810837494
0.816778240974096,1.05808935444714,1.0296334926632,0.847780210283983,94.6303526247677,1.19181714272625,1.09704119782228
1.01580104822355,0.902459357346149,1.64837196147943,0.82685405570367,101.428572790213,0.802545611385262,1.31541848309055
0.859593391000902,1.07752119109827,0.894375584664801,1.3236122650848,98.4831801283695,1.26474713426094,0.956484896998403
1.16930273135844,0.88586847508284,0.932502096561352,0.651035575894427,97.0714979205534,0.878946132394565,1.03049667501169
0.997139280356364,1.0681160276926,1.15122423908848,1.18105021120041,97.8993686478911,0.989667677718434,1.11313151803542
1.17536894774975,0.889770957270502,0.764134013566305,0.744344726251945,86.5161425034105,1.2013013330504,1.22550345851515
1.01604676236512,0.813995304926513,0.762132669697149,1.08165300474653,92.438389162067,0.957329269554012,0.988661959583329
0.840735767377303,0.842630014875679,1.11095738898958,1.19953099028695,97.8577846194991,0.989683731993489,1.0353389341368
1.0256772888936,0.839285052099518,1.12097194364807,1.1403521989515,88.0926648185805,0.708325375863258,0.703859217879799
1.12715873437671,1.39045256176225,1.06514554466159,0.906369416726813,88.1442020894595,0.948409396766894,1.01149605140846
1.16999596814582,0.862590144860469,1.20004559616689,1.26656643537328,100.522495367199,0.912904203665994,0.915778704262626
0.869366934827213,1.33108234442223,1.18953101657745,0.915935018770287,99.1357288220237,0.96291639503978,0.953964477298066
0.882604010047511,1.36251190053598,0.800203252514846,0.805228514534755,90.7055858482588,0.945480353446676,0.957152396120094
1.02549154301139,1.0383610037798,0.933745133273478,1.12645748025505,97.405921375374,1.34331837875318,0.779755708297247
0.972615083768831,0.738370479440756,0.752330268406593,0.871377692272303,100.422184837238,1.2199249639502,1.05108107253283
1.22920782829365,0.946128866875238,0.836703458086404,0.616594385961784,91.5236735532377,0.863297694442471,0.988848856974522
1.22142465801188,1.38464450536693,1.15577374935983,0.743099739245079,82.5634138455064,1.05109676045965,1.02099178745442
0.943985650948741,0.876915904946092,1.28606902072549,1.00778277936899,104.888140788788,0.810431328898935,0.756282727211264
0.932247519688353,0.812155452675924,1.13575888188916,1.21741457286512,92.2024389536704,0.805382781965008,0.794000780336384
1.0839372242165,1.04600407180618,1.08352519515901,1.00766183113638,90.0166491762504,0.754173445609523,1.02542394162959
0.898072642137349,1.25872985159819,0.852129846830613,1.13387988608059,94.8287113026496,1.14220057104678,1.2237475050074
1.19593242444286,1.16077712321018,0.821592830507057,0.748998393318912,99.4939987285431,1.24150952558351,0.812214496882439
0.966635624581572,0.638753739374296,1.24085391006334,0.90925693223953,85.7580093925237,0.900428573374285,0.942643327972883
1.09201007491331,1.03255864588665,1.03957387818278,0.859171417714893,92.4733651692391,0.875419049113283,1.11960194325461
0.817682839045558,0.883932941494412,1.10411728430604,0.956648549445428,93.1973021036181,0.871334284142039,0.861506017814264
1.0268660519591,0.837219602080561,1.07889616769396,0.876428758537131,98.2490865321305,1.00389872294346,1.1917626811138
0.983835962973826,1.2659851128786,1.16120895237795,1.22190771778768,97.0637298965545,1.02141104512363,1.01139924219001
1.01890416294749,0.843860844300077,1.34022650988056,0.768511873374713,95.9153476836168,0.870047284372771,0.941246059439954
0.918019058980472,0.824709027170218,0.718539204606839,1.20249021214041,103.61799687158,1.1081136917098,0.890301746130246
1.14493636109712,1.07288581184238,1.16417372495997,0.935769183531567,103.900796498015,0.966857716286181,0.855247854562345
1.13900730071335,1.06994256756541,1.48611557606261,1.15710986473896,99.9486671829865,1.1548590433432,0.876652407390069
0.896704257545704,1.11260952999851,0.903200731171915,1.03803371646064,88.6533258912256,1.06584832487343,1.13586431561132
0.911624945962748,0.854990861029305,1.0232080682135,1.22804273582912,95.7605456422127,0.961807280116597,1.08723784280156
0.870691760736196,0.973166833545742,0.899747585181497,0.821831079922301,100.334051201646,1.07047308744147,1.08168540814305
1.03671753556921,0.942041399209719,1.09781348239183,1.70797474065494,100.506255377049,1.18076092291137,1.03419169833448
1.02633357335099,0.825111969063386,0.586707173498411,0.894824518176872,90.2013601147185,0.958426482227511,0.831640142363629
1.02028255156502,0.994061833619821,1.03306703154966,0.753570292814848,100.914935116972,0.958986744910839,1.02029424516974
0.931024542829115,1.59951503075419,0.753262355195022,0.929569445896108,93.1620676180989,1.12064304888344,0.98534898249136
0.954552733045174,0.601728813419492,1.19447048585855,1.37681047827103,91.852125805605,0.823661421062631,1.15100327375474
1.01408600696242,0.864959444557126,0.87442682468374,1.0472346857715,93.5233170763231,0.896415064094286,0.91410898445331
0.999322612527024,0.734892162616065,0.829906513612103,1.01317734113053,99.6921886920635,0.97685112767682,1.08142737609492
1.14376228592563,0.800536584824645,0.998684499219908,0.594929577913974,94.4507587333642,1.11249520958282,1.19998974440019
0.861400695618391,1.32070795570675,1.28438305343934,0.610160827367334,95.416858390114,1.29043938162041,0.969411452470275
1.09153426655351,0.996351541840942,0.957665396108438,1.11695369515272,95.9031436849534,1.25705619429664,0.877711975979185
0.967446651636396,0.972305991868895,0.68966935760377,1.38451167032456,91.5905768886195,1.01612260151765,1.01235077443084
0.975358515158429,1.22149553449517,1.37633576428902,0.749418465339598,94.4112305659449,0.795708763794101,0.949316569205205
1.10843323890075,0.785544304667797,1.00025846604789,1.14903043843652,97.7803376561283,1.03870400386542,1.06146971429536
1.01904031866976,0.989591211809235,1.1828035901103,0.824014991640373,97.6321588469122,1.16492748809832,1.20655928506438
1.16102758612171,0.957182893699643,0.75001079754033,1.10141635864361,95.3172925835555,0.896598426313789,0.996277505995784
0.820980160052493,1.07760178422252,1.06653492572702,0.866292261770345,99.912496845158,0.942005203052643,0.984412128007355
0.848871515367416,0.923934118912992,0.766105634174811,1.2929424206646,87.5770668299965,0.815108619755329,1.08938328853346
1.07016629033325,1.21635041757794,0.795448758880674,0.709777104367293,93.5285716885872,1.03261327725505,0.776736457853696
1.04874892030665,0.782502054206166,1.09846719242647,0.975995981700592,95.0045881975015,1.14029271554372,0.866028240124489
0.893219198031868,0.678680013551164,1.08836578711016,1.07427891511258,89.8995011893869,1.06699103832675,1.11732802273034
0.892597615013844,0.93512871407389,1.16860229031724,0.910966110116638,95.2937760722297,1.16234385287196,1.07734537463435
0.835529849097304,0.891055195742677,0.822177507893143,1.04636447436704,92.4297322465592,0.830679410238266,0.925566571722243
1.17558452789781,1.004489076536,0.94621940571918,0.772870161053203,95.2729158087599,1.04827473990751,1.0818632061359
0.903806371266807,1.08913126278075,0.965530132052169,1.07010219455473,96.7415538363203,1.25637108504174,1.09147791557191
0.946096906841527,1.27546082523765,0.8124904372941,0.780840627503969,106.520558171301,0.889238600558598,1.21105912353991
0.920280999073061,1.00828540548124,0.964744954510879,1.22992417091016,96.8006839193035,1.36004738860979,0.884348684144105
0.941028898977235,1.00042080424297,1.06012165570817,0.633065423927189,94.2716825098515,0.935638354198986,1.38049437270708
0.86162843589682,0.727431176091286,0.86464699903071,0.94310996855722,99.6200525534053,1.16090621746813,1.03316570383376
1.01033330281433,0.806708414261861,1.2041416940962,0.811482063054578,100.963682292045,1.29833718956999,1.03507097821978
0.824979723250625,1.04871394439804,0.797738386545677,1.25890900822129,85.9167567310258,1.16935738731031,1.03907085179479
1.0487885820726,0.936424815769157,1.1706504332904,0.70529557839682,89.5313207036602,1.03304882814212,0.8789374383057
0.891810009853386,1.69991961762671,0.642320458571067,1.38975629070968,97.1170654000046,0.881659369359109,1.20476686095989
1.01100900143027,0.747404850845079,1.06538077463713,1.38043055890946,95.8470241739429,1.01276207382327,0.902168830348566
1.16802432442595,0.679302258310366,1.32886864961366,0.944654838672924,98.4881535687766,0.929266259173559,0.945613150095556
1.07037599375222,0.979122247034601,0.870050378944611,1.0406897928304,97.6529761909557,1.08324605633883,1.15986743922019
1.00846716002338,0.876113108931765,1.35396446256539,0.708171732642844,97.1409790231034,1.11581730888129,1.0723191272091
0.940252014874231,0.765765391274835,0.965073286348329,0.863512669702625,87.8883011138474,1.24642995958396,1.21498169923846
0.96153139992222,1.20583370317315,1.19064881832599,1.28709133256453,96.672302134335,0.798124089496282,1.00689050566825
1.02475243233837,0.668764177606256,1.11793612514771,1.29309182086207,93.230187694521,1.1178343092228,0.943492929455411
1.17048385601429,1.04331934616512,0.888603396066793,1.10421621664399,98.2806761893456,1.19441358321567,1.21970869005328
1.05180520970843,0.794050193386623,0.919343035627379,0.793783808107976,106.02093617528,1.27060181879243,0.767412964104994
1.05198185288101,0.779111500124184,0.840602712920246,0.869928417619843,99.0614019431856,0.858085357275874,1.06445178349413
1.08344909051762,0.919751031742429,0.81552405551605,0.698560764122199,95.4201496387296,0.807792945029494,0.85523076507464
0.989593991317648,1.12859217699535,0.787841827278637,1.14789688313836,94.3891040174637,0.796353086466409,1.19318418803329
0.83739056351083,0.973724511578707,0.781065712171385,1.00289767180963,93.4442543713032,1.06110638196626,0.897881837309749
1.01090535130118,1.18114587601085,0.952979398340916,1.27640383841561,92.3324724614669,1.06269073534792,1.01416864317842
1.38027355610586,0.76196665525363,1.09694564483011,0.861229414070772,97.6763049224255,1.18621068834929,1.09540233767882
0.870206346137824,1.11763040412161,0.817143158364141,0.793630497393919,100.909861293308,0.964082857469899,0.987511802132709
1.0977183378763,0.841621347376801,0.806467476863854,0.916013057117449,97.6685330362966,0.941987638254502,1.16409314175193
0.93499595937006,1.18045243149823,1.12088455225805,0.618563695909876,83.9794438475507,1.01532868803936,1.12130703951801
1.0119458187279,1.06126009997159,0.758243557801367,0.868327435717257,94.8107230265543,1.08815636506036,1.09927618246544
0.872607318869851,1.577706058902,0.770765151691312,1.35961850388728,102.077144980748,1.09904915573342,1.41237715815093
0.97386423068231,0.942788220615374,0.907852493761195,1.32795079231251,94.5933000330153,1.19447621466949,0.983750200443341
1.01332084176513,0.808487320378301,1.19956552038691,1.0247177675979,95.4984242925021,0.980010470217084,0.927121865496425
1.13612670694658,0.677313270912787,1.12669988941123,0.961246084077309,98.5440978811009,1.02836400666886,0.842156039656943
1.1118170304397,1.20418776650141,0.95300967947287,0.760176351394725,95.6049405737065,1.07211449414839,0.857808788432131
1.14657050106712,1.00720357206171,1.08488190421596,1.40452479058787,94.0063237058934,0.995683286242973,0.827498610771646
0.949461921743152,1.13644542754013,1.01590464069487,0.752302873825614,102.759946930538,0.980729594637302,1.02453750263084
0.928197373521157,0.861708733094648,1.07608807425212,1.30093735499373,89.1810989402945,0.888734157117025,0.757792415548809
0.964160163265036,0.929719977306574,1.04610706282827,0.992652931152505,107.831774863444,0.763282075567959,0.758523528224008
1.2663912808254,0.790216694409014,1.02125210597072,0.83218836410871,92.7717482985633,0.837003889529621,0.915773346024621
1.23676099453465,1.24407332116663,0.930348933795611,1.38693960373413,90.6298194323658,0.93247572180911,1.22210694992891
1.0104943442946,1.03756225911426,0.840073078062436,0.641009013514667,103.324903332028,1.02641667078555,1.01280103923606
1.16438401854218,1.36405133687951,0.975057917765376,1.05668287659358,91.7007525537608,0.958818283494523,0.925649232108564
1.00371588229285,0.851811428194526,1.27545189494096,1.02792245041337,96.8704594152254,1.0551255711435,1.12811382594472
1.0334999483331,1.08464835422241,1.02430319447012,0.669669965022093,107.163058465346,0.857529859097626,0.781588021202227
0.811030004142985,1.07301358882794,1.2058360637805,0.940526507131544,102.624954621425,0.943303448209274,1.19067831796271
1.1560017401314,0.917281817597912,1.28277926447599,1.22876320604506,101.789089541659,0.999594148108288,1.08717389560048
0.856643439180131,1.27663792392017,0.878579293624299,1.12170295916419,90.420589628261,0.9585799280409,0.887271163773304
1.12886537967092,1.35953030327081,1.02219549033673,0.729758989789884,98.9487494047421,0.930588610004303,1.09880676644459
1.06353059027259,1.26927351214816,1.10880070374735,0.878733972770104,86.7907591932086,0.854932689600482,1.09675773937304
1.03292918222388,1.1302085119113,1.43640579187353,0.874606194444575,92.9495754779801,1.16916487967446,0.946587684224429
0.913337462943767,0.795582720718566,1.22638155724955,0.607630813988535,97.4817768969329,1.10718576363004,1.25634340369238
0.951225946059945,0.895813251441107,1.06508640239439,0.759258598908324,92.6688807291655,0.841306433215427,0.89219808904173
0.930534389197971,1.31106440347656,0.777087855579862,1.56964511531459,95.2606918478344,0.825403726720672,0.830959633503092
0.956205889893194,0.693279888768846,1.14685546156216,0.892984794879056,95.0214082104752,1.19772648754936,0.854058264949617
0.881613333494659,1.1500413409355,0.847773825390612,0.773667524663964,98.6926833889592,1.03310625123852,0.854361159660889
1.12005337096871,1.11075040307046,1.30018889152731,0.507733656198361,102.518925596141,0.973269885345405,0.853806395170192
1.02029160474275,1.07258522791693,1.43749439693095,1.12780781862936,86.1230072757445,1.15041203288826,1.05634692876114
0.900926690958989,1.52276807859218,0.934393404795707,1.31600436723947,96.6804861742914,1.25207493996623,0.693294441734425
0.971857223905897,0.916786916677928,1.08276772767483,0.756367285884815,105.247857211247,1.1429925627147,0.972656589046048
0.96561989957541,0.945634473100272,0.971492200001621,0.77184168934323,94.5567552278359,0.994396788794869,1.00955850805288
1.05954498927091,0.814516307550821,0.982708976078464,0.824429998401677,88.6429188118912,0.987098440648672,1.31837580377521
1.00346385749307,0.94849871391065,0.881234229442073,0.678898682485496,95.762503335072,0.849048833289179,1.33190057700634
1.23836454823305,0.933010737549808,1.08300224738694,0.741485239911817,93.4870273765667,1.27042225815557,1.05669470100641
0.998780833078269,0.805669925080091,1.28889059574756,0.950970436210684,90.2808161860819,1.04986106744425,1.12024204903877
1.21658181995872,1.24055575215383,1.61894283290457,0.838951728930611,99.5623312891803,0.840274029575915,1.1832665195623
1.1209984303775,1.78312253941768,0.692656533129693,1.01360934557845,95.3554479005953,1.19230192636108,1.10028888977169
0.897732270747065,0.709271380834196,1.17592644892163,0.804847442903649,102.998533179744,1.08772995807964,1.17471196836589
1.1510152579762,0.928505950592013,1.18209483583761,1.49396551421059,104.633060686836,1.09898239339753,0.776425329018173
0.862171092263954,1.18604219993272,0.862615025021045,1.14671871071734,98.821148163326,1.05388479132045,0.963812791406348
1.14427505787315,0.849926025349445,0.658814077528302,1.06113526019598,86.0939853093786,1.2193114764348,1.05885582664605
0.948050442513114,0.838381557910296,0.899596865078446,0.812235117244493,94.0958731621118,0.93546997294372,0.93298350859602
1.15587605897227,0.770121995915673,1.11983331279589,0.908719286038082,93.4589245500831,1.17836325039051,0.915390100347945
1.18928714420207,1.04437991983205,0.88840552311968,0.917493139894981,99.8017341295081,1.15747630433555,1.05030368681815
1.06621755689534,0.837737114568745,1.20600408018854,1.20497213558647,88.252400349121,0.923940400257485,1.4933386363714
1.07411747217994,1.31139200965376,0.701517670037398,0.945347270891612,92.836441575952,0.91219324496107,0.790160562979329
0.901513256551415,0.946715259668522,0.942373772657953,1.60606622968311,95.3274947382234,1.09284815048959,1.12405773962264
0.88345684117243,1.00059446103029,1.07726828858294,1.24046374165898,91.0219514618896,0.906815024888645,1.07272151716536
0.989864207721535,0.971416516742551,0.899390930719217,0.88947813692384,92.2830877692047,1.13823431172847,1.28873741276432
0.931839100906716,0.992684801474465,1.38012557458745,1.04195380668241,96.1082249507259,0.863623334763625,1.27601326184559
1.05038371913903,1.17805110236693,0.750665528103333,0.757095604879763,88.6886599375913,0.764325052710586,1.15997456236328
0.898617823814181,1.19907243053682,1.2113623419746,0.882507865113205,88.8095116405227,0.986150610350358,1.00284269424521
1.20956737986161,1.12274949993102,0.913672100944468,0.909192639424605,92.312712937045,0.906273570073903,0.800256037649336
1.09493023869667,1.03015663301981,1.03697387451249,0.925109640367019,99.4091680092173,1.09622511678641,1.01723946030295
1.13832217962621,1.21088830689419,0.914769346170461,1.34899759889079,95.9174340062031,1.03522813965843,1.17412056361622
0.875965104071193,1.10746028707377,0.722640488982154,0.730474717624578,93.2852019418963,0.825900071731297,1.27611994015826
1.1116378249519,1.32827110962006,1.52329265393285,0.977656668664525,96.0866590352948,0.890340410381589,1.17084111226133
1.19209305882395,0.686791613070384,0.915877598243494,1.14306529452539,91.0518529467703,0.964790034687727,0.883010772858276
0.997321388660657,0.747605695873518,1.03727115480959,1.24354709437593,99.5142909435705,0.854530591411658,1.0531553973996
1.06565339114619,0.761726914871973,1.54492960727898,0.916674484775068,86.342381251452,1.11635242766748,0.972730056922047
1.15353421881097,1.07432839720857,0.877787041174369,1.29188680229008,97.2781640730504,0.961908227631367,0.737960021546066
0.908825210385651,0.932953552186984,1.12955513597535,1.03735287290668,99.5176771160273,0.786658869404735,0.933894127973796
1.00174000101406,0.912771666035125,1.22124851911361,0.941866153950233,97.9235658456004,0.990316330460711,0.853921396733029
0.947086569273984,1.22018025071146,1.125948240053,0.833000754148496,89.8448026390586,0.892812617800382,1.08257040635735
0.854981561709718,1.3819546172178,1.00239921353336,0.967383978457012,92.8877552099314,0.916527611507123,0.848224415496633
0.974127893919942,1.21365085537807,1.23330946005967,1.44254476184429,97.1775479893943,0.932499688567125,0.900382836819775
0.855884340826901,0.915208492612237,0.604976554551727,1.06248359418287,80.6603344637986,1.19196190501007,1.29876397539137
0.838386857838939,1.06163403210137,1.27525593928058,1.48139994871368,101.757092380914,1.14327169081733,0.934139881291584
0.910888701204139,0.877184357867424,1.124571321609,0.998475865985751,99.434428531049,1.07680664180652,0.714516107529458
1.08098958159448,0.782660179444275,0.765250920361975,0.612569600096609,99.925254579649,0.9701707739596,0.946713270609327
1.02519638551944,0.708418607314395,0.881206919530891,0.820350854459238,82.8959569734149,0.934578410213226,0.811364693047064
1.09656027219741,0.896809575129727,0.848499801524797,0.837119339719449,98.6296987795902,1.0101281283936,0.819170704142202
0.972679074108777,0.936229207918302,0.824476174480291,1.11543600988875,96.8752231025994,1.04964508151022,0.940084625071884
0.884961501010964,1.34223843063944,1.13633648399528,1.39062190950662,102.783188544284,1.25027150785309,1.02846660242265
1.0035602750389,0.86615613858177,0.947023166723559,0.852507079669519,85.7565861509786,0.962052071069618,0.899800461034862
0.983378405533107,1.15300267455492,0.885675787900122,0.998145535648685,88.3502067110128,0.915684425486192,0.972312996842962
0.803559887796601,1.01016633845645,0.917307974242183,0.936373631485732,93.1016675479329,1.11313265501449,1.14998991849403
1.00730133926305,0.852731313879467,1.30968345316749,0.940084425890036,90.1261513176682,1.20106312538333,0.989531351839893
1.05073924417047,0.991925000856829,1.08443067301472,0.781210403715515,96.5650043880652,1.10910620961422,1.22565210340747
1.0482475078435,0.933211273947249,0.937121080229096,0.64326156540894,100.28513246063,1.03155953250939,0.999364804830983
0.894064536023607,1.07944484618244,0.713571196424462,0.81103676717606,91.8156169877064,1.23378112146749,0.965147486721454
0.840307761729678,0.954078267228471,1.18291643133414,0.769925286135513,103.861897457031,1.00344035105767,1.21285538937246
1.06876757075709,0.797218858839453,1.0801992659599,0.944954218530033,88.8303068896909,1.05796315962486,0.820808369059506
0.990138796720588,0.813290250110151,0.964932703259393,0.663129528384334,94.2981717776388,1.10757043524105,0.869771174939015
0.851584354083587,1.02432634900695,0.860554245642679,1.09092110098551,98.4065681593017,1.07462260564812,1.08143514532635
1.27484767320318,1.09562143691323,0.72281533034681,0.88581233428508,86.7594927324672,0.925510386489983,0.996077170496464
0.830145680557215,0.937438576962045,0.740311205358619,1.2555802087627,96.5834950805737,0.833765773585533,1.06175318129348
1.0572888437311,1.0355796567984,1.07103100332176,0.8044180762017,94.5674141193616,1.02508257998791,1.05615805333401
1.17935847164884,1.1125882025345,1.20527303618374,0.774185751855361,99.9354878954433,0.981923925751141,0.909793173434788
0.943067465088507,1.14464728865169,0.998432648164654,0.918885799941603,84.4648067617357,1.13613482586769,1.05867232491466
0.942657885854013,1.36015032334569,1.22986706605971,0.655711782586567,91.235832590526,0.845042548580426,1.0004506430006
0.825252638593736,1.04288855067815,0.986099560820502,1.42624555449829,83.0069824660679,0.919619926006136,1.59344271431812
0.948242504459438,1.12814153219814,1.15615932332231,0.62249313602584,94.2091007617742,1.06848273564215,1.30505212014189
0.912737930749962,1.24749826353206,1.34861267690766,1.31545849041843,91.4060986647373,0.833787186069364,1.27993838995874
1.09172191488648,0.935997998084729,0.844013960612367,1.40626729544884,96.6184065492336,0.902075928599546,0.869154064201272
0.831723644432212,0.825897959882617,0.893173159147744,1.0434689436261,96.654117668917,0.964865796286007,1.10846423892959
1.00404240111132,0.869742387946823,1.08838506532087,1.00821033720726,97.0440964404317,1.06953564127022,0.947155414750511
1.13445981978797,1.15616813564742,0.866484569756068,1.11603723523598,95.3401517109693,0.889939060112845,0.864466235611732
1.02925724881388,1.28819503215661,0.910736616731603,0.942393482083151,88.1386747067576,1.12565293390976,1.24994920163941
0.957007159057831,0.886636022045709,1.01670427644181,1.10428012559566,94.0065016214883,0.993881939059421,0.665588668686021
1.05568651660925,1.02136913472065,1.34389994434697,0.728046915247198,99.7653940512279,1.20978827055518,1.22288826574434
1.01511057960765,0.981439655515657,0.965995241977144,0.636554031562907,100.364719806204,0.983347324174143,0.819264610265354
0.965633767079802,0.893629862579959,1.17322791601701,0.984109193473649,82.1997812605917,0.905523208097771,1.17399959092769
0.827638717246094,1.38337534874213,1.09911415448128,1.03953011567169,88.2036959001074,0.926200240914369,0.937907228616133
1.13600587696527,0.887012944572558,1.4052875674325,1.37777254294841,80.9737333576048,0.879022151001071,0.926574929649859
0.978275562783863,0.649433387371163,0.932767691682704,0.73922606630526,86.6867299029323,0.96391202183975,0.872086647336894
0.91000039878606,1.0834940737956,1.04679331560752,1.37835459332921,94.5228020307768,1.06589757586048,1.03999322943751
0.950997260588198,1.20130361045663,1.14294587823832,0.823339030836582,96.2632950202411,0.899312148098132,0.931268411609498
0.969393777417963,0.721340468707337,0.970664522725239,0.863972307101432,103.326912943205,0.897477024366055,1.04434349612995
1.07784300087186,1.16209617595429,0.777497241941744,0.870829197235519,99.6605426712887,1.02729218955032,0.807122294582124
1.07848027889645,1.01366277789857,0.923811894187661,0.920155952529074,99.3646152952109,1.05614491219198,0.797459945342917
1.20883543317612,0.683731451189018,0.706198618061457,0.676633135886626,91.874335588645,0.83452762671703,0.832958830220839
0.879298500480466,0.756088054775343,1.1870076614166,1.00205023040532,83.9161941390506,0.828773222501373,0.963692809121107
0.98295800271226,1.05662365535106,0.857848690121926,1.10930095364348,96.13043462339,1.2383736580308,1.06710781420678
0.993746370029325,0.87454811400926,0.863361200612926,0.944961952366751,93.4467116395449,0.858594612209625,1.1207289702435
0.781682444427485,1.21188416758894,1.09332873047817,0.99294621731838,91.5133672854039,1.05746714248412,0.909994041214463
0.90726700136111,1.1966024257572,0.880899209308668,1.54471660727522,93.5554558476325,1.34684003048554,1.03175342485607
1.12448944143148,1.51424481120518,1.00588463374701,1.39406637610058,89.0859790776428,0.927626936081692,1.14758800792765
0.918288766019373,0.952208065201892,0.67658747587896,0.99349375002629,95.1701864045576,1.07357988019994,0.860790703869048
1.01497495996293,1.487563464784,1.19902162241149,0.844563102082518,94.0066192968056,0.931682112659117,0.975465430327247
0.919239605442978,0.970700191968846,1.31621953672855,1.30447243748675,95.3301373972784,1.09603655388023,1.00270161363625
0.767525788293969,0.948130650819203,1.30817191292638,1.04886665640054,97.7461117038137,0.827533313957585,0.852713762654015
0.895530372162439,0.865372834990844,0.953874531174969,0.744752479029128,93.5475968993364,0.88571306769891,0.817017895093729
1.12036730730535,0.920405125341236,1.04378986259382,0.788891506586473,89.6386467578971,1.04796056225762,0.843711243449938
1.04791309999938,1.12929025089337,0.76347187688577,1.25556644144042,90.189281428848,1.00540253650566,1.08979863913503
1.06244255195552,0.982732742453746,0.577779913290543,0.878699917407016,93.1559606120493,1.08950049572961,0.757939450541955
0.996157721489741,0.685695780970762,0.710987507878771,1.34716130845945,99.7667037267194,0.957659077187933,0.931654447650105
0.899323888215081,1.07929918974886,1.05070457488435,0.804647552103323,100.562012915305,1.15085844915468,0.876667937943784
1.02101658137179,0.918152277220576,0.972149422610837,1.38269239421282,98.5625739873552,0.974189969427934,0.90441093426834
0.98332937902402,1.06059615629021,1.00725580609325,0.96255177814641,86.6275013220078,1.09687759739174,0.847888902190047
1.09815343993437,0.868984601400333,0.669689152697594,0.991560319389501,96.8709723302413,1.34064127312787,1.25826964023608
0.91756807964212,1.29818696608258,0.939275992207284,1.42313981583055,96.4727481550755,0.9128559694866,0.762728688187228
0.997647551200796,1.09223473197807,1.08002989693164,0.917030595519982,94.6321441908579,1.10219972911735,1.05317755145135
0.819766053925287,0.977661805138507,0.946232832312275,1.02700008896917,95.1075757180738,1.22124278099443,0.957719278112227
0.955226122706361,0.879851445303408,1.1109697873329,0.654916000977513,96.3079049377003,0.924817021927607,1.08778836063714
1.10890809737633,0.951203197701777,0.708673645721451,0.649913883123618,98.7005839944376,1.03062616622996,1.02705364871949
0.98748047101335,1.07627560316,1.18287376443506,0.76752625488989,91.2774050498614,0.890974558799761,0.964358356637858
0.949305983136714,0.893491493236246,1.0343066507864,1.13966253431168,97.9884140892098,1.2287581830429,1.18698140891813
0.942174100193564,0.90045767584109,0.861676073882858,0.753464809073381,90.413924549891,0.816875028365994,0.996424565771794
0.9869059168546,0.687027160468459,0.859786488087963,0.706468504496566,87.8071479467296,0.879570390928917,1.19375085346033
1.21584539379833,0.982913525199335,1.03442133130868,0.965758205198022,105.699295944912,0.954878742847214,0.975420492606791
1.08369823049575,0.981806229626807,1.24839912520685,1.11131382856716,107.249731132795,1.03497294942628,1.39406366413773
1.08798422183459,1.25277914962729,0.943926599054736,1.37858800492256,86.0545127885356,1.20381835483545,1.07424917652562
1.13431384943147,0.898279060530417,0.823608733248792,0.918332223104499,93.7034540656513,1.14414176871427,1.41358463106945
0.884868443112394,0.959714262248361,1.07418156615358,0.774098687854648,90.3309780046561,0.977661236032216,1.00627129563987
1.1038831015911,1.22936957030547,1.1152258717969,1.30764535544289,94.8025172124348,0.823043931956535,0.987259281099975
0.989753362884025,1.30624101819181,0.987595161983379,0.807760545777553,99.471409874618,1.02810741353954,1.21057878718964
0.934278543728231,0.907049337024076,0.990752513998126,1.14828225968771,102.870152233902,1.02097917767975,1.14542792674874
1.24519320095135,0.981414629121771,0.929621916439151,1.37918936089383,96.1069295537221,0.976382197868953,1.14334869606114
0.884929072261019,0.923509498851751,1.13917484527014,1.10745814745848,92.5440362991945,0.95073953607187,0.92662266735205
1.22485567813767,1.07321657622395,0.897214117287411,0.883352282832685,96.907449702643,1.00166737886396,1.10247070246171
0.97954569981943,0.751814553860028,1.35945909686932,1.37521352301344,92.3031338202935,0.98130465111088,0.871081006440736
1.05162145916632,1.12673894579295,0.988641196371023,1.18040438066604,106.709229768158,1.1954439530096,1.01581113799031
1.05261715952587,1.10854210180244,0.995243815137064,1.16443573776463,101.414566759985,1.01096328162429,0.79670838710547
1.14790149163932,1.02201685677143,1.03146111356984,0.957782932376853,95.6072665047799,1.05429760437185,0.923778620085365
1.03532241489451,0.603000393178643,1.48719065693546,0.842706681474772,92.369244186718,1.01236553412777,1.0282454653878
1.06955720970799,0.988246907906303,1.35586139147773,0.860715982664725,91.152879357102,0.875093257274808,1.0507277444189
0.859605563985372,0.960359904911163,0.995801296762401,1.00626405577428,89.2517537299254,1.18706085347516,1.03475274093325
1.01077852462372,0.781165660079886,1.0700384984746,1.18142025674824,97.2128362033533,1.01409557235384,0.858510366739602
0.936404330858434,1.11598278155973,0.994659107561227,0.841173470672008,94.1623479956468,0.932377590355405,0.911428057801772
1.20828400205948,1.26627155699159,0.917380421789669,0.992823127197748,90.1195978652586,1.05478215231258,1.02760483138435
1.00423636369706,1.0683083663175,0.985179945355674,0.893344437692473,94.5623080351079,0.951107205560499,0.847039482277836
1.02560984209053,1.21820375694583,0.893865545521816,1.13586807244337,103.064310967976,1.19295216779598,1.08285507129778
0.943377011561153,0.834140326911984,1.45197159283599,1.2269054176819,86.5176434052747,0.994817035647104,1.53554288987763
0.817207510946043,0.965021829106745,0.907475105288136,0.86215886898999,98.1567512929786,1.0991266907668,0.844131903673418
1.09968555870803,0.786797430277666,1.31532087378186,0.860688766506157,102.697883502525,0.824411792186331,0.901539240909804
0.800499736724594,1.09905398943874,1.03642590225797,0.580598497843054,101.378221588829,0.912847622066238,0.973701203928618
0.923668541136883,1.10462629347723,1.09885872324255,1.24046079290054,93.8687372506896,1.24220398994042,1.13249539352472
1.07983931599863,1.13103636567434,1.04408273144254,1.27667696437414,89.6643010588718,1.0821098302614,0.950015676611095
0.949387864339723,0.7364731830685,0.805226879584479,1.48729691551937,92.4520508045049,0.938124598984071,0.871662386215947
0.844987622021908,0.939913578773992,0.95666711483373,0.868690395699617,93.3925071782424,0.90849314735605,1.00681402407992
0.896535112018746,1.03879562066794,0.650640582630655,1.23465983070795,86.6137593125674,0.937648421418554,1.34963781923151
1.19960546285059,0.89960356212904,1.07486766842211,0.858127499014308,97.1829671551483,1.09487033990016,0.948173366356805
1.08530480583088,1.07865576655807,0.979763392984149,1.10297276286857,94.373407209959,1.12990516971124,0.97107448814672
0.907354932069015,1.16672063204846,1.14238335932254,0.62622757175872,99.48007378509,1.09764534021978,1.12456616701083
0.897143817195602,1.0662728338789,0.934998276871673,1.55286925286594,82.2140268930254,1.00326219305854,1.09205155894837
0.855055305314942,0.880622354537191,0.819743381838735,1.03903278173391,96.8902586709303,1.10796147394063,1.10970191582178
1.09031045794471,0.750381795836633,0.916599086167986,1.22810994467182,96.5805978689891,0.98425987280605,1.0367678395054
1.04282025082253,0.796756944533443,1.57994074482601,1.91238792697149,100.35519953927,0.963806489945059,1.53896776699998
0.923686078438878,0.888591031299371,1.25309375883601,0.826676846599432,102.443553642545,1.02622731446468,1.08426318752638
0.921271677307143,0.946048905635006,0.973297888006737,0.621189009831659,98.9328778396605,1.11795709706139,1.17688748592777
0.854968044386238,1.11939998092758,1.00925971553087,1.37875861510812,101.51042639743,1.07430429251541,1.08175881715462
1.32579503281096,1.07577718138711,0.922129930936547,0.901694217461173,94.1475137084069,1.01588810590261,1.17077656928252
0.901434605404018,0.836957334946334,1.56913020426314,0.54980440937286,95.0565318140418,1.03508632764817,0.944389056971072
1.07077244547984,0.952208066441743,1.08992066530198,0.961440817114891,88.2242775004917,1.0540513861534,0.927685592618624
1.09664641489289,0.811739624071704,0.858568490490121,1.04187391542374,86.8863485261689,0.968484815260618,1.1821718881734
0.949037370132824,0.935275791323887,1.06935956989511,0.896973404855652,91.324191622488,0.946161073927719,0.975400734383379
0.976564148615092,1.39618885301828,0.800921146166803,0.80796489022517,83.1096299947235,1.20742147568271,1.02239206861159
0.903980133366888,0.846419099829695,1.25154404525363,0.668422838791282,90.8649373912895,1.16915153904414,0.873457168554363
1.03134985581932,0.966850042093475,0.682686133629993,0.897821885403797,88.4578210021708,0.879333643847736,1.09667700304504
1.04451870389256,0.811973832210533,1.18975820548552,1.23439155311831,82.2420645169777,0.994272163880753,0.869456132942402
1.10512043106824,1.3415611219331,0.887153763350608,1.18781658209681,101.969004114553,0.971980225267017,1.1615301463011
1.01097998327836,1.0172375127562,1.13959497099375,1.07964247782391,88.3227792782406,0.912395875316573,1.04434117862644
0.760237922325409,0.876664916904395,1.40696423585257,0.933241057558219,99.7595267555814,1.17937751441041,0.929127978132995
1.14857460843413,1.00289615399617,1.02004967668233,1.11352623685227,101.603216749505,0.941802575324804,1.03506149702847
1.06165652455231,1.10985160044874,1.06562070835397,1.02126032824218,96.5440235864181,1.19431365546895,0.963657807793124
0.928367904916976,1.25009177556163,1.12680356949425,0.800292927198611,96.9637532494416,0.871933248482396,0.898272859161775
1.09703041819164,0.775636836509156,0.769343366308729,1.33993362297359,87.3380739156893,1.01661767877601,0.970403521795458
1.03774004615172,1.09451061429871,0.969129059039765,1.05398032441529,109.951141381337,0.809110619746799,0.823601174337112
1.05300455955008,1.29199102058323,0.870184916728928,1.14121228272378,101.599028874837,1.03283145786972,1.14772152535671
1.09838993492824,1.2488440362236,1.22576977513461,1.25579476391121,105.691312234094,1.03347215282075,0.884503174007057
1.13960879114169,1.06860764939237,0.931785885936814,0.769753086092536,99.6087294990599,1.05040833032246,1.04152271461415
1.03476513311795,1.06257786300503,1.40494890875145,0.745229631262129,93.4179648690145,0.8719892691875,0.945356676942612
0.950621856836092,0.971855161426709,1.17268210135647,1.1460413988858,99.7676902912601,0.932788629331313,1.07084146207994
0.969674090375691,1.13086214343518,0.767495188539945,0.84389312726931,90.6564642041214,0.800533167589308,0.963832884848958
1.19294046380033,1.00712699531542,0.830062091434509,0.954802479285996,96.4839037961135,0.970006702104188,1.17831368684364
0.95169864670171,1.16101491380353,0.95309263099324,1.18971263655017,88.7182172190084,1.02041713369838,1.0793941749911
0.960094508377004,0.961802582458022,0.964688023618828,1.38069298403819,110.418903785316,1.02304832279634,1.08753987800394
0.973863791683942,1.14276767411823,0.755918877313877,0.972571018301715,93.7939316586189,1.03014841172517,0.887036198639012
0.980593825116177,1.37902406284767,0.777904908041191,1.30655793645188,91.725926680101,1.02412118156685,1.07459793678864
1.02521997145805,0.771939064708202,1.12423649367367,1.15748552513654,96.0239962359578,0.907391004466512,0.873761516249917
1.12976678909461,1.04572539105159,1.42975901424835,1.15717302728705,98.9299956099629,0.880073086070025,0.800261720144461
0.847630514363683,1.04550767445413,0.927353500673068,0.705504726113381,95.9594999506021,0.897703864098567,0.970575762994138
0.843768756608782,1.15952100999645,0.929430895781505,0.822273403202762,91.4805485034671,1.18312664662374,0.978383896969026
0.894952314721718,0.978723873255847,0.47146114968591,0.858686456936219,107.014460768127,1.06795900120219,0.979974855727065
1.03544833665047,0.904543131841793,0.64084018247516,0.569943142798567,102.57032616261,0.908653823638365,1.05130989582559
1.13641162123504,1.29179243251287,0.781108022526586,0.818212944103279,94.2361431937897,0.906554202418436,0.927421471283062
0.909133266638026,0.867521474466694,1.26226380047417,0.850082466433719,100.981384099472,1.25214103673928,0.951778534834026
1.09734464962168,1.16290055896895,1.02397948189818,0.974075543031246,93.591319829925,1.03464367074777,0.862922883089889
1.23424847039314,0.989669524530594,0.860615704020097,1.48250958354561,95.2153795332108,1.05018604902936,1.0517930630589
1.09746331774549,1.00649015168802,1.09138898051861,0.673578750767425,94.7103808890648,0.981962771603827,1.05131266733232
1.1766166234664,0.824963468322053,0.825336040907509,1.14093457438885,94.4873659591759,0.972538459452236,0.914065701413656
0.899350461157462,1.03070254631775,0.911655669954763,1.12662109914674,101.118710747202,1.09558836250686,1.10660803502952
1.0659139139429,0.84300328990106,1.096540982332,0.497988579110902,95.6932010266013,1.10669808604694,1.0118439590484
0.970627846375372,0.738394725105452,1.10515759405427,1.17708369539309,92.0605382514329,0.914169830924897,0.985748524070839
1.1808917755897,0.81467838592236,0.912487251852858,1.04817669226819,90.2111474550879,1.10306829488661,1.00536941847523
1.09401837107543,0.681090478251083,1.16707367868562,0.957846584095569,91.1886702331817,1.15443040730521,1.07212837978125
1.0659116495612,1.44150237625809,0.942730491843518,1.33002733965035,96.4407674304681,0.932522726721448,1.03080490887776
1.02278439260732,1.25961396022587,1.05931177069041,0.914426850251562,89.8164544698839,0.948849785959389,0.822648531660094
0.909517581900058,0.95628085400848,0.995491559641135,1.19740816860642,89.8818190800503,0.806262503794019,0.852433404314163
1.02223566643082,1.09758062457386,1.34458427237491,0.867642614605097,96.6746412806406,0.823262665957677,0.760618741186891
1.14085826108421,0.865712939127883,1.36207737668493,1.3716191066375,99.3689885332805,1.15408526449619,1.01413864411784
1.18421658955956,1.16435393875982,0.811402328347264,0.942509150832314,100.084536244582,0.897580072599104,1.13044647513119
0.804848464980213,1.19155285856332,1.19807404010712,1.09798198376236,95.0898351897924,1.21111654900976,0.979266675027154
0.938983821124458,1.16288550911607,1.33176167167513,0.80276129901218,103.715528834577,1.1362064757358,0.813380319262075
0.846432771493115,0.948142334536078,1.1281818430893,1.12872345427893,110.050675808716,0.878648863675894,1.09889639407683
1.04080278843477,1.21988801915052,0.824730814119544,1.17586030157636,98.0337227244989,0.986916156431319,1.25596181456219
1.25504765145041,0.872129411887736,1.43840035010797,0.971397585522064,95.983657707693,1.10744649191402,1.29433035407741
0.900653179737111,1.51068095513059,1.13157897017112,1.06941744119536,92.5278322649097,1.17065883963217,1.06095038886615
1.00125352672702,0.4683833215164,0.794156827524029,0.957866264193608,99.0782040493478,1.16235242581932,1.22113131373516
1.10909958941197,1.11281846478975,1.19010469554384,1.2205124464188,91.4398468761296,0.957785342495712,0.756497059973774
1.08062050816962,0.833782769353212,0.741673470870019,0.998832879917758,89.6952993216671,0.975675601245945,0.803000329465373
1.02104064268716,1.19072503429712,0.830373415121513,1.24018048195746,94.0275639912074,1.02074769600411,0.848143437965298
1.04469317694715,0.920838177062878,1.04579327926523,1.29105654427168,90.0441606114462,1.15313551241419,1.12726347121014
1.0034957635323,1.12834332876894,1.03539745050367,0.936703321282996,107.197883869199,0.937109681443611,0.724709009609568
0.962687921563483,0.856053129528508,1.08264348750783,0.761752660492783,95.3869130939318,1.11259236037497,0.998634671677983
1.01401494877809,0.888344609327681,0.53631815246803,0.952909475255786,95.7289859115333,0.911143284391057,0.977647191666486
1.03453969783914,1.04929988936897,1.34357178242094,1.05628887785576,98.0574911221676,1.21813581990939,0.978922557098931
1.16181232621837,0.933011041886578,0.75508767738134,0.751950900163106,94.9382843689436,1.04219048223873,1.15284800760788
1.08205740037374,0.891572689338389,0.853325319788762,1.02753878037123,88.4750461788826,0.981390316115842,0.919900004704158
1.09360634381658,0.804500282967239,0.6885613881863,1.10157131424489,95.4586671101612,1.04953181604603,0.963735507332655
0.927774757830782,0.953908140956799,1.01008249960839,0.880370325838082,98.791636409854,0.935308022044583,1.19838328503701
0.9849955862092,1.24839920120813,1.10636978014618,1.09897980934894,94.461619765331,0.943864578305981,0.692250357298968
0.772775969479045,1.36861774055639,1.12073328801327,0.761229204702097,97.0136338331071,0.799623322288756,1.11531737177325
0.885117948065363,0.7296737286272,1.17755468173523,0.626232832913681,90.045883904123,0.811147389996572,1.34823388264083
1.14098455505526,0.947292371244288,0.573355544681195,1.40515065450024,91.6242310410784,0.962048869173491,1.14364943551468
1.14600309015968,0.705942472198822,1.04343769903554,0.65720751380119,90.6661428232999,1.03399456748773,1.10360565885824
0.909422222252216,0.890269194444681,0.969027887729426,0.878532775066698,93.0606594168238,1.05775183434339,0.918137493702287
0.94424481093263,1.06063185701482,0.999087354508832,1.47498820943824,105.923554554733,0.846550635311346,1.05995640972951
1.14089386531537,1.05267415177361,0.729141338710529,0.884631073587792,104.767199288027,1.06639943765053,0.932730476030897
0.917566701643074,0.911461564171583,1.0635034591362,1.1527782203808,93.3660888327846,1.04210931898553,0.766873048863037
1.02701653825254,0.891984496870731,1.00266200873717,1.41979522741522,96.0031387441792,1.17454935151815,0.810645555849097
1.13096967008659,0.651705227624874,1.11416245519538,0.726230030745493,97.6435196692068,1.08926490437741,0.839850827667808
1.0498190370488,1.45342740855393,0.992777488079574,0.568692676250261,92.0681076514422,0.923614938584365,1.15849925773467
0.867748549829643,1.25522119825144,0.733305416571016,1.08233310750748,89.7006319699432,0.990847785604496,0.934908388255048
0.954975192473992,0.848628569589433,1.09977856989222,0.951784882213054,103.175722123102,1.03263133389087,1.03851349500659
1.11542308797573,0.883367921801242,0.734757608805824,0.647442979910468,96.7889906917448,0.720606417156562,0.958237786511895
1.0208167693994,1.18547498168353,1.16533289434081,1.12558748891001,101.648520625408,0.782790889025752,0.986948061913801
0.760023307195984,1.09460648607973,1.08150926402946,0.70551180775022,93.3334588017804,0.837176418510494,1.4587916014617
1.15386232112906,0.918147732483529,0.906835185773123,1.43338366916936,98.0623303882821,0.893225060837792,0.864506867665398
0.777239570033317,0.831406033167567,1.39480085769879,0.771684979459821,91.4871681860471,0.976478046432841,1.01572168502454
1.01999782257301,0.772485318063177,1.01527632422764,0.862569451819884,91.1536234189723,0.992094446330986,0.98018530687656
0.86532906019708,1.00998057545224,0.749446370759034,0.731503039542862,95.2216195638974,0.943087628750907,0.816982760561221
1.2533547619982,0.904688737817189,1.05915992369959,1.80619115839799,91.781926563408,1.0943546241885,0.99529102894334
0.942451800334179,0.68727270411535,0.950953138691587,1.19246562554143,90.0984698193749,1.02416907842329,1.19966189119263
0.918582839787367,1.09739626806251,1.10397780345216,1.37086580265299,91.1145484928681,0.941037404964194,0.916379285490966
0.824867090287045,0.661542252053454,1.25098262233825,0.935935223076164,89.6065808764123,0.832616793166756,0.791899347906645
0.93292750934878,1.15029834610715,1.67933839745167,0.924281289654142,95.9477781198901,0.807144277252796,0.834030936533098
1.14958671423418,0.91863343864222,1.00075654535146,0.787517395947787,94.8605490084492,0.94265067362678,1.08822843498583
1.10320115361681,0.70366207376322,0.964639473884253,0.988084009038131,90.5223031339234,0.86918254856115,1.11431246376458
0.978052998245007,1.04727871455885,1.27113899764174,1.06284549506107,88.913163672927,0.960184211237883,1.02054931224111
1.1186346838098,0.934598989777699,0.793163743616811,1.05582767473089,86.9484866721619,1.08965311935947,0.991622068013941
1.10068727583869,0.865725725273851,1.0354051398925,0.8414868964247,97.9156761721872,1.01250407171555,1.21431723242512
1.01947634420647,1.14849648292485,1.04154212890435,1.35702898579979,83.2559566701142,0.869540487653631,1.286416654257
0.953272853781638,0.830262619189754,0.832238336323312,0.636848770844886,95.8537212008139,0.936891286705327,1.10568611704088
0.995496386303224,1.14630586817206,0.961708688131629,1.23339556335571,78.4610871687963,1.03699462199183,1.12854777928482
0.967184506745968,0.924685546711014,0.660259848793384,0.831707139366513,90.2928248904652,1.0148135894135,1.04871433966212
1.09981936284571,1.01988301011097,0.713293157101534,0.974404850816226,102.029216934901,0.974819520789638,0.985831642760817
0.874944358316435,0.875849805180608,0.935655347694471,1.03893718177573,95.8197576130964,0.9779710450697,1.16224998383952
1.05202238548919,0.959820176519263,1.24240368415809,0.973170768026903,84.9563551412315,1.12292449967272,1.27803494629675
0.992920905429521,1.12993860944804,0.891773070150628,0.920181055719946,97.8343303941008,0.824369851690581,0.927092493773411
1.06965431550577,1.13598219739023,1.03659128780303,1.07992807893752,94.8417503283398,1.30486545893115,0.677492803977754
0.922573865761299,0.873636373730668,0.756817302729965,1.12275015660635,96.3008571271394,1.03868296074761,1.08120784073714
1.0203720842475,0.884679364880712,1.1532111298116,1.21359630045283,96.8203420530838,1.06311195354589,0.850247865300364
1.02873054978222,1.09644723542946,0.864447913992245,0.814761878911613,97.5962633446346,0.860570770566922,1.31963556637748
1.00878953829578,1.1353581095084,1.24715486694762,1.11454017746223,99.9510873607255,1.04036840278287,0.948555865665226
1.03834625170816,0.852356842907908,0.923308026294957,1.07038956220829,92.9052178156176,0.992035243989971,0.906009124489847
1.07543552728282,0.988389309337289,1.06597239909378,0.839805586431861,96.7780157226274,0.856954031504241,0.812193064099291
1.13453857804376,0.891354594733051,0.878514912603642,0.980513440604272,94.6728450178821,0.884736241864012,0.833364387020005
0.976119911237636,1.18924197790773,1.19288895799464,0.885967132541919,88.0224767078609,1.15836944053541,0.839100642878875
1.10088001710918,0.825024858924363,1.38245175551176,0.686131821038685,86.4113137130634,1.02090423943782,0.994395715649818
0.9992534179735,0.865930805567771,0.818602469450461,0.750335415908913,86.4885654548266,0.970765542318087,1.08750603373106
0.91344816123354,1.20397661964133,1.22687943272802,0.613605118513622,97.78812426805,0.796101901712871,1.39311907741831
0.816699845639935,0.65225744812108,1.02146260845325,1.14171585832408,95.4343408408021,1.14489583098348,0.944986372587723
0.922913847952911,0.993885516974099,0.839116794235659,1.13629919252927,95.6433810860637,1.09114172775502,1.0099066654829
1.24667649144755,0.955180537307452,0.958717785054365,1.36911568731118,89.5279679588841,1.06274658668237,1.01580301289288
1.05211638829517,0.904515301871205,0.896678667034883,1.30392712263382,94.2050776970007,1.00155802909568,1.02052228568116
1.16746505005827,0.922890689844028,1.12423814095285,0.788964339772973,105.109516782208,0.960590281135674,1.01013421852167
1.0065542235453,1.01973262971014,1.27210843704283,1.23085185732252,93.6544752735987,1.02215127045612,0.756391263550156
0.981224484491731,0.869184911189767,0.767148299655188,1.27058830839544,95.8426018742324,0.931384145030924,0.74960850046653
0.93261470491781,1.02978825294302,1.0017222665845,0.970453344142943,101.928729889916,1.06572816370661,0.818655843513451
0.920912296485176,1.1555067911575,1.13225680017721,1.07320488066616,101.982314233443,1.06553399783314,1.11082760810504
0.983143580460412,1.30649118627686,1.29796344300927,1.22547739463854,95.4481285183036,0.900033528800158,0.897776392489148
0.877749807338271,0.798586063648179,1.00705603409869,1.01998453823287,103.224745425674,0.969450542360278,1.16365978775356
0.957563757951897,0.756485438200594,1.26236896439245,1.68310966560311,93.3689728685727,1.18361223541195,1.30390439998666
1.05240479354457,0.888640255868701,1.02295745445119,0.749822267567152,98.7065878936548,0.885196869656308,1.27255553215515
1.12443097086156,0.926126653227942,0.931040155312704,0.731308218681119,91.0993454479768,0.877290498200139,1.1246580880895
1.03286427824029,0.96990266988139,1.34819941112115,0.976466914400635,91.6404588838988,1.13933536713302,0.855997022875635
0.966704077089644,1.06962647559352,0.99645174785618,1.04754700892285,88.199376173021,0.93399010936453,1.00719036654322
1.0514592233712,0.672748802296751,0.975821688318682,1.41104150494601,99.7404946258332,1.06859371738434,0.865685394463325
1.06755985790239,0.7303479161277,0.995131258910729,1.65504757486237,94.0785351020613,0.850160145350284,1.0981564209503
0.841316277076169,0.946999997518623,1.08934026331179,0.928193469189748,91.4592047897905,1.21458192242208,1.38434164177483
0.928130295798546,1.18634535052188,1.24189543001619,0.523850905425949,91.1704259410752,0.780212920396183,1.29141527299321
1.17963153772083,0.874230663691242,0.93666451427975,1.47235053365618,98.3896015848458,0.7594749883666,0.978473428534678
0.945575010838296,1.19069016096898,0.834909607142333,1.16549472352167,99.879450411214,1.29513629679677,1.05985109201203
1.04989775495618,0.884871092272957,0.993655336348165,0.807994742548313,96.1717390022057,1.04952527227487,0.84098335770665
1.02135813642003,1.21471901946798,1.07829379891461,0.99743006172513,97.5954401660719,0.928259628956947,0.772647197865501
0.882364622423596,1.21130288117627,0.765815064293063,1.23901315554613,94.6437098154582,0.882154876249222,1.07443719283013
0.901153005082755,0.935330187692618,1.22478545362338,1.29051908856411,93.2998253726432,1.03208039724948,0.965614146601593
0.963824410008625,0.917882547436773,0.991439992760538,0.999840784996461,97.1165361950491,1.00381287667232,1.23279882108977
0.803901747770783,0.937903149819911,0.896933463372745,0.813129867673838,88.0288426603597,1.20438625408109,0.742946872429724
0.824657438289051,0.778619143821043,0.609526043211177,0.944444576669977,93.879178644823,1.3135875194124,1.16288789798758
1.14450098449771,1.1585629938517,0.804418223180382,0.802252734128685,92.7494279357801,1.0505516321551,0.990456477159975
0.901146202721885,1.12063685450956,1.15101674622766,1.15114316980157,94.9556960150379,0.988622565347616,1.32367776276043
1.01159202876083,1.11851450400602,0.848752970185331,0.749648839033461,94.3752042315607,0.999391730269345,1.11988542622071
0.902936109002066,1.10687044339307,0.883348085004816,0.755277650074065,95.0826451798388,1.08534704991518,1.15704970053069
1.06742039142344,0.97689499093983,0.977480847165462,1.03251553691396,91.1892752250243,0.856115785877716,0.877446262360996
0.874351827374758,0.777543386093077,0.924361902428285,0.69614593082148,95.1964435650988,0.949973831760718,1.16859129055091
0.982419827552224,1.16414982319804,0.703092227874748,1.12809572347472,91.3738279890719,0.908959620796282,0.790689052040691
1.12607721499787,0.961650619482593,0.843192447204245,0.530323246118578,87.5755766852946,0.859258906703718,0.910338545010206
1.12864580886564,1.03551588594619,1.0209652262043,1.03848461941503,87.9907342039734,0.945999271983404,0.983855502496168
0.892589136907663,0.728734980906564,1.01459868965773,0.872431761277905,99.9761064373328,0.995552215811907,1.28066479841983
1.10927809264043,0.921593690896627,0.933994102557234,1.6365832754654,93.9202556429907,1.09546623076464,0.987238854042126
0.973210922678842,1.3283845737358,0.961510994742532,1.09808693221805,96.8167204180856,0.99485656180461,1.21393462851242
0.992150275551482,0.808150282590499,1.26108764809456,0.810626497352165,98.2953003777762,0.943184132100275,1.07507710992298
0.855331336229535,1.17244321447863,0.944929960595507,1.25987512042848,97.488420120195,0.894620934044938,0.922313673807629
0.94285292579884,1.19575235622126,0.910418172762055,1.093446141744,94.5268951684715,1.02828725536487,1.35566603089015
1.14844500656612,1.16326871373608,0.854237186330717,1.42185459317509,93.762913546031,0.931450585936544,0.843285009081787
0.997837227616804,1.13995500211919,0.980802506882707,0.873808919016302,91.9285812180908,1.02962253594425,1.19076889926747
0.968622906386715,1.04938777096547,1.22934958101576,1.08058314792687,96.7543355455956,1.11539808901969,0.97180816275799
1.0158879545883,1.30000617515893,0.922299976104703,0.767733455744133,94.9540538224172,0.891432372566535,1.00005956933074
1.04009347205116,0.756052143654196,1.16635922232746,0.913378869969078,97.6151983953293,0.955370392809299,0.952627210673882
0.917590649635841,0.973550486880903,0.81413537428822,1.55172133062153,96.4055870806012,0.996715900444011,0.803404319369153
1.02259036167005,1.07056585404152,0.951850573114511,1.0271485448059,90.3622206071501,1.21403018618312,0.921888120911831
0.887195608702802,0.949865811785958,1.13766879105469,0.774364011295941,91.4396181163458,1.12122230356138,0.839215060199313
1.17216910208983,0.950397661737208,0.880591388482242,0.767398533482738,95.570528068066,1.16411638926861,0.8714495543559
1.05765689857965,0.882213024444384,1.0729263495408,1.15011155489423,91.8668432818431,0.920938761096137,0.860219246058272
1.04196526988263,1.04041687828641,0.736687507149465,1.03912635183415,85.957889091999,1.06699779276778,0.993378303427481
0.941470793810133,1.28838784440489,1.17752976865826,0.902270406341871,97.7718472714846,0.922780698168741,1.10292899611936
0.972679072695746,0.946151403565196,0.767897776626333,1.54748502611923,90.990962096645,1.17223619632477,1.0223005768318
0.936486776823405,1.27863804979589,1.36601182125348,0.825259387310533,103.656159817714,1.09154225284716,1.39513640467553
0.932696646718224,1.09125328585011,0.797130667689337,0.888540889612182,102.21935580733,0.787853188401642,1.02016801738632
1.23009894422665,1.11537935207002,1.15497415864805,1.5604973415797,99.8487353740967,0.865596010149578,1.05028897922519
0.83081560597783,1.01723952670803,0.877079926904602,0.889558295139939,91.7500161644782,0.92320217964896,1.08742426624444
0.930269582104964,1.21264789767014,1.13427186970106,0.874658711477182,89.8067710985363,0.847233289912178,0.970158158792107
1.0920515824475,0.736120395504462,0.931672736075686,1.03237244867348,95.3652015458769,0.976857901993542,1.09537588840126
0.972664421163244,1.15089330642576,1.20758961694299,1.17482216987829,91.6318688078269,1.26639174906854,0.846953193494143
1.07813975623986,0.760537640168777,0.844344661457228,0.609696942326566,90.5037438244325,1.07584667430672,1.40471126390875
0.909443164027204,1.26922134659736,0.817249249912702,1.18929100083479,92.4746558550993,1.07108260191558,1.1743180180237
0.993090767353191,1.21436957532362,0.99703259996924,1.32903362085663,85.0122933397117,1.09146712741675,0.842173565508498
0.938470625710402,0.861153443978212,0.871204325416213,0.782943280058293,89.1883024479951,1.00241183590599,1.04514658008432
0.83185018799059,0.783695317919103,0.904595660545416,1.2870807757274,100.214058415119,1.14551828669218,0.85473709021452
1.17412467683174,1.25428523580361,1.34941913739565,0.953129824778555,88.4099490140124,1.02873321260096,0.89402290713567
0.895624724088712,0.843362307560351,1.46350725499895,0.912690872163732,87.9194874495196,0.928496337103643,0.882047156179736
1.00952320222765,1.25544128226266,0.940843059243786,1.26629872174412,97.0036111648282,1.0427943778179,1.05834239114328
0.956519965366978,0.904463916962911,1.09008176925886,1.41545414795283,105.999437959548,1.00961701147689,1.08398718737652
0.973771495731102,0.839553248732213,1.01507598373318,0.752707846974326,91.8298907185217,1.30703746609604,1.16212606678188
1.10851164213055,1.15180248307005,0.787802578555799,0.925074223441009,85.4908631515992,1.2279978895682,0.752687524524681
0.795905714416999,1.22635068514604,1.13173523714078,0.974295823603382,96.7428955526595,0.977182782980696,1.00077446811403
1.06594642129204,1.12583268344084,1.0973299351623,0.955421149463776,107.530038177091,1.09445704726245,1.03432169543545
1.09725849793215,0.939254227688158,1.1092420074686,0.972450565339213,100.452728715636,0.82463922608155,0.863961969693332
1.03566321667683,1.18958454290346,1.1156402520229,0.614149393115455,96.8893516581779,1.10097605048946,1.03774624122928
1.15254846275379,1.10968762959133,0.835458951529466,1.07530318844121,93.2842596366403,0.979813584450937,0.83751853823377
0.786468545194425,1.08932033256915,0.884609910328556,0.899521896254528,95.8074548256981,0.901659020872905,0.872403197918866
0.959448754503565,1.02111427870259,0.766391196057856,0.765166312266768,90.1930900026297,0.932341768104506,0.988913854812095
0.903578735027517,1.00650927489943,1.21869074050913,1.33209580714886,97.0788892959851,1.04915268550507,1.12083629685156
1.08836668238305,0.924712786175771,1.00773341545846,1.1624707828537,97.4335454768109,0.859274327955892,0.793454148004693
1.43852285115039,1.04485098799326,0.937730432953978,0.992670885984569,106.21199799284,1.09901190129434,0.844348430546138
0.949733296446471,0.850896638762106,0.789383491166116,0.831564126925788,89.295485598371,0.794296999036941,0.805262550395632
1.07566753737686,1.23668175250761,0.85299537460524,1.192455321544,86.4455492539726,1.3480754181391,0.863644056291985
0.931538984772831,0.876855926531613,0.951445301654227,0.710661054653757,95.6817706454571,1.02767604033583,0.834069201508843
1.01994458237203,1.09652960522463,1.28247538669263,0.876904858139783,98.8504755417292,0.972282927621641,0.949342813454298
0.989570773167798,1.1964388092062,1.01578156304422,1.10346095370727,100.029254379738,0.937959924649114,1.07577291918059
1.37184852687661,0.883234643942555,0.813938758905849,0.867806958820699,90.7294645876543,1.13560044027644,0.96401620616256
1.08067119548199,0.726563845684969,0.713091103757347,0.617304888060787,91.8215494174494,1.04364007407087,1.03688714924988
0.965848504965718,0.859312312633442,0.752020881107224,0.746953873566985,95.167975337848,1.12045534027465,1.13272372000273
0.9602883772691,1.03557654353163,0.933586979887555,0.963338346492522,92.1279524655287,0.953070488411476,0.738467622551812
0.848519541707739,1.30775635764018,1.14737043290297,1.36879627128151,101.514351002352,0.996977328762104,0.768536907972624
0.911771668526444,0.863884567839638,1.13542690749092,0.694733751738322,94.6183199477915,1.26213370878211,1.06192412358675
0.957568073488587,1.44236416979826,1.21262950881042,0.757582974847456,103.923259158722,0.883323141338234,0.845932499019897
1.17202335014383,0.940762411680396,0.980183649126974,0.877249126208587,95.5749900510516,0.936639304757667,0.793798679159486
1.02405372558706,0.985421661809631,0.836584922048023,1.314108620146,98.4769433211869,0.949974143393841,0.660405493624128
1.01826701461465,1.26877954015121,0.730216726280421,1.01263685821518,92.6555899918919,1.11544941661565,1.05188706352014
0.906789174576867,0.945452497992384,1.1302625022893,0.970860696575379,96.3534694762711,1.14257271664877,1.05808439088105
1.12613269461134,0.993264266844529,1.26058222918496,1.17289314775098,92.0533694352114,0.939187230795246,1.41289225455475
1.08995182968344,0.709888762823996,0.905344867435259,0.90492071453433,95.5289324236293,0.874562133340958,1.10043895128728
0.801337138801199,0.694568437630125,1.00239339546045,0.935029863370962,90.5701844771648,0.749493729078919,0.940393084400529
