Bahrain,Monaco,Monza,Silverstone,Suzuka
3.4654585594423,3.72796968484893,2.73590595681804,5.09839819227085,5.55771720831402
3.04392669968452,3.20688869089777,2.39588531269251,4.63858523639637,5.2097119898918
4.20026258649507,4.62269005060091,3.33434736845726,5.86376964980097,6.10544994779295
2.69849329617996,2.77010038092692,2.09664016418954,4.23898075778362,4.8895342320872
3.23851084864437,3.52320098950075,2.58585283915835,4.87860663983989,5.42193672656452
3.95495858037083,4.28942517975295,3.0993840675024,5.59893130145957,5.90477161819123
3.40576106275481,3.6310799797413,2.6975875570805,5.01661936681919,5.47863366142829
3.66352251010476,3.97713920494714,2.87650155978554,5.32242021263542,5.72117210854194
1.41442933794127,1.38045718519592,1.04388060673537,2.54769719054627,3.37696272006207
3.31032062766495,3.52920185031853,2.60540128053357,4.93161833390546,5.43252188216022
3.96825310782303,4.40774926849029,3.1664730559914,5.68451571673071,5.99594115774191
3.04422115492649,3.19048405240505,2.37068343544408,4.6189044234564,5.17665205066862
2.43002891151845,2.53132582225659,1.92197402432144,3.90206452906898,4.52900661904278
4.0324751662403,4.40802427894413,3.18609144617622,5.67977879924923,5.96563488664172
4.6643750880293,5.11626416387284,3.71136678092482,6.30971710386784,6.42567326904906
3.37496578220092,3.60634273216034,2.67134399771078,4.99030390310243,5.4627551788644
3.53677873688987,3.80690298790961,2.80984284805818,5.15637085573609,5.57953494085139
3.81512358017042,4.1138902065999,2.97792848800901,5.47206738970752,5.81066458881581
3.07344216015574,3.37300721784929,2.50132410282382,4.69005530231628,5.25520893869353
3.01818596673316,3.1573819253156,2.34980786980755,4.59535711715797,5.16981544798597
3.48048188848642,3.74593633689771,2.75183191564491,5.11500785019271,5.56889063325362
3.36566750640382,3.60616867090181,2.63357043678839,4.97687250733965,5.46556933562219
2.86208906607909,2.96077755398898,2.22122689267069,4.418531752284,5.0272182176965
3.90317309351363,4.29815919178061,3.10070062922473,5.57761004844811,5.90842517736948
3.25365442389601,3.50326988680627,2.57134718155525,4.8712823147696,5.39346757360134
3.04351255919005,3.1956338031133,2.36892962967863,4.63397602187604,5.23347625444003
2.65872780640892,2.70278373692727,2.08449516350504,4.20548329947641,4.91182693501921
2.70856662141369,2.86363790307533,2.14297024925233,4.26856104748761,4.93320931732384
2.736765213664,2.98208320524263,2.22054884673996,4.33308734776787,5.02495054868383
3.89517603206797,4.25593493565893,3.06254760219434,5.56574463624226,5.89147482027101
2.9304898574001,3.06146870689057,2.28613924466978,4.49401692088566,5.07860930228783
4.45369354810596,4.91004803759492,3.5358207902879,6.12840246172516,6.29820521355394
2.43135403824625,2.44358873412023,1.86821378433632,3.90637945435454,4.54918866024289
3.27006945007084,3.4954300418253,2.58200990773366,4.87150189426521,5.36646921762672
2.64761364767482,2.70684611465981,2.04231408820338,4.17064549537699,4.8263950972698
3.2729912154647,3.47615531866695,2.55831542697352,4.87726543130765,5.38711847215791
4.07753159853111,4.50258152100456,3.25587588083479,5.75944712332381,6.04345365538958
2.47981481911226,2.51765623576981,1.91787482520745,3.98095133656753,4.662849701898
3.88095396045557,4.24635697416471,3.06033752798206,5.55712475495511,5.89067109725804
3.44620817891384,3.73953571029242,2.72838195151868,5.09669364344757,5.57560170343267
3.10580420404595,3.28125003153741,2.44642193224175,4.69030404892871,5.22563770931039
3.60152080349542,3.85556277013021,2.81977007673312,5.22946110696498,5.6437023735258
3.65322480017348,3.87095675449486,2.83394688460211,5.29413218159957,5.67525343671595
3.86956745706321,4.25781941141481,3.06621047810037,5.56034255354847,5.90195483368674
2.46062975959269,2.55259690618367,1.92980720103259,3.97551795639923,4.70372944283568
2.84328152497338,3.10021135521171,2.32218120272773,4.47414850776654,5.16069034468443
2.64151758270238,2.668183168707,2.0392258401446,4.16649277890215,4.81417371918495
3.2042553942358,3.35702599964748,2.48225260392365,4.79844928657185,5.32641477306173
3.88676247124354,4.25938578018207,3.11029221997141,5.54747789312512,5.88529218813325
1.99431405860311,1.96699299848497,1.51907458800794,3.37815151398094,4.16079759204393
3.58068109493348,3.82300928864817,2.79520585434622,5.19873713605489,5.6104695382115
2.08710910512926,2.05740320559633,1.59596570840297,3.50303589635216,4.24492358210236
2.2628300699614,2.33348921334436,1.77809743628421,3.72739162588014,4.42325881887379
2.8363123706759,2.93660325271058,2.21758156922712,4.39666450191179,5.0056958952771
2.27956174381376,2.22927445152301,1.71490371919487,3.71960458142364,4.42564575081367
3.67846801121782,4.05674917718005,2.93514757906915,5.37857254344918,5.79686102677312
2.87497156327892,2.98325866958714,2.25320510281095,4.4507440809294,5.13006189446398
3.36154348019062,3.58844909048145,2.6354081432882,4.99835840896054,5.50807540359472
2.95290127740783,3.1189435714297,2.32513157544483,4.52389623874605,5.10015911914515
2.40156886818365,2.3983102877622,1.84387247268839,3.88436687968628,4.57123454616173
4.03968348886649,4.45829336543856,3.21813496963745,5.72332959784502,6.01793161641193
3.20864349970087,3.34767261984578,2.47650928716729,4.79415670685637,5.31190728415058
2.61789319407811,2.75738800834624,2.06958068391339,4.15909637902833,4.835774025715
2.9698805064595,3.08950970048444,2.30997209689698,4.54726472359735,5.15039162118205
2.87630789725836,2.98810042012258,2.24404680314937,4.44040535089975,5.0460154450568
3.27259132085048,3.48079353437686,2.57320508916362,4.89994147866841,5.42378715533114
3.54299500416896,3.79320886769619,2.79030974717836,5.16092701960015,5.5871337373124
4.26522952239215,4.69898434819723,3.39153903088088,5.93163602010907,6.15640570994675
1.65226244555937,1.52422834320714,1.21006007347665,2.91360382500545,3.64986020042178
2.70436195283202,2.88500586497871,2.11872874176939,4.24903633208044,4.92839691903191
3.57761952894862,3.86540535645314,2.81755866590014,5.2332544452758,5.66687993723627
3.31323950166404,3.56665741287013,2.63183948138388,4.92750795619722,5.41596156412808
2.67550798246833,2.72500478166771,2.05677889097893,4.19894856284307,4.84691003682431
2.59606738869749,2.76302294920276,2.05438859994781,4.14117165356639,4.86005157727227
3.84027609858836,4.20819144675407,3.03703175346367,5.51527729035772,5.86952499308542
2.87328252910481,3.05247283896259,2.29563952094119,4.48071123953612,5.14607348063134
4.26314043439767,4.66453945428107,3.37505564060804,5.91058826853646,6.13572364186746
3.27525512507346,3.52378626151085,2.59860224572736,4.90020411677114,5.41222190770202
3.24168713778982,3.5020633732076,2.5801926964877,4.87703856315112,5.41311452836392
4.04436037557637,4.44250394320862,3.19592696186245,5.71972511113395,6.00502258185996
2.4988059932507,2.62859767712123,1.97155608972784,4.02508634090165,4.75328086721836
3.10907915860557,3.29258589026459,2.46009967474902,4.73013957747646,5.31322920834432
3.29243904926311,3.49454659235003,2.57357962653104,4.90205035158394,5.40747877751271
2.51301576356593,2.57423756471601,1.93869736728884,4.01193285894622,4.68374853676632
4.01962359391668,4.37006002517087,3.16673260642793,5.66156125450223,5.95131559151091
3.49793438490126,3.75710110946875,2.75333203063033,5.12063716964097,5.56261335562269
2.33599529539846,2.45467812394534,1.85670490431153,3.83941894247367,4.60086376546273
4.17162889518031,4.63102822967419,3.34526579889074,5.86517169781013,6.12624914994842
2.76275095693795,2.90306618701661,2.18691419033179,4.33844367705822,5.01058524698223
2.34152444940209,2.38051486137843,1.80366989095316,3.81326102513728,4.52657866769826
3.3246076644853,3.56975859856016,2.61977020481891,4.95868965051898,5.47033577998867
3.59483261577488,3.89907061829398,2.85763304267802,5.22863349693004,5.64298932075829
3.7268371274464,4.08132730723666,2.99334243823746,5.38456353873678,5.7679155676895
2.83933235391903,2.95670290462756,2.23445823727404,4.41156272597301,5.03138778745014
3.34639099791016,3.50108178305766,2.6021352974749,4.96604141646466,5.45559455913832
3.25797277062811,3.45238230038747,2.55017195904229,4.87535039552927,5.40353959600142
4.25795772384528,4.70366342509989,3.38768087817543,5.93144324705898,6.15773093980562
3.69412406809906,4.0537234721759,2.95185589142923,5.35868740707768,5.76376466738962
2.98027390307408,3.07898424335177,2.29676950209708,4.54158987450799,5.12289282888119
2.78905896805762,2.83407677610919,2.16761471584628,4.34304156206559,4.99492846404786
3.63397060047978,3.88745008236329,2.83000380549223,5.26585513308908,5.66480822382645
3.0276785777876,3.18420757580574,2.35806728306292,4.61169377130848,5.19986582657086
3.97626809229708,4.34251742020626,3.15195194441181,5.63312915911311,5.94265941345029
3.49575141189476,3.75088599383986,2.73624528699602,5.12639089455287,5.57594677686942
3.16031870590923,3.31513523436584,2.45514013217857,4.7535041895572,5.29631410177045
3.89672815828543,4.32377002191849,3.11893281453641,5.59159892292922,5.9330740280416
3.5259181760742,3.78953509771078,2.77661977821987,5.1666533567403,5.61282848861077
3.14389049934829,3.3874861098913,2.52161634660634,4.77546297138727,5.33399035936918
4.67921829031457,5.13457063108547,3.72676240644115,6.3232791092689,6.43327283258276
2.84710743847302,2.95810039610055,2.211387893607,4.38327556920058,4.95826721777804
3.5874227356972,3.90396029691198,2.88096325998997,5.22800431883032,5.64183345606077
3.16173500580109,3.3629821557851,2.48479701643298,4.76404270692618,5.30519413460937
3.14386442615908,3.34791839628673,2.48364511305635,4.75183028484196,5.30150740929706
1.39429882818978,1.45208471546634,1.0783932221577,2.5277966234693,3.3570032294536
2.91096727582674,3.05024637859999,2.29072977449111,4.49075826191577,5.09548613873326
2.47146665324588,2.56078102210415,1.94481235769112,3.97385431048747,4.62809300634346
3.76546490075309,4.07254412362558,2.9959792235733,5.39859049136192,5.76195083287277
3.53723553704012,3.76723445411503,2.75022860859994,5.16717092354249,5.59501989598148
3.18069969819388,3.36486140769532,2.5015938665458,4.78010483873827,5.30757690570492
3.30995160756217,3.5686452673712,2.61692582333359,4.93868294038896,5.45152620181136
3.59225660923464,3.95473378266092,2.857024986892,5.26796690684751,5.71315029307985
2.95657886023872,3.11988954891939,2.31372840577853,4.54117728525986,5.16000721984254
3.20257342251681,3.40016319022631,2.510469688554,4.81681169727665,5.36042201209358
2.55181424632035,2.64456896631845,1.98852469692977,4.06897993281976,4.74676338658567
4.0505830170532,4.45198886394139,3.2190529466753,5.71740715021895,6.00580424641851
2.77880112863842,2.88511979285397,2.16933457682725,4.33857233251953,4.99532459346329
3.91636071566246,4.23832753072799,3.08376183820707,5.54635359909884,5.86547072467972
3.35154357514212,3.62466503262324,2.67248468591976,4.99866803936169,5.50513624906689
3.10667617958138,3.34740346461362,2.46244975313192,4.71623973065419,5.28547224804885
2.86397492335276,2.98816154324155,2.25957600517992,4.45097285435446,5.09999754633033
3.21878157820116,3.40590454437208,2.54038503830459,4.81193733960303,5.31488203258587
3.30412014114317,3.52079373167545,2.58539454215008,4.93062513884853,5.45165133611249
2.44043017505905,2.397106698062,1.87164782791542,3.93124342448633,4.61891387500141
3.07654773927872,3.20728231595413,2.38750555063896,4.65024713665851,5.1971428598589
2.97277774159051,3.06962653057843,2.31118680708778,4.54535742740822,5.12695272972435
2.67033161610745,2.7673881510719,2.07749358362817,4.20648169107115,4.86750253054856
3.10124590228136,3.2505918422172,2.41267983578621,4.68940765225932,5.24869479557557
3.52346799365034,3.83603671253766,2.8071231318772,5.19275474447021,5.65294206313403
3.63450389888597,3.92764181334613,2.85098890414319,5.29049934264677,5.70144476392836
3.0995659867541,3.25130696776891,2.41784729133042,4.68456188002578,5.23574762993157
2.83048607475875,2.97525998904564,2.21811739556456,4.4021628437936,5.05638496127996
3.73103691011245,4.07987399230322,2.9692874598783,5.4004827346759,5.79341726524501
2.74440452139477,2.81559631804612,2.11451172285508,4.2721478159342,4.88653268474462
1.93593278363097,1.97370040538146,1.52908785136981,3.33251909813832,4.18588624327964
2.68852536363302,2.7763314441211,2.11243072307786,4.24370929828265,4.90882763846106
3.11051147979154,3.27166122654046,2.42712915550753,4.69996472581289,5.25180331570033
3.61874545249255,3.89790156331635,2.82574590534472,5.25605237645911,5.66166260766201
3.38209222927756,3.66915542597577,2.68010777958743,5.02443808234229,5.52505993445435
3.47207785102131,3.66782174028762,2.70291104800998,5.11023725565995,5.56931553791404
2.52244775168722,2.58847357984052,1.98199956446138,4.05166404067342,4.74069452544556
1.9971805527084,1.90108121662283,1.50315164409092,3.37887230154735,4.13005332293199
3.14990015195183,3.42093411591745,2.55754881048124,4.77803120271537,5.31986884075249
3.64345527800985,3.9552997455241,2.86857945456889,5.30045559989404,5.70561228981231
2.74391742000799,2.83183110143926,2.13610199416175,4.29390974208344,4.95148764477001
3.97441868693382,4.31681648388364,3.11759719148645,5.64998549696433,5.93917863295248
4.06858391815446,4.440568659032,3.23592764610228,5.71416346118036,5.98978391415201
1.79867044733231,1.73487585244018,1.36895725603935,3.13336210560009,3.91778848677845
3.69580646157374,4.05238930952612,2.91585331936196,5.36891582514892,5.7658570046312
3.16366438474728,3.43499085165104,2.55003121624482,4.79893155609444,5.35130602093241
2.77215344970632,2.90695009438713,2.16653711499109,4.32288575091852,4.95653448329715
3.66258300506978,4.0089162009082,2.92927638248365,5.32875485760471,5.74363109697366
3.22858628668719,3.45576590680452,2.54940023412159,4.85836315676737,5.40244559376139
3.33399597942785,3.55522946114489,2.64097999510498,4.94599959170655,5.42960251511332
3.1855849511436,3.42944887315689,2.55098408937268,4.77623135965814,5.28082809221581
2.29037920468978,2.40150600600975,1.84799993288226,3.79567785877346,4.66035440782818
3.89829230757556,4.2736808957834,3.09752170170685,5.56225721326925,5.89615997896858
3.66536375763393,3.96632567393287,2.88067960656024,5.30403225362025,5.70277710072378
4.01360309409742,4.39736519601463,3.18511350115556,5.6810690186491,5.98345239897412
2.81746960526327,2.91032453151757,2.17692203685849,4.36154120996396,4.97691358060345
2.82759609127663,2.95048091815396,2.23426800689046,4.4121168419321,5.08075260032534
2.90650814292606,3.06368881917197,2.28267468890959,4.48296848607332,5.09303038750262
2.96595752206801,3.09534401755784,2.32819464479552,4.55955724751233,5.18073234094888
3.27161895070742,3.45865721481132,2.55012889456813,4.88064424260446,5.39338337931832
3.69281942186869,3.98636655947273,2.89609436214386,5.32727390662316,5.71260617532653
2.99125119865029,3.11247493988985,2.32446720273904,4.54836813363161,5.09889800986042
3.86842227932794,4.2514128711066,3.07322325564317,5.54209403775356,5.88648353587408
2.72576397023997,2.87789914669658,2.14649651254499,4.28118364629253,4.93907433903276
2.8217500741559,2.90656010830278,2.19227669149743,4.37780412501388,5.00149185837756
3.25766870451727,3.41505828166503,2.5237650366436,4.8524762835974,5.35798742008652
2.23435800937379,2.21321002956005,1.67655624770373,3.64908628544188,4.32400602667541
3.36312862312472,3.6593255166979,2.6761711314949,5.006904269388,5.50727923802924
2.919519569051,3.09283691099552,2.30683257944125,4.4982895699475,5.0962701256161
2.57117610491635,2.60997942143811,1.99365193478744,4.09027508931891,4.77312622291234
3.06575959707125,3.2589903671538,2.43433038527479,4.68836925452388,5.29113827421429
3.33387282175271,3.57871707754309,2.63004023289464,4.96395466008863,5.47203542963601
4.39185628604973,4.84964995934908,3.50316888532598,6.06093632863035,6.25211469109806
3.53714036623303,3.78920573294181,2.77372201258942,5.16643332340962,5.6042715592292
1.64728783634716,1.51806067436007,1.2395295500688,2.9145955916249,3.7327143010293
3.04022109344515,3.20211241495325,2.37057219637114,4.61496530467721,5.17395671429354
2.67302237946573,2.75973276278609,2.07751312840642,4.20733566501889,4.85959496660678
2.8379876403645,2.88052051905188,2.20315773922435,4.39559484198692,5.02893352581913
2.61661151213833,2.74380442952051,2.08432198525446,4.17553117223497,4.86186957936208
2.0233644228615,2.00288149923604,1.55408309161187,3.42566395585968,4.15141672802214
3.34533636680678,3.5465799799221,2.64650379910059,4.93561542355314,5.39147691938348
2.9747545219905,3.07745184990145,2.30052689194088,4.54006645762003,5.12387310034948
2.70972604051157,2.81659459918271,2.14665529986391,4.22840555399159,4.80013011483264
2.30644321200153,2.29552877149358,1.81249037262177,3.7876382669096,4.57146798985855
2.94667380320742,3.15778420288174,2.33857961290812,4.54985764830708,5.18549946847716
2.19726515769896,2.32166430690418,1.78519250360564,3.6959926343423,4.52015572105189
2.87421516386317,2.95383705468818,2.21310409952609,4.42267204228557,5.02593052219366
3.38940027861713,3.59869253318945,2.64101567072954,5.00135970030519,5.4730212283981
3.50207753768949,3.76422668334075,2.74671275929239,5.12819325633689,5.57496560755007
3.47121416120932,3.73742533740571,2.72999626460866,5.11892926286342,5.59421980983211
2.86619944250786,2.97030281726012,2.23577643924163,4.43593810475419,5.06450722263752
3.56269038639181,3.88855373688331,2.8341131608982,5.2249072031733,5.67234355715857
2.31749695181601,2.27378847215127,1.81315980877193,3.80273343051218,4.57659170488411
2.3525007078017,2.43212214677899,1.83684692907508,3.840850677162,4.60622637806236
3.38472443621926,3.61838409164508,2.65992523758473,5.01260549832487,5.49563651449211
2.45549577446725,2.59887192424472,1.93788518883744,3.97235897816607,4.72194466338927
4.06549778065171,4.454127926805,3.22038272063367,5.71711292947258,5.99686408490891
3.75021094100887,4.0582727954817,2.96487279614311,5.38480483858955,5.7536533455265
3.9045779394675,4.27709628945604,3.08745601670698,5.56897380169892,5.90038895335194
3.51500464719774,3.76921623758165,2.75791783901671,5.1528387928081,5.59530064308018
3.66216090459751,3.95779345651107,2.87596141132187,5.30706193658494,5.70570206866205
1.97897074096679,1.75088144651524,1.48649000285607,3.30775380665135,4.06264442738795
3.84214504854232,4.16748936074941,3.0499519568495,5.47743873948845,5.81676301848901
3.18046689038628,3.39747708634508,2.53152089136226,4.7747450986196,5.28480533356426
2.95451740616545,3.07638199764722,2.30424440590896,4.53295322380947,5.13678773951132
4.14206531929962,4.6017012328805,3.31279209050604,5.84284582057616,6.11056548121738
2.33408460786241,2.39879628962723,1.80741218479731,3.81054973786081,4.55992556106045
3.331085423077,3.54454142720454,2.62234713190938,4.93806823972854,5.42218488571051
4.31046880562006,4.81682804943499,3.45138945242087,6.02506014675058,6.2374444408545
2.02995474046419,2.0497084388887,1.56672235257335,3.41845132335781,4.12118741008496
3.90781969182186,4.27605816961818,3.10020172983015,5.56154911739691,5.88956317448145
2.5936316468074,2.66045447707677,2.01138233750449,4.0995602804572,4.72443446224574
4.18577492943699,4.60518258021314,3.34001292793616,5.84976338189296,6.09783264850381
3.32942469099564,3.5847651017326,2.64096734110831,4.96203638171197,5.46547409742134
3.50588566091217,3.82124438400915,2.80499093663121,5.15698065205468,5.61088093025748
2.02373358180581,2.08197432282508,1.59600913417734,3.44510067466155,4.2348851400227
3.58294229161051,3.86418057059177,2.83445308034896,5.21457835890996,5.63465492093297
1.43889014887931,1.44846975562911,1.08574182377988,2.59382538592888,3.3982885934756
2.897629268822,3.06851562074625,2.27262761813719,4.46504937716904,5.06945281309802
2.74969856461415,2.78708395854382,2.13820422042429,4.29612722663153,4.96543403670667
3.70757571049369,3.99453156593813,2.89957022465737,5.35577691468916,5.73706455644955
3.09738063277264,3.31938428891786,2.45512164030346,4.71356998879337,5.29034482394454
3.24154896157329,3.4661696854975,2.56429400298492,4.85907236770382,5.38531321677951
2.49658718989319,2.65108348171701,1.99797220529138,4.0075110776186,4.66777119789063
2.8943327799611,2.99209289515738,2.23790688264194,4.45264178650812,5.0631421052471
2.85886115440489,2.96480391068134,2.22275657068846,4.41590350576053,5.02317726043707
4.45514677084195,4.91783518769523,3.54139614131348,6.12017847861642,6.29026501532698
4.07364251038595,4.52843721848292,3.25578481650288,5.77444860726372,6.06107659569967
1.87102062804237,1.84339299277167,1.45088074659925,3.238658859276,4.05048300494626
2.17281673886428,2.28768334718208,1.70485387104476,3.61662589230124,4.40239970886833
3.00271043979251,3.21990760490397,2.39429162362029,4.60621663081363,5.19222176594667
2.91773496752607,2.99311939722256,2.23582671765439,4.46187524044547,5.04388352321102
2.49702657897521,2.5423730310273,1.93329431967973,4.00399835076085,4.69713743601152
3.0761221890716,3.21445708102806,2.39092331407659,4.6641616223489,5.23640907953498
2.89817546869267,3.1728603113724,2.32349734709267,4.5056169708362,5.16377288511225
3.10234312095432,3.26414362240487,2.43044618903214,4.70513002825747,5.27558866872837
3.50263783026297,3.77511815767858,2.75720629617132,5.1570067172059,5.61634092890989
3.5428882796907,3.86388871906566,2.8421234333122,5.19542923781361,5.63876179909812
3.70793310139977,3.99921543925875,2.89605782530629,5.35487791581707,5.73585735992688
2.05944937199889,2.09669110735823,1.60404202954314,3.47171720124146,4.20007456508937
1.9045002687262,1.70254676992829,1.40950821178689,3.24363708005944,3.98417013894476
3.46974866959469,3.74167794641646,2.76187576422755,5.10130115127699,5.55186115614727
3.85631915584561,4.21217169370877,3.03900360131335,5.51922543767128,5.86200897885379
3.20419511343083,3.414745953851,2.51752619155725,4.80897208164245,5.33981888836456
2.76509692701588,2.81382357945139,2.13521500123339,4.3061719192423,4.94579237533651
4.15650858798271,4.61349105472823,3.32629770053177,5.84811420071294,6.10695766425798
3.08942169369054,3.19316237430353,2.38660596712985,4.67219769399384,5.24091386229158
3.24581325175976,3.34941206876522,2.50301399789245,4.84002915634854,5.35015820381422
3.22002663671003,3.43626266657559,2.53860921524118,4.8290814841879,5.35211136061943
3.16355861447023,3.29953115657111,2.45389570333228,4.75598397101939,5.29631905284839
2.02237985263281,1.82381009478217,1.51751695525331,3.39776429428977,4.14037628276054
3.6595841993486,3.94515820173801,2.86777878719175,5.29255811538209,5.68794500468245
4.0390391786669,4.4136098921194,3.18488633591471,5.69678704193414,5.98277572396164
2.83596227487284,2.99505966351747,2.25864541184413,4.40937241668169,5.00906185800936
3.4927735196738,3.74627688377436,2.75331160376417,5.1152227439083,5.55899583070125
3.0743122854275,3.2317797657492,2.39881609338327,4.65718696806405,5.2132559163648
1.21260443506239,1.26492810578259,0.962393701527645,2.2709838320489,3.06613437274788
3.1325132977007,3.31182426992609,2.45609709480564,4.73047903307851,5.28084266538585
2.95535242175079,3.16121917737645,2.35006593317874,4.53797921029056,5.12094480150829
3.60922688920927,3.82876872423545,2.79486472492263,5.23901258866921,5.63853234070069
3.07422084950086,3.21446266790242,2.39498680839124,4.66160456654298,5.22903920771672
2.78254240927645,2.91406679217822,2.1981337005616,4.34060913020244,4.95625712191736
2.69756909081697,2.76895864193521,2.13848082291223,4.26549176350954,4.95062124864394
1.99557450469308,1.9767294532631,1.50955163828517,3.36782786396587,4.0875132081588
2.91730255376767,3.00829096392999,2.26100996785604,4.48380885780053,5.10380405978788
3.05249513267226,3.27988285922333,2.43402928334066,4.64953219727887,5.21207210666535
3.31068952415892,3.57004460897238,2.63116278985861,4.94316620137482,5.45672984279169
2.23079194557445,2.24329853609483,1.72480702685424,3.68908745414353,4.44442557241292
3.32491775877133,3.5225152270243,2.61068769712647,4.95641652052504,5.46126847789256
3.36411701958954,3.56395734317263,2.62483740246344,4.97448229903246,5.45388425947178
3.61976039007298,3.88517675774776,2.83612925458397,5.25915167317214,5.66694466986311
4.37126942865918,4.79145236442213,3.48366498072343,6.01948850914201,6.21391264067056
3.76268647735019,4.07629163113435,2.95263534877719,5.40606543950713,5.77206380665255
3.74401164442051,4.07458754765605,2.96306653262315,5.38616941008665,5.7615199157369
3.58025961306288,3.86351364461078,2.81421197898979,5.22514084715868,5.65123966251326
1.80922215823038,1.75679090940602,1.36006699711479,3.12454975373971,3.94058075038878
3.99315188617958,4.36289094113141,3.17290233036729,5.64003729177449,5.94019179727601
4.1081385043,4.48831019325289,3.24136072682552,5.7602720712751,6.02677398909157
2.74603430957804,2.74819905699223,2.12747805756771,4.29207812450839,4.93469452991485
3.87969419439258,4.19174161403747,3.04672747099971,5.5147252401292,5.84267691892235
3.32048209664111,3.51218683939126,2.59745332041371,4.93859336489737,5.44286933492583
2.47120314136083,2.44627321635878,1.89432088815423,3.96562706054267,4.64512120220539
3.58031364826157,3.93885134168453,2.86722667214731,5.26453661203846,5.71432354419179
3.19266652619899,3.41847481566782,2.51799775445484,4.80887224822465,5.35277075355395
2.94272584714541,3.10497897375156,2.31332401765366,4.51916041568218,5.1094225936436
3.3764029934306,3.66638059018521,2.67214804307066,5.0182353659295,5.52031927180752
3.0167751817629,3.22136463594751,2.38865611373279,4.61435791023391,5.20059495824481
3.35132321847938,3.59825514424557,2.64772519990504,4.96868576417639,5.45509022859764
1.81069092623549,1.65478927502282,1.35484748151242,3.14633322448684,3.88297886790409
3.23821288625827,3.46204293877453,2.55598381389365,4.84111878747296,5.35002522287593
3.29305056030954,3.49615768985062,2.5883686369757,4.92851827826013,5.45603402337453
2.4377381513481,2.32402744863558,1.84892983377311,3.90527155994232,4.58612013296927
3.82168369218343,4.15036341466427,3.01503328240811,5.46503437236913,5.81488146873774
3.75231368480583,4.05399710797326,2.9616355277952,5.3783122868507,5.74413194138005
3.47156081827771,3.71597272137306,2.70919683741465,5.09880640532108,5.55340395902269
3.16933725759479,3.35954898558961,2.48945661078199,4.78242671990107,5.3382284663665
4.23773063627739,4.70968566016344,3.38520156644934,5.94227523853486,6.17101530694634
3.94393327472123,4.27784849247506,3.09560412414416,5.58762395884295,5.89588651300731
4.16059027169541,4.62693878591205,3.32392685954692,5.86041202584579,6.11265044907543
2.82118015815004,2.8243033079567,2.1469538639377,4.34833189874061,4.94643677522221
2.93149386948507,3.06552532125224,2.29089990222616,4.50960747926611,5.12147102369886
2.79778430069236,3.02778904165952,2.22039264379735,4.37874394321553,5.0692620550323
2.21252141081374,2.30667089942744,1.76774338429765,3.69821904000023,4.47757374216742
4.16456640122276,4.59858168310566,3.31319891290907,5.84449256797775,6.10083952779041
3.27452427892403,3.48765931280435,2.57258560518714,4.88579471947111,5.39570273167848
1.85132251371944,1.91497467199083,1.45430130629485,3.18036492275178,3.91429934724124
2.89328675136474,3.0699065749472,2.30212544423318,4.49104910528735,5.12485628312801
1.75393139327825,1.74426486336202,1.358552155846,3.0826242832546,3.87128536929043
3.39281542483981,3.62070753715182,2.69201715313334,5.0020406566185,5.46017497607745
3.16028634100992,3.38360283047311,2.50288951612637,4.77374530261361,5.32361411548649
2.99871859479114,3.12596006120339,2.32540424461067,4.56888536360164,5.14753716515946
3.45464367721605,3.67052447167379,2.68896302896465,5.06782476275103,5.52440556107402
3.06335439561131,3.22673441190686,2.40616893730636,4.66818964883176,5.26060730551225
2.6748577694827,2.78310488662049,2.07866219227711,4.21374464581879,4.90057025039357
3.33856512717217,3.57678584651018,2.64729672492196,4.95855026413801,5.44542498369519
2.66939884375248,2.76045852045198,2.0896198794691,4.21003113513575,4.85844113440052
3.78140300680549,4.1025520687397,2.9764124135238,5.44758023668642,5.8139524480805
3.38346282855508,3.62822248571266,2.64118221318891,5.00287257814504,5.49030932982575
3.77017332192143,4.13124814797649,2.98232197423275,5.43280488577042,5.80758484593615
2.81571867122766,2.91293445200357,2.1936786035711,4.3629949250182,4.9592975578494
1.56277142932396,1.48221638232798,1.19276966085295,2.74761185550068,3.65332576351518
2.33086939370597,2.41509692209908,1.81078198214782,3.80362508511196,4.53623626102973
3.128015851,3.27779803877057,2.44200416977174,4.72820313186702,5.29008702841389
3.55082353235449,3.83006164977724,2.79281022016198,5.20206121919573,5.63999870253441
2.63463038008197,2.71131294477195,2.05066268571645,4.16674886351521,4.82764587683612
3.50113779511867,3.76649284838149,2.73527025040617,5.14440929168586,5.60218078864467
3.59074692689619,3.86301579788432,2.81037392834628,5.23267831232295,5.65286847704849
3.30635110236729,3.54818784000778,2.5968194895225,4.92778553428207,5.4386367310137
3.21585656460356,3.41797467027186,2.53698450527325,4.83334489628106,5.3678675858676
2.26079744277573,2.20497373590305,1.70177323843618,3.69583193740309,4.4219865410588
3.82420965935876,4.16800272299319,3.02024507528893,5.47625502254712,5.82873872513269
3.4367592367396,3.67827295451696,2.68631945771517,5.05363732199247,5.51533847335149
3.96825630630801,4.33079733545891,3.16649309555481,5.61405793988661,5.91823816101127
2.34253713978295,2.30395230491061,1.83413748829199,3.82641572026188,4.59547418411168
3.02554194730597,3.2080246557971,2.37462529389016,4.60684165499561,5.17463181371852
3.33293648386359,3.47826751028916,2.5643931256982,4.92355013052394,5.39705877335042
3.82082963813345,4.18572195802841,3.02376200321322,5.4860468522141,5.84568100448975
4.37588259571571,4.80514194709289,3.47821694714081,6.03045383913047,6.2266548524773
2.79473243187471,2.88740845230579,2.18893842541661,4.36037673736152,5.00679364006969
4.02167152846133,4.47444112925459,3.23359190880535,5.71927205911206,6.02543669239243
2.62970832855116,2.71708675626222,2.05707712911372,4.16686383177134,4.82985162806925
2.11723333916322,2.08799200297932,1.61585200956651,3.53767325526375,4.27364339142204
1.88509465993739,1.8617251122908,1.45685051999803,3.25402407270853,4.07117991947491
2.48296139386112,2.59409314982904,1.94185118487707,3.97938126153808,4.65497810911877
3.18492787952128,3.29505939360548,2.47637596465383,4.78812458966628,5.33188528615472
2.16832824118315,2.17572702806055,1.66747719675433,3.60521840235948,4.34995539125383
3.35764018125944,3.50098966647269,2.6091442552007,4.97881140604062,5.46580694514704
3.17508789690497,3.37233924101679,2.47521484448923,4.7712367619052,5.31024270224873
2.92874403445579,3.1037186030433,2.30034572894861,4.51372170745535,5.1400400100285
2.41759023867264,2.42032715399814,1.8781761407713,3.91650805602819,4.64275879462576
2.56991739814724,2.63152292446775,1.99047232214406,4.08975628406742,4.78300493606773
3.14145055756431,3.33806335411916,2.48264433510393,4.74640603182218,5.29207881911836
4.16547625584295,4.58853689970863,3.30664186629238,5.82825570729403,6.07774012845708
3.69738329909366,4.04383970242628,2.92076903971288,5.3604491282501,5.75681241860933
4.11057338250144,4.5042091976897,3.24654334438297,5.7695024045636,6.03489101897758
3.39957701100701,3.67139089976651,2.69263252581224,5.03608656444027,5.51811189110586
3.51553377469371,3.78777670798064,2.77069390771581,5.14984026865696,5.59590338781001
2.31087381754934,2.19069294187584,1.74290972521379,3.7471639564056,4.48290085901539
1.68384558249782,1.74818801438371,1.32068931509389,2.95125402681816,3.70340045540003
2.64345760021791,2.74087135517115,2.09520803281399,4.20541259950807,4.89437893150516
3.05403559786744,3.21411849826406,2.39418637132539,4.6256504998357,5.16636913409585
2.07907104103096,2.2051738964371,1.68446503659227,3.53631375885114,4.34153071444717
3.75724474600585,4.13409635420552,2.99342137612533,5.4284660838693,5.80951249924513
3.53797864091599,3.81353020471445,2.79015260642848,5.17576752632493,5.61437306907209
2.33519742384574,2.39064037868835,1.82803623210107,3.82671566555589,4.57989788214984
3.44638225606853,3.64785314551989,2.67767508606411,5.0592618825323,5.51451294707113
3.50562137102931,3.74179035830947,2.73143837478628,5.12548834627913,5.56433926520565
2.52440415473326,2.56151484260775,1.93812293379993,4.02262995013848,4.69249973365217
3.66976634763206,4.00782650745325,2.90758461812493,5.33696029530421,5.7454124971816
3.08238318970763,3.21478606234028,2.39993708330367,4.67270975403054,5.24136111506051
2.40461180481574,2.4004642098387,1.84965000230872,3.88737714426073,4.6144562093253
2.18075084581578,2.19880353796822,1.67408520326626,3.61348582465565,4.33492550394705
2.1910320065674,2.15107296860806,1.64254061948023,3.60635405841504,4.31258836251243
3.98577983292635,4.38046402382152,3.15306089979379,5.66548179881639,5.96832912545055
3.83958965061706,4.20323433841824,3.0764847563098,5.49724588001021,5.84741082372707
1.93400721771648,1.92668862225341,1.46307800207006,3.28116802220077,4.01099811168106
3.35727010528835,3.54192419739803,2.61627305324086,4.98110002967513,5.47440063190011
2.22314533836978,2.18000185333757,1.68007737820956,3.65321419725952,4.33889477145226
3.1554179993016,3.33007143364101,2.46641477926401,4.75660724776978,5.30435557605934
4.23838349427994,4.68966570786648,3.36695631909402,5.9243679914903,6.15218436117964
2.74444839266933,2.82108444658712,2.11560961110314,4.26999442118753,4.87979299689664
3.37443740155531,3.57782940613652,2.62964979819256,4.97956409727718,5.45331018327215
3.50944213633142,3.75006852843376,2.74460070948567,5.12939573942666,5.56809864725516
2.48259377394973,2.4864077990718,1.90203858618366,3.97625756248439,4.65711315154948
2.05633993892577,1.99456618248752,1.55439371474604,3.45583025895613,4.20179147905361
3.65967541404214,3.95095474579441,2.89844397866861,5.29144912431917,5.68791390895244
3.92570095086106,4.28385454571821,3.09961044986615,5.58588298460461,5.90678849392611
1.99593094852713,2.02965786639702,1.54136092517642,3.38104081456697,4.12999939756054
3.16934536649667,3.37018370026695,2.48441838499897,4.77812386104691,5.3321051714167
3.67308885448348,4.06471314350749,2.96328442644607,5.35899260777626,5.77559782386855
2.76165736740813,2.81715832456,2.12606812744082,4.29652030860969,4.92105299859183
3.48196489587293,3.72028221565637,2.7209946541474,5.11681168186676,5.57385935542624
2.78885080286736,2.94659136553611,2.19645309915326,4.35701092516396,5.01114472966921
3.56051119910316,3.78263564656345,2.76596906992569,5.19840613360802,5.61678056105865
1.4574872103357,1.3271324795713,1.05882164625837,2.62955221299609,3.40008689616629
3.82970881246878,4.1641356787967,3.04666218013625,5.47253608650624,5.81951515874395
3.00598328055345,3.22647087074522,2.38545491699799,4.60550772151321,5.20009883345011
2.75588979363719,2.68321286171403,2.13993751813143,4.27684510747957,4.94171074209498
2.97749031544866,3.02171030839241,2.31334577481977,4.5518168151048,5.15611188655981
3.17042888125862,3.42405350907956,2.52033877632104,4.78399684239838,5.32664001626824
3.55771073195055,3.84201264655529,2.82561900582949,5.1852341786184,5.60880529019123
3.24808558380393,3.45554184749848,2.52981186650455,4.84660217223067,5.35970448301106
1.00979915047321,0.869385860265282,0.705058707594191,1.87414872692457,2.59349694788044
2.49501832352868,2.7097825250718,2.0263743294044,4.04662864655141,4.77890434073794
3.79517002820987,4.13429127241287,2.98388932729949,5.45280728906198,5.81398481696068
3.34145420739839,3.56115111830267,2.62722294351347,4.98236689368255,5.49571558671869
4.82841048286978,5.35764747556433,3.89664910493448,6.52038945911087,6.58157825987095
1.70583377373991,1.67611754573933,1.28472912753418,2.9863454878064,3.77807669708675
3.17791080429421,3.35391023989524,2.48812679580622,4.76789390710529,5.29150703203027
2.0293009931269,1.97314180744701,1.54217170947537,3.42702458326087,4.17674008726111
4.06109696090749,4.48564210218967,3.23595868170011,5.74222893190753,6.02601126103401
3.945530831928,4.3834432560876,3.16886642968947,5.66306050941819,5.99390481493708
3.77137257784018,4.12146413906504,2.98677047949295,5.44217290764058,5.81672568837355
3.63963241844358,3.89927782144251,2.86142172200115,5.25493854824813,5.65022176359484
3.70842391504496,4.03812812440546,2.94493441163851,5.35253553719383,5.73767754062206
3.84744607325564,4.19780030803,3.04913472748666,5.50346704762143,5.85477366314586
3.71901982914716,4.08174253035291,2.97179362537378,5.39288777210845,5.79281826628821
2.91246106693987,2.96998106016842,2.23986712218095,4.46501341442374,5.06244955608345
2.99196359924144,3.0618318415346,2.31828696652947,4.56705207192837,5.15946117099502
2.94465383008203,3.07124034433687,2.31279757790898,4.52974944538926,5.13206627664128
3.00941064493836,3.14232647808124,2.34185858315135,4.58733736684086,5.16843802747275
3.07147766206445,3.24540729483695,2.42432857666712,4.68504873324511,5.27894516441307
2.53886954110536,2.59031012713071,1.97686153185931,4.06167838054309,4.76849880982452
2.80266408004449,2.9224068815648,2.19955012807286,4.36654906936171,4.9957168660941
2.58956471110376,2.75848510996889,2.05892166568148,4.12948057890858,4.81365734254499
4.16454663885072,4.56810756556894,3.29547038083545,5.82240547347594,6.07179532364792
2.68590169435009,2.77034493994128,2.08216813705025,4.21606968859109,4.85709699909532
2.43666550265309,2.45101977937532,1.85853668689286,3.91208706193126,4.58176052329092
2.4553183877423,2.56362191417946,1.94327879000926,3.97475534205964,4.67595690779642
3.40737786434717,3.68795765281313,2.70596068533533,5.03603327331815,5.50980130635882
3.14198393901439,3.29956481713022,2.45538946051401,4.74118941369015,5.29151918278374
3.45337727038876,3.75170427104283,2.76337117522191,5.10680878545386,5.58093471475736
3.79385243511071,4.14910391534789,3.0118665492821,5.44938059097785,5.81462085019233
2.79661087772581,2.95560476665236,2.21689350622094,4.37053477040541,5.00697877608837
3.270322861235,3.53424961779807,2.60054927612448,4.90307137089479,5.42903483328467
2.92653358561888,3.05040245971198,2.27457558423423,4.49220702867979,5.09149498451225
3.72391295858644,4.07556660255543,2.94152730606601,5.38874670363595,5.7773190255042
2.92475187647777,3.08995339075182,2.30782395346245,4.5118323959114,5.12591440163885
1.94629851377698,2.11226236163743,1.56887705619725,3.34379498592638,4.2185500711567
2.50486189923591,2.62699992969652,1.96985234965173,4.01934793879168,4.70705629526373
3.45557320859764,3.77570190244526,2.78919718981096,5.1061180586788,5.5712972378054
2.55680206949425,2.68618211773958,2.06083100182788,4.117559474545,4.9068577570097
4.05550814383804,4.44763559770112,3.21725499071175,5.72268918390546,6.00998623859829
3.87130088399549,4.19576400125217,3.02914956263101,5.51536435019722,5.84331084250258
3.05851664540054,3.24712991970458,2.42958433212016,4.63329993016858,5.16391063571467
3.42838289091232,3.66893389004608,2.69330612368864,5.05083325341127,5.51850769742423
1.97959936511513,1.9276722593053,1.48225184061485,3.3443870097486,4.07199603424192
3.31574490329254,3.57016430532782,2.61280097857846,4.95032986558829,5.46834540939835
2.69207602781233,2.7986101823104,2.13082882497565,4.25914051699627,4.95517328683309
3.50747168897968,3.79941934939913,2.77234808783142,5.14000783466695,5.58206719723957
3.78170552678978,4.10457429165004,2.97214149789949,5.43433195678463,5.79521019734224
2.96893635828171,3.07035602844111,2.30205280424104,4.54004027247949,5.1333032327922
3.95687917120698,4.37479896005811,3.1500257607812,5.65863303645239,5.98354544519339
3.2563996783479,3.46262653984064,2.56413169696401,4.8601681216343,5.36353276709303
3.57890520348049,3.90702640356675,2.8485400123529,5.2428767289733,5.68120889678595
3.49306699483648,3.71671037464071,2.72379970635295,5.10252353816226,5.53933403515447
2.68444478741809,2.87190164763382,2.12803815492273,4.23437648242344,4.90083226811221
2.0974163983317,2.11246887886139,1.61564840996483,3.51290968290451,4.24025049275757
4.0919483128303,4.52577978173035,3.2660998789575,5.76795315315547,6.04577212996496
3.28996541770866,3.49412453752134,2.5739477210176,4.90411266990392,5.41285222885188
2.51201222374779,2.61511827146316,1.99187146933428,4.04931642422477,4.80406434894944
3.33779640986616,3.58570017652681,2.65218742939884,4.95309366252484,5.43779573229992
4.05341542437789,4.41904735843413,3.28127817188789,5.69857562874702,5.97382790066293
2.42542584781032,2.49379217191954,1.87945430167045,3.91750375227569,4.62619700747661
2.61352156220291,2.74277235140184,2.06733599063536,4.15654656069994,4.82719289970994
3.58760377809412,3.84063959355549,2.80366301046968,5.21686076031568,5.63463796564807
3.52664825109778,3.86021035471018,2.81145649174809,5.18741220271956,5.64207262376983
3.09944431136636,3.30496425305088,2.44409052579289,4.69680377277213,5.25114115095005
3.89753530637708,4.26638911243263,3.09970586038435,5.55991041617634,5.8995625324463
4.34038641096265,4.77358189506289,3.45568628867284,6.00133034730015,6.20752633454251
3.10831139305986,3.30132336944578,2.44940072151863,4.71676385384578,5.28567511860317
2.87607385417306,2.97971845816802,2.25715635802153,4.45528340355875,5.08621115851143
3.98143980396367,4.37069370467479,3.15304186355121,5.65637035565112,5.96263190264582
2.26168994831035,2.38088407123152,1.79540781159082,3.72926444915228,4.44966867433926
4.12352107445716,4.54835066515449,3.26536803729937,5.80198069522829,6.06306598863829
3.43605853476085,3.68480181685482,2.69810538600181,5.06903926641868,5.54094857741981
2.80874287998977,2.94564705138586,2.22063295225689,4.38857012488477,5.04175528888896
2.46279760885133,2.5221546092931,1.93206215944431,3.98115655042261,4.69334028665966
2.39758146868361,2.43830602417948,1.86667860436333,3.88789220379262,4.56473709861922
3.64757525384424,3.98846815426569,2.88975433770355,5.31074480153448,5.72864486758917
3.24983947931149,3.42970560340261,2.51946429130163,4.85421205949534,5.37914071189954
2.64795057686511,2.65883939671687,2.05599111113335,4.17779566091932,4.84868134302435
4.10087434382102,4.50193444019715,3.25061322330313,5.76382640700838,6.03538573092537
3.53254456462068,3.83950938663332,2.79918878746076,5.17604947016959,5.62346988967914
3.48245426878628,3.76616056943863,2.75199958922892,5.11473261122381,5.57018774616492
3.07263701335125,3.19890929181682,2.38360477121999,4.64654891903639,5.19447177798914
2.97406483565373,3.09641278898931,2.31712987497193,4.55531375155162,5.1771885602945
3.42245103859612,3.67392497434018,2.6883726627712,5.0517963513301,5.52669012664433
2.85205125625875,2.98030825594466,2.23320673767209,4.41369620561656,5.0201393864579
2.75588689546906,2.76278217037012,2.10890913760414,4.28257983634562,4.8914764297982
1.55110841322282,1.45975422140751,1.15164110589546,2.77387500472977,3.5639789746695
3.45461040691569,3.67172438884359,2.70054323439616,5.05895808837666,5.50191217887408
3.93695232372106,4.2887245794592,3.09339321978726,5.612674598533,5.91624044268475
2.74441474749518,2.89405365637478,2.18061407723482,4.31781159940931,4.97501615636429
1.56994483586419,1.45666111766343,1.15177469061038,2.79106570649751,3.57182610829332
2.7055403726622,2.80260456750537,2.10994127765642,4.25220439501804,4.92240738569134
3.53771718998222,3.79036718171224,2.77189290506647,5.16667583918999,5.60221699676089
2.72623083406765,2.91741944762411,2.17478228018587,4.30685548755005,5.01218339190933
2.93245166419031,3.02101424345966,2.26602583346035,4.49855759721092,5.12635902362246
2.79377504235424,2.9046168757996,2.17718552934912,4.34996393000455,4.99101713280021
1.72610483114047,1.65408265683628,1.27779348017032,2.99770646219946,3.6944896585569
3.49118151652105,3.74380345168599,2.7377502597469,5.1286855050466,5.5836299842326
3.9727719877171,4.38120907845845,3.15997851479287,5.64153345031625,5.95436839239946
2.36589045287799,2.38326924159904,1.80205806133156,3.82011788312683,4.48688874807884
2.52115164695279,2.46807670195955,1.9217454767284,4.01213507125748,4.69628110264298
2.25155029653348,2.26934357605226,1.76625412232079,3.7278746982682,4.49479976136523
3.70361091252522,4.05786369344233,2.93628317694755,5.37586945344466,5.77124839839873
3.25812342288587,3.48296243472572,2.55668560136615,4.86904482989692,5.38651304800254
3.49154105317373,3.74999687299035,2.75394298238149,5.1236436815866,5.57502438305011
4.5787739675017,5.02945661090415,3.64016174675844,6.2288838924098,6.36861463808314
2.63875588368607,2.77053970048362,2.08325423942476,4.18628683530551,4.85883556918783
2.58569124452775,2.5948444015454,1.97583384318926,4.0916939575329,4.75493330250501
2.25978231455107,2.32880174123574,1.77806850891086,3.73077523333055,4.44598015578259
2.40705976705986,2.45570403098159,1.84843337856776,3.88001647050731,4.55989931993689
2.15594647962773,2.16102667395199,1.66024769563681,3.58742644842293,4.29980912662813
1.91054196581634,1.80970107497325,1.41245778317389,3.25156203875574,4.00765456148943
3.45659416783444,3.77911167169978,2.74267023612919,5.11591953919559,5.59770304177064
3.18541744327428,3.44510731548641,2.52672111461793,4.80887820408361,5.36451936430272
4.0520615597799,4.52127094947498,3.24959017301033,5.75486992016457,6.04653508968389
2.28932897831474,2.25970169990019,1.73072661084868,3.73258122862362,4.41780282247677
3.1551902810063,3.40045757728643,2.5028292129315,4.78262064685767,5.35577901797127
4.21401338830664,4.59780829724052,3.32536706350614,5.85709599785602,6.09288857658186
2.67157514430083,2.79842120959627,2.10751548418092,4.22686441224955,4.90518798648878
2.72931314665094,2.89877629469372,2.1773642827261,4.27675707278567,4.88915102998753
3.20103769277743,3.44043344126673,2.53064077372761,4.8291632864584,5.38458389169799
3.8044481874057,4.14800037520304,3.00359901952811,5.46597460849125,5.82365068190565
3.62104000354226,3.95821233993686,2.87930597158548,5.26789815391004,5.68239673764347
3.44412533743363,3.69851784115642,2.72007616284235,5.06718018987155,5.52549834300885
2.75142783489251,2.8859759216249,2.18985580815257,4.29746826955443,4.88245210500745
3.09749717988731,3.32058917480617,2.46144721218609,4.69379210740507,5.24398483815118
2.25103169913383,2.22933368539697,1.73731246643696,3.70941929544603,4.45432709260281
3.69830089318124,4.02119198011184,2.91459497307937,5.34376241384712,5.73199674068464
3.69507330547579,3.98364492029907,2.90997553665221,5.32197409275963,5.70597795012135
3.15943640596662,3.36376835085143,2.49902932220711,4.76450057013795,5.29730246849579
2.58452304085459,2.65098642753311,1.99335353133409,4.10093299030598,4.79016454764182
2.03917354575664,2.09089951063248,1.60298674651217,3.4615189577909,4.25239652826859
3.74216970315224,4.09983497285668,2.977655197559,5.40716808643849,5.79016961834738
3.39751305761934,3.65184077342856,2.66972526620037,5.01757730046192,5.4917069860939
3.33291825329304,3.58303775835105,2.63485909837026,4.9570949363214,5.45422816045826
2.35418315664994,2.4149432583533,1.8320634838565,3.83677207871092,4.54315825045039
3.3551245280777,3.60356892472763,2.6403629246265,4.97143972193577,5.4586494386573
3.53169388405983,3.84339391710265,2.77966172121992,5.18707912519753,5.64413740631542
3.83382934545381,4.25950601877474,3.06611206709005,5.5307045855543,5.90152023240097
3.12386676870166,3.32976391457966,2.47234987316094,4.75117414613764,5.34419893254096
2.56604114601437,2.66520572893448,2.01787619106358,4.08400391243831,4.72515217605201
2.24032376001988,2.29809079295404,1.74240222377944,3.70086286844045,4.46046888649482
4.21592798356076,4.63277588961815,3.33618735827112,5.88534724659932,6.12285151207195
2.65052865923263,2.76070542797346,2.06803784603572,4.17597318230582,4.81568326641879
3.14185755892905,3.32785991758485,2.46751284515224,4.74105983091189,5.28862955186591
3.90487576847187,4.28763105583208,3.10674791586537,5.56319720020707,5.89162530321981
3.30625619437528,3.56378707462525,2.63232136365538,4.93542607296396,5.44102442583267
3.32117643669493,3.51605578430028,2.5902179519379,4.91883824189961,5.40256462682109
2.73691217204517,2.87594615074413,2.17643195454461,4.31411352896816,4.98772163098711
2.73215757860169,2.84021324973412,2.12678940193918,4.2726285150282,4.9072157820362
2.87770870970557,2.87098067272272,2.21843743230428,4.42225503805759,5.0347483094789
3.61424987438799,3.92778769157918,2.85776029413771,5.25606379254295,5.67627279288821
2.93998005209188,3.03664255586774,2.27529320946675,4.50527371161198,5.10398346988522
3.58228646409525,3.87915703227785,2.81455315900361,5.22138257334845,5.6444411354363
1.18603231137401,1.16128288321283,0.925417026971445,2.24856236990755,3.07136781518538
3.8061704837522,4.13380619359178,3.00656925169648,5.45542546049816,5.81335909804532
2.6806025298078,2.85968288036788,2.1300465805614,4.22433098129588,4.87009077054931
3.45881520353292,3.68541053344754,2.69941673464135,5.09130444683686,5.5519565699
3.51472485617072,3.86638189611021,2.81196902252439,5.18927510998196,5.6598632054565
3.20240375377959,3.37552104511362,2.50190647108033,4.81084693768797,5.34929461037868
3.42444969508523,3.62686186797767,2.66480619110601,5.03968603833218,5.50021896920578
4.03450150539651,4.40479324417274,3.18637674663388,5.69158219640332,5.97938374214094
3.9420324831032,4.32659621895333,3.12976338291803,5.61605975758579,5.94048089445663
3.52953165597008,3.79890770845574,2.76280128785375,5.16868619868433,5.61527552069208
3.39466378315043,3.63439988104091,2.66912389447528,5.01015895090569,5.48366532947125
3.09418410414911,3.28975186960787,2.44350761749135,4.7045748034616,5.28130593428247
2.12209379301292,1.98216654167683,1.60207641155247,3.52800406866611,4.28513342209308
3.58084754955298,3.86369792707063,2.83039860072077,5.2080409853411,5.62875140597103
3.2938818478985,3.55458809833917,2.6216011165252,4.91869716244128,5.42529527364056
2.37973797106196,2.40903919546562,1.84333205773342,3.86747567172945,4.56908315551792
3.63703653284938,3.94060580844192,2.85884289326847,5.28265457462794,5.69010820272779
3.13713755330171,3.36286377418554,2.49386331960534,4.75999363218915,5.32388069269356
3.65451052051996,3.97426233797113,2.9062348988445,5.30201133454759,5.70874554872967
2.52977447456473,2.63716896976683,1.97079172865428,4.04582244881371,4.75807535220942
3.9664767541129,4.40452614182064,3.21310680178669,5.66872553391026,6.00170414067092
2.57067456556103,2.63803976867489,2.00595431770745,4.08843351480856,4.73709130729416
2.95711864468868,3.09907167541931,2.32906176455761,4.55439151843352,5.19406177131948
3.44606527469692,3.71073447521627,2.70990391484644,5.07197288835549,5.53537351535206
4.09946886620935,4.52894581391148,3.26388904412778,5.78699321936699,6.06234858272525
3.64541774228651,3.92581790794912,2.85654047633102,5.30266559619174,5.70921926247063
1.77212052339297,1.8105084660783,1.38740958289168,3.10263719764987,3.95020222710968
4.01843451559201,4.38743269727522,3.16294123600969,5.68498042661201,5.97195637549058
2.58076769618314,2.70945841202166,2.02228727248119,4.11138580151743,4.81479590794069
2.26776827258813,2.27698157470182,1.73991740224054,3.72422852546059,4.46492593315746
4.27080649552893,4.68952154410805,3.38146079971811,5.92549467599241,6.14538771310029
3.82130054490965,4.16187878256393,3.03714559222325,5.46630885783907,5.81938390852679
3.25006546050264,3.48178850044759,2.57874023690476,4.86598964532135,5.37956464355852
2.6097907880213,2.75265947869804,2.06818053303141,4.15642430937085,4.84118040652866
4.0445718499265,4.4375569069682,3.19246636986144,5.71469472518216,5.99872376198715
3.91761683010411,4.28903538133588,3.10117464778946,5.58287105765689,5.90626627941212
3.23392492614958,3.4074441206044,2.51237652242857,4.83102713623849,5.34907805740391
3.35747841841017,3.62461978241438,2.63714975610439,4.99897094155179,5.50980666173234
3.08115902046468,3.24683673538681,2.41577667428467,4.6746418522679,5.23705763601522
4.55216662082574,5.0352901651128,3.63051587944656,6.23203054163147,6.37804170025119
2.48265393197843,2.52508067860128,1.91837166214808,3.98331696387372,4.66782317208124
3.81900895670954,4.15491656852575,3.01026328681115,5.46988882874174,5.82285372135017
3.73821201233561,4.05506581993545,2.95549211661694,5.37341173840504,5.7450271595918
3.01677985528219,3.13002066675593,2.35011038520749,4.60134797468672,5.20278496256805
3.69696329505373,4.02189369382086,2.95508475632406,5.33757123910384,5.72443945912858
2.16812887263674,2.30004294792808,1.75571480262585,3.62068188483106,4.32771865296095
3.26106922251078,3.41724013784984,2.53592393068325,4.86803928080391,5.38241454731181
3.86714376570843,4.16956766280597,3.03817474923987,5.49551697629454,5.828188263716
2.67981814239853,2.8009798188564,2.10375809660908,4.23194117607952,4.92118199418492
2.86611103619246,3.02897445922436,2.25201848523197,4.4362683176015,5.05426723748295
3.24274190170171,3.41637617170137,2.52028757627488,4.82929269680346,5.32997595743146
3.86669750031352,4.24447692254054,3.06500768501459,5.53435897473129,5.87215610246318
2.7385432903955,2.89220296451519,2.17638031395248,4.30952979838256,4.96417600651191
3.71718920738361,4.12120584570764,2.99487514317332,5.41522075916737,5.82244699131931
3.498428458991,3.79183283670663,2.76930183560584,5.15560005251145,5.61477263643842
3.28095055223891,3.52949256243275,2.59516936226687,4.91298159207325,5.43876188839663
3.37283374844193,3.57501887690908,2.62897678657498,5.00016772583498,5.4926070710377
3.68971686169276,4.00650494067381,2.92682122982872,5.3329023126055,5.72369861243537
3.79586749959027,4.08552509704759,2.97263288407842,5.42872740942309,5.78131941239154
3.91447505791362,4.32799273700698,3.11142435346416,5.61500232410769,5.94514147484431
3.23335996287715,3.34650301327751,2.50201621262082,4.83334295621438,5.35498342324389
3.45467073740927,3.70179948592914,2.73133616102977,5.07470492380509,5.52896235534479
3.88977132366394,4.2289114964487,3.05736378162214,5.54658235405472,5.87279347045906
2.7685344278308,2.95443161639643,2.25293214273225,4.38741289025381,5.08518010539899
2.94364810875884,3.10806090237031,2.31269766118652,4.53047051699818,5.14731891330311
2.05245868445867,2.01564057663077,1.54961997475137,3.44385847423914,4.17123647699096
2.70697983590193,2.84965684787876,2.15170886845632,4.27251092538563,4.93065575932079
2.20247828734141,2.18584006219325,1.66295123698603,3.62672157033489,4.35488338707999
3.53269277229288,3.75088834815278,2.73838625089863,5.16410399092511,5.59360100417643
2.56961377092985,2.66051799113609,2.03051759413584,4.10783975375337,4.87438951069581
3.44106969021776,3.72953957565252,2.71659820449912,5.08412980902942,5.56248511476058
3.61426902460316,3.93096991023282,2.8494251761033,5.26646960399208,5.68232404154334
1.99916408777595,1.99850052615044,1.55687928144329,3.39417536838229,4.2411680293786
3.26298096016541,3.50710354603709,2.58214748038961,4.88957498783139,5.41503658873782
3.00742706168026,3.25490274153088,2.39396268791647,4.61132748581447,5.21375743081657
3.15624914561722,3.32634717111192,2.4622305166115,4.75715297653454,5.3121598296064
2.63355825043384,2.71868026167601,2.05913418109148,4.17042896841339,4.83216399433016
3.65237574059371,3.95311157009041,2.92802224991348,5.28181107514473,5.67065141242226
3.57154602782236,3.88214394122694,2.81994996143848,5.21305226177788,5.64387765327545
3.80086281019946,4.15872888177425,3.01173923339198,5.44847736210018,5.80773148586626
2.51339085326833,2.57346680868839,1.97417790459501,4.04086323584497,4.73303377570882
2.52338557069439,2.59275939475773,1.97165573236485,4.04666714556365,4.75010420271889
3.54096695369518,3.80769340855602,2.7805720613521,5.18079706187186,5.61921463216078
4.30635498834893,4.74393685696899,3.40671960231148,5.99327126069419,6.19130363877539
3.46310352956898,3.72697891104468,2.74515012741772,5.12573072663301,5.60642465784733
3.15069399950154,3.36407260322446,2.50183940620404,4.78168036436391,5.35560435230617
4.34458695437684,4.78159257515743,3.48150458284576,6.00847791443249,6.21247762371748
2.56831768163887,2.60507664965294,1.98699068311527,4.08693274658603,4.76095347309671
4.03375293531303,4.45832599918094,3.20571294484077,5.72134389902018,6.01331358775749
2.72578902089319,2.88546013121024,2.18196342740606,4.30982266468516,4.98864476551239
1.97546396143932,1.94273485816984,1.52264467339145,3.37280874484131,4.12749013405011
3.05275277417509,3.21771204278249,2.39020221157323,4.63499138673083,5.19392695320343
2.93779091220382,2.99814656741832,2.28058218380508,4.50716374616657,5.11590646437219
3.79071272909246,4.09944717743272,2.98346189614024,5.42444051458381,5.78322228214586
1.92325484034633,1.81955475150313,1.41896687828809,3.26678105663203,3.97072689195352
2.39930278209729,2.53001677355218,1.92444156019046,3.86953699094852,4.49727265428746
3.25293679149522,3.38954292895602,2.52003119907512,4.85709390227073,5.37516978177803
3.17256445435969,3.42753232545368,2.53517293028551,4.80112218059092,5.35840944916116
4.03518239285553,4.45527173014591,3.22508197256501,5.70766779274352,6.00261471616759
2.95850823901765,3.14456374649673,2.34927942639494,4.54633330386169,5.13632634581087
3.82110414944772,4.181980202052,3.03801444593407,5.49299752599387,5.85328848234789
3.16256311963032,3.34124156841102,2.49494121914232,4.75515461087787,5.27313071938491
1.7684187122901,1.76163941666914,1.33829171175886,3.06889294385573,3.87918899339309
2.97579806367467,3.09810692096505,2.31695292801246,4.54260191800742,5.11116819223875
3.88629990899913,4.23760161002463,3.1161679036282,5.5361168366771,5.86644620447663
3.97956635950146,4.33909633651157,3.13326528318464,5.62938981831432,5.9294234285274
3.06049652389255,3.26062541319737,2.43058052430054,4.67835396117917,5.2732041895546
3.52334442179517,3.80512518064228,2.7812323454342,5.16903763042012,5.6138300324435
2.52467878228244,2.61907494883556,1.96784777304586,4.04334447349297,4.76830597846109
3.71895310503037,3.97839198265486,2.89589448182249,5.34406987976266,5.71710150986988
3.80351598670005,4.16656861602029,3.00630636916671,5.47011640725496,5.83122581656923
4.48730214809086,4.97210530353985,3.58392349785989,6.16503293325296,6.32881064178159
4.08303750617038,4.44648828887479,3.21848698020816,5.72733321882932,6.00017342893292
2.82063701587332,2.97551543114558,2.22657402249527,4.4022204262582,5.08206812113247
1.77146582599741,1.60526070402584,1.33029196311109,3.06486596094815,3.86004921998362
4.30315673360583,4.80329344081325,3.44451140632736,6.01502218979489,6.23079074582392
3.53554727779463,3.78762940026917,2.78300282136124,5.14502456421617,5.56684768681507
3.50757034569151,3.78016752220122,2.76307240832364,5.13550261135865,5.57553700351264
1.55393173748982,1.65060180213388,1.21953197565372,2.75478788085259,3.58326041562044
3.35334497024124,3.60557074358475,2.65495396950161,5.00189144973507,5.5076638300192
3.88044303416309,4.25932206862137,3.10046201874698,5.54429974658176,5.88785041491828
3.68042176122793,3.96530264854532,2.88253967462445,5.33723050688909,5.73018814344923
4.08439656679502,4.47969856526913,3.22686791505095,5.74779626701893,6.02127944060129
2.47745846438714,2.50241954347429,1.91020550489141,3.97704946987575,4.65667744268384
1.7501529784299,1.70033642120811,1.2852458861763,3.01753522164353,3.74985138522013
3.84418980139715,4.2229122863818,3.04357299348095,5.52457367528932,5.87535415584273
1.55238945567852,1.57316213637496,1.18396857161211,2.76696288152466,3.60712417976993
3.81333265355958,4.12802573821406,2.98385872735244,5.46115983381482,5.81021947412023
2.32984905671134,2.43817424213117,1.84101450360933,3.82566924676846,4.57984209960431
2.269706932679,2.46466377138137,1.85365581887719,3.78358590878128,4.62850006034304
3.71756699274489,4.00597142458741,2.90996782081145,5.35579225153691,5.7339647320227
3.36277514892384,3.51246155932698,2.59208214426968,4.96366214199706,5.4348126729968
3.69399571182838,3.95677191827714,2.87475067849581,5.32772761314699,5.70500868516808
1.10943038279845,1.04448024400061,0.806228207848832,2.08144015183208,2.81155716170545
3.11485013313074,3.2475010419092,2.4255414043442,4.71356206093,5.28775321494243
3.27742823470479,3.48820882162997,2.56238162036502,4.88952773815672,5.39959956517995
3.63377261747318,3.92465475779062,2.89545149945511,5.26864185297347,5.67067982672395
3.56125703694208,3.86089622289363,2.80831816505136,5.20654361068725,5.64481275206225
3.89946956512624,4.26696631029142,3.07832057589482,5.56899069284917,5.90013003288476
3.29755092910121,3.45939108154157,2.55826824743663,4.90453231599642,5.40565743876945
3.21877739842809,3.40534893236139,2.51204468903694,4.81134891474569,5.32734985529227
3.69205322415006,4.00303445987565,2.89736430662889,5.33906066657693,5.72745083484583
3.43096073145598,3.70928499479787,2.70734291275869,5.06992256145571,5.55181115190848
3.28170024240937,3.50696590555992,2.59876068740154,4.87800793001985,5.36071664970548
3.77596844213966,4.06954691153584,2.95385596766781,5.4078833483195,5.76885446756016
3.38158570883338,3.63869473824204,2.67207484345937,5.02860879647477,5.53221495752645
4.35053530181975,4.76782799659998,3.46004935697513,5.99979401673012,6.20125190810793
3.64858537093217,3.92829414754743,2.85591995659419,5.28258836750555,5.6810240514319
3.03973439849959,3.17339127194919,2.36498673722589,4.61873441831631,5.1877609902196
3.67603405643236,3.93684181504189,2.89326742582922,5.29104011670421,5.67208837885549
2.52937899749639,2.64220245775539,2.00082219922064,4.05218808390397,4.72236415011464
1.96622207606835,1.92643492105212,1.49870150742157,3.34505541128505,4.14106258411779
2.43121706373968,2.62289022655455,1.93946874678198,3.95242801628952,4.74113280726993
3.34616446820441,3.58361879731831,2.63743268310043,4.96703956616875,5.45667280523837
3.23522632302992,3.44297936683533,2.54851424860463,4.84878505091764,5.37085851282167
3.57058891503931,3.83827130293807,2.7983080743502,5.21615511221894,5.64100041023838
2.67643737056723,2.79289569436172,2.10936923788074,4.23027291745942,4.89523611817742
2.60381057309074,2.77538839308708,2.08427625137931,4.16912562352586,4.89887388326656
2.64192898326776,2.7133371484438,2.05117039812377,4.16560419199639,4.8010898330102
2.01666739063393,1.98458070919614,1.53920914527696,3.40732896483182,4.21170695608123
3.64743679534401,3.94214742335267,2.8786808756571,5.29080115066819,5.69713058161486
2.88398234424038,3.08164053497478,2.28892515977734,4.46959155776628,5.0942531710967
2.87016747387905,2.97345038829319,2.22755771731795,4.4218037852593,5.01779458607635
3.45368726892559,3.73109553959009,2.72295794477567,5.09617528738745,5.56948908055222
2.80699316473907,2.86352298335296,2.16630102384852,4.35127940263148,4.96514381142426
2.35244336534353,2.29673075550227,1.78780925464413,3.81401754176014,4.53919056963839
4.22159621797032,4.65477909178217,3.3575316528872,5.90190651949763,6.14085606438015
3.2964606147964,3.44252170601705,2.54356866773341,4.88899418312161,5.38085065829559
2.95256514784217,3.07946743182305,2.298031570871,4.52979985334328,5.1438426699892
2.81980415581887,2.81696192979339,2.18652734907793,4.35267881612552,5.03341545661129
3.53234472710079,3.85032795209639,2.79815190521128,5.1780073086463,5.62754342891904
1.95999565849768,1.93228668169003,1.48364133879943,3.32888185389227,4.09450101780244
3.42086236402788,3.75908190549228,2.73542245809689,5.08518946119695,5.58014942131858
3.67438330174711,3.94714154612439,2.88001254857558,5.31397194733873,5.70702121265128
3.22868045930532,3.41787638398355,2.54798437088314,4.81187204987522,5.29770194594369
3.17262765147539,3.29999067639598,2.45199304282171,4.74742477573147,5.26360389460751
3.16361631273426,3.4200490283972,2.53150307874374,4.79046896286737,5.34908118225269
3.00956788014928,3.16222008754708,2.35108613674231,4.59164854122739,5.17492412267583
3.71966214131405,4.00248633564307,2.90314972602322,5.3563019518437,5.72986492803221
2.36692089334949,2.37486102374129,1.80547260201247,3.83466495771071,4.53953708331021
2.51359306831324,2.60212703911836,1.94651982959246,4.01917075506451,4.71987184304734
3.48611507384091,3.69091265024991,2.71114724100572,5.12073998246429,5.57064524886043
2.21515693882981,2.25181370929121,1.7201042534564,3.65803525587734,4.34758758941838
2.67108108166781,2.70575587535603,2.05928919832152,4.19212172830015,4.81152067110364
3.14253676510123,3.31273580051307,2.45478231550744,4.73326227217024,5.27225812581028
2.27670810506635,2.40618630166117,1.84037810935254,3.70559975495533,4.33216433752139
4.53076471237024,5.00890420277183,3.60374256360915,6.21140761537575,6.36099183634946
1.88603138126612,1.82885808131545,1.39827439311799,3.21192520605561,3.94728115431371
3.60938248447876,3.92784150097975,2.84880911284839,5.26560088109841,5.69150005917791
3.67373636110858,3.98251898817486,2.89068579183822,5.33747566631867,5.73398663297201
2.7593808576829,2.84932730153128,2.124265050753,4.29249831985805,4.92529339011516
4.34811827536704,4.77691697281064,3.46246815022033,6.00255633897743,6.20422649735484
3.90843158915048,4.28110436588402,3.11356294026754,5.56716379328942,5.8977573118198
2.42401924706633,2.48867979336569,1.88800424981154,3.92464627773455,4.64180787806744
4.25139182811324,4.68063046247326,3.37641543936091,5.91654558850009,6.1439642878141
2.36355085131515,2.42837213591274,1.86001427309137,3.85609512493239,4.55230551714641
2.60121602005775,2.68551019243556,2.01746017255616,4.12024114504612,4.78570744230848
3.9311222852135,4.29434912316469,3.09437581202037,5.59696369294306,5.90986580189042
3.97978457725294,4.37694135590242,3.15925803465005,5.65191127836002,5.96218499643994
3.46838536166003,3.72472375672741,2.72850348417118,5.11055017147206,5.57524719290687
3.76832668618327,4.12398797180312,2.98031152638814,5.43817033659947,5.81622764968627
3.12009117967857,3.26243214481411,2.42761908236675,4.69747333142904,5.22970815719802
3.41543393146365,3.61435088158008,2.66299980819241,5.03710857727214,5.50571701458495
3.03423686915208,3.19666162163797,2.3867108744504,4.63796043861497,5.24016978555289
2.16132494084104,2.16083249617202,1.659537003406,3.59569395448054,4.33886014970187
2.07065977429683,2.06226217790652,1.58073195433651,3.4725284707124,4.19024157707433
4.04070582504961,4.44617570771881,3.23973115544948,5.7173269329295,6.01651767981951
2.24162218476906,2.22734614723805,1.72203757152747,3.69626254666099,4.42580677353533
2.52374058753433,2.59898757397754,1.96718744861045,4.03384761999403,4.69935384529316
2.35300353156586,2.30727894379741,1.79716311404417,3.82398953141677,4.53140394003152
4.22141154589892,4.71781257726435,3.38155975566296,5.94948012685995,6.18866689498209
3.05428739799659,3.15755340069593,2.35591177421435,4.61846904073602,5.16545286178882
3.52795917977494,3.80390228026332,2.76867857781056,5.15594708639472,5.5897279639093
2.96363648886695,3.1951843887487,2.41143618528412,4.59332532961756,5.20057849740893
2.77110878652753,2.85471122259713,2.14220039855437,4.30690758486671,4.92086443993091
2.49941096209341,2.61421316794501,1.98097065737009,4.03355323247533,4.76561273225254
2.75118150341835,2.85026845442171,2.15334484387859,4.30627348978425,4.94966356582748
4.04781619830767,4.4978792047704,3.22292218427086,5.7485377524394,6.0376979968481
4.23525643823275,4.59970445881341,3.34290374094792,5.86038769976797,6.08698608730256
2.16434450692984,2.17573627773506,1.68854942394366,3.61611814745331,4.39670854975286
1.51904337183072,1.57025679264814,1.17023677321534,2.67533716523698,3.41924267063943
2.89024965977735,3.02629922394416,2.2606182881762,4.46559410048678,5.09522674858779
2.18886224707541,2.16884583083819,1.67827806279777,3.6305253592195,4.36204175253221
1.64238683593034,1.60120861604221,1.22805676855154,2.89244285648233,3.6443969865484
2.7667688465375,2.85667093524195,2.18442645960604,4.33938610975216,5.00187273904638
2.83142415850205,2.9763595457537,2.23476160444832,4.40546309187803,5.0330995566796
2.93096905683967,3.06400618987185,2.2770347001661,4.49890614940988,5.10555601837325
3.5113456188422,3.83389037039089,2.80663358383819,5.17650279616242,5.63630142541201
3.7428603903015,4.07049022784128,2.96768611253545,5.39349047198442,5.77539760538025
2.66040371867359,2.73027997794691,2.05650962549335,4.18677699641168,4.83849234671129
4.02952624123928,4.42308202836929,3.18202424736688,5.70564154432172,5.99326786269937
4.24975195308336,4.71352194285085,3.39196973604425,5.94935347916049,6.17961414904421
3.33704427956378,3.59825287971404,2.64345303593372,4.96350645306983,5.46099831800993
3.36244354009709,3.60508331715744,2.65064219055873,4.98857296110933,5.47760700309856
4.06541402608759,4.46730723981726,3.24883709212857,5.73308640498688,6.02013656427727
3.61054854692365,3.91122378053629,2.88481957954664,5.2433672402158,5.64930653833855
2.98748177990147,3.12158942585557,2.3364902202396,4.56526251001284,5.14128921019696
3.64817942395835,3.92869423472152,2.88794545000169,5.26976799199808,5.66639824243374
3.74576021530346,4.11511459375573,2.9837896200727,5.40768010085318,5.78988957425788
3.23500601699016,3.40330272819139,2.5243387511109,4.84936240135721,5.38242175233393
3.7177579622206,4.04218268350787,2.93881917217143,5.3629331706473,5.74483121899435
3.04782901103077,3.19462902023824,2.37207048544876,4.63258084255047,5.21047834632454
2.8314317171945,3.02869585238248,2.26296376636672,4.41644927019438,5.04486168069624
3.55334001771672,3.83497406808223,2.79031050477923,5.20349819068933,5.63933577911929
2.22562037003784,2.19496638940994,1.68694993148156,3.66064953119972,4.37046031987869
1.73619586254161,1.79049837750328,1.3419059493535,3.02598746930146,3.85763063753636
3.07872121960962,3.25627257772713,2.41555847800734,4.6732500663218,5.24117707495492
2.7610077850844,2.95291730719624,2.20673694422018,4.34419438213585,5.01341994106289
2.61366302251346,2.75766252540676,2.08208634039916,4.17503056453502,4.88871918475785
2.7532341228988,2.9401318308587,2.21330706742152,4.33294074329338,4.97664215465039
3.25331229124818,3.4193529644768,2.52341605477903,4.85525465939493,5.37146073577539
3.23374248538303,3.46337761672859,2.54825258504215,4.84470108063582,5.3736091767428
1.99459649149954,1.94513697029505,1.51914560947677,3.38513565133231,4.13640350898888
3.64396379842155,3.9759960892561,2.88021390688746,5.29965439754561,5.71435129123199
2.30122908065553,2.33878588940084,1.75176323814311,3.74979511319171,4.48324116655689
2.46496680785636,2.57553349224048,1.95579978093785,3.98730482810062,4.68530370467832
2.92442225037591,3.07225160681577,2.28456048247148,4.50049337877449,5.11776777938228
3.9697108173623,4.34585446719944,3.1423616915106,5.62352716386536,5.92982311721686
4.27320863977533,4.74502858249656,3.3983797515199,5.98122662842167,6.19725252101816
3.07222562515558,3.22244493172846,2.40765281147033,4.66977954780492,5.24157664775956
3.32086797854681,3.62900023341753,2.67580255292958,4.96113101936754,5.46175651820384
3.62072466814267,3.92291958466319,2.86531566532744,5.26529193561666,5.68215693290365
2.82150250794082,3.05790662401401,2.28357676473411,4.4287035472472,5.09049884613026
3.26412212532433,3.40264427045354,2.51391820128013,4.85483634542857,5.35739771525267
1.82434571253161,1.85326244896413,1.39048553076714,3.10704254588326,3.8222791155717
3.27475808490938,3.48013531385487,2.55927538985696,4.88008665577918,5.38997334211462
2.32374956224696,2.4122782293253,1.81394026393721,3.77872753515977,4.45759866559234
3.28045566070878,3.54050734220527,2.60896105713765,4.91861215981629,5.44405821016655
2.95320821119005,3.09889408518997,2.30924706242146,4.52956456505395,5.12434426419682
3.5255710135455,3.6867276218959,2.73400462739858,5.16675019949915,5.60441410931729
3.48190968887018,3.72502764517927,2.72659537183272,5.10424025110396,5.5540350470616
3.76630215091963,4.09128275998194,2.96583155676279,5.4303218458373,5.80194949795793
4.03119175209034,4.42536754823708,3.18584544612105,5.70485314350283,5.99341529857728
2.97120534099605,3.16914236379699,2.37983940896821,4.55591730932767,5.12005582004389
3.21964095976583,3.47486635144188,2.57654668565785,4.84182923261039,5.36694983182133
2.2809469839267,2.32079126528873,1.76194364360973,3.74207868208045,4.50554986173464
3.45577262430616,3.66125603806933,2.6877393364263,5.09340412566991,5.55528467339215
1.81561630002882,1.73928444527654,1.37508497944445,3.13018264471745,3.97893623972688
2.92399345416415,3.11348383236194,2.32838911339846,4.51402082308819,5.11411269519395
2.62638235000371,2.71428447103241,2.03812680552473,4.14063324447665,4.77660452801317
3.59409351407369,3.90661676676908,2.84129736659072,5.23059170719057,5.65480833228735
1.88676083782595,1.76696548753912,1.44222000095444,3.24362809432263,4.07239279312169
2.65211133756721,2.72872164197582,2.07073771204709,4.19739288042398,4.88969751031441
3.02086940448179,3.12131902312656,2.34906827764866,4.603647306027,5.18671248260189
2.26635035915272,2.29553220787642,1.75289449943679,3.71948763152695,4.40937139246252
2.70841280848867,2.86734152689053,2.17848322609234,4.29616940839769,4.97692677001885
3.28294206071045,3.54396227514454,2.61339780234253,4.92413305261786,5.45229899989474
2.37563943310322,2.44805795353318,1.86329518396232,3.86926313205197,4.57038520677241
3.54367543162063,3.87375264630347,2.80159097745864,5.2113796742082,5.65979725368845
4.03175316266767,4.41365316611291,3.20356979175989,5.68920757742733,5.98414925268285
3.6896303645935,4.05171286778675,2.97492334801279,5.35606887985074,5.76005987250041
3.09233512804552,3.22778278655717,2.39982315976246,4.67951683239195,5.24454125157277
2.87827281752355,2.9945396136546,2.25649848914898,4.45668309522793,5.08914902809545
3.41135812870334,3.64242095693288,2.67994864782244,5.03313822648587,5.50578595519184
2.56367832967604,2.69708069363665,2.02578858345242,4.10179214654605,4.80830004822677
4.24778616177787,4.69215508667475,3.37827752179201,5.9209532641859,6.14998072024326
2.6488643243662,2.70230239636604,2.05807853584619,4.1817664969778,4.87301347359301
3.33809609061439,3.62830113588423,2.66103319395579,4.99609954361414,5.52677902912662
3.77854403146436,4.11994869107329,2.96792523862582,5.43579859300232,5.8029914071746
2.67663559169409,2.69621635891886,2.07454453854254,4.20975622076506,4.88475975166541
3.49183568001509,3.80438790949835,2.79142169113545,5.1457515286076,5.6072999110223
2.72681855587679,2.84907523011495,2.13267632151789,4.26515414751988,4.8883242119183
2.89811823665036,3.06037160453918,2.29962329181851,4.4887006750243,5.10516377436421
2.45275083928402,2.58946786618776,1.93519130888556,3.95327901368032,4.65262579555181
2.5419141910629,2.62225310883437,1.9951123766816,4.07425686606071,4.78367079423698
2.11407511881069,2.11324162045268,1.6133617992071,3.51791914640657,4.22339129912386
3.05347360388869,3.27548961796224,2.42738817103269,4.65457010578046,5.22325865879955
2.79242121894107,2.88811426646507,2.16776882231875,4.33529535324175,4.94535151637183
2.9151767647176,2.96678007896904,2.29323835880332,4.49308951713033,5.14062753942979
3.70538092686981,3.98798790791145,2.89544051789274,5.33418840820175,5.7135824704101
4.48425356183415,4.96266459177949,3.56750494793853,6.16763084222633,6.32989303375233
3.95649184547115,4.32594972233562,3.12520239460231,5.61956774561605,5.93248085644254
2.87028068703155,3.0716288572463,2.28966549505384,4.45690033460235,5.08033985079854
3.15552059346042,3.35904549417198,2.4938641085065,4.76709142171691,5.31981281042297
2.94879973819398,3.14978412538437,2.35821240188048,4.56825089835397,5.22436858089949
3.51184446276461,3.8274576394987,2.78157496536799,5.16666370885173,5.62973103232895
3.39577591960885,3.60644924068103,2.65005576434406,5.02360319562084,5.50435393191384
4.30246009516428,4.72744848631078,3.41615206670306,5.95814342503483,6.1719039891365
4.42215565972469,4.82156006372095,3.51722536512585,6.05411628748195,6.232768141901
2.6691932302728,2.7180245850919,2.07475115760515,4.2075820631669,4.90392087582498
1.59260778435055,1.58593362129997,1.20379775164263,2.80730002820637,3.53834991390724
1.75096291114316,1.7505302271765,1.36035973720679,3.07827142731448,3.89234653361903
2.95382970507248,3.08403944402355,2.31337965729112,4.53573295547321,5.13601568422676
3.62331222298211,3.92144908301432,2.8590622884777,5.26884900829614,5.68387494582481
3.85789676642013,4.19653436921189,3.04240037130783,5.52491182516326,5.86544721942859
3.60298340775572,3.91907208274897,2.86089588934503,5.25378040489912,5.67494838639462
4.23857072564755,4.65348309433658,3.36561035605128,5.89391841916878,6.12592766377927
3.23661021880692,3.5022562644702,2.57633150278633,4.84996803094114,5.36962961679063
3.7684357640576,4.08716846010903,2.95342122254374,5.4297234644248,5.79585141350498
2.32443190069311,2.41960198385971,1.83598826585799,3.81067386802053,4.52791950831431
3.62617483478979,3.92037675509749,2.8360605309697,5.27582013791408,5.68713377113795
3.2747085829881,3.43565675778689,2.53336844231396,4.88092335787798,5.39771175048926
1.30779974960116,1.24665121155178,0.955958304867323,2.39522611364454,3.1664953200613
2.56936618692738,2.62784354115874,1.99317841746659,4.08822403998896,4.76930699291623
3.33954091896778,3.56789463428038,2.63272555223121,4.96225780951536,5.45929994230222
2.14353817173452,2.13130674928398,1.6483738629682,3.56888070651169,4.26918943936063
2.86203209918739,3.00066007831353,2.24119406469345,4.42795975073115,5.04285042440048
2.5066444091956,2.5066798377748,1.91881235874997,4.00030551169277,4.65490154494982
2.71579250852479,2.73256622905399,2.09179965160493,4.25033123864549,4.89245236585302
3.53056745409688,3.78055302642902,2.76519859090429,5.17794810153033,5.622763316977
3.12604488493757,3.32065207734821,2.46152623811626,4.74072893247688,5.31669952009103
2.79587229657612,2.90433550207044,2.19259310271093,4.36583544328569,5.02253292773409
3.57120776514303,3.82056735133413,2.78873672676879,5.19299614946945,5.6104720701005
3.7939648361713,4.11723080278421,2.98150353092385,5.45948090454382,5.81471306122067
2.82734960379783,2.87294558502234,2.19195265408575,4.38407642769459,5.03652967860488
2.82630110499362,3.03279615334282,2.2478943351305,4.40547090377164,5.05202509121413
2.0372225995567,1.95119937923675,1.52807636864628,3.42325407655046,4.17448967237229
3.15224930971958,3.32962778759914,2.45947158897827,4.74427827086956,5.28650807117346
2.25799462599639,2.31962564339447,1.76150287882564,3.72693365855199,4.48777897403194
2.4408742866147,2.4940035870152,1.90256759143358,3.94886366558711,4.67885231702658
2.88209531545158,2.97041214627663,2.24872818996596,4.45212925184578,5.083472765702
3.735072329256,4.06594862161322,2.95487251963638,5.38628863375172,5.77297728639776
3.45857109316458,3.6534713369025,2.67204469950065,5.07280306978555,5.51928510091068
2.90279408021972,3.12732732840105,2.33322267248947,4.51562924596287,5.15970413941022
3.33452951881098,3.57115919875199,2.62649972745143,4.95229006341395,5.44583438433274
3.94634690064892,4.31331020636728,3.11142583641211,5.62618748362704,5.93792910400271
2.89348323829218,3.01550035759369,2.26205807886664,4.46686623233242,5.08480191442274
3.05001771914446,3.19811372566562,2.38129116809404,4.63798359489425,5.21334191434877
3.98186154338192,4.34712224440395,3.15081672829925,5.63517869917035,5.93802009492846
4.46815769769933,4.93599572135851,3.54892398303637,6.14312504731606,6.30904302622719
2.62422693971662,2.67040636191193,2.03251844906019,4.15100974017747,4.80944402394934
3.38322270081999,3.69719268111538,2.72842635829801,5.05750629251507,5.56913153124083
2.72806632277643,2.84138186923062,2.13848881860761,4.27208452851067,4.89895683187429
2.5540950002886,2.56790801394651,1.93591182496584,4.04111413360182,4.69173709457162
3.35954234016626,3.6839536947477,2.71322091850453,5.03699553631783,5.55739377328449
3.32643601156262,3.50833703651591,2.58732545487052,4.93870865357292,5.43223992427747
2.67397981130999,2.76707916989938,2.08132189201723,4.20831048103565,4.85655701028402
2.99422529083749,3.14590494807791,2.33949185291056,4.5654738089026,5.13675179989289
2.49667658063858,2.56427004722397,1.91489385414786,3.98671321773043,4.67560450454515
2.9605118954431,3.13263932795159,2.31939857642713,4.5353643552267,5.12751765195698
3.23504543298164,3.49084890008315,2.58311612195605,4.87633835980384,5.42266404179142
3.13691381737085,3.30599510088349,2.4505243082051,4.73316901897188,5.28234856525772
3.74051056326131,4.14645028799397,2.98873408986714,5.44623755010873,5.84006628426469
3.99438973920627,4.39282358601814,3.19785603789572,5.66327514089272,5.96979195323907
2.49904154796,2.56128934957243,1.94284793389627,4.00979253683047,4.70639152134056
3.0373574395028,3.21903637492849,2.39876057473612,4.63082822583507,5.20184918658809
3.02652195124865,3.22742287648106,2.39885185755185,4.61477345935899,5.1787114745369
3.15794126899085,3.33044616888319,2.48936356112657,4.78010981150919,5.34828097776553
2.54344719300482,2.65064845856188,2.00672330142555,4.07956792151512,4.7842687248627
3.2397519757388,3.44742536279463,2.53920621931972,4.85525442806789,5.38662362576562
3.8888894455844,4.23160148351249,3.06658779785531,5.54019501120638,5.87050660219558
2.18482140136742,2.2350636089519,1.70910750539703,3.64162190893026,4.41503758334059
3.43668121634808,3.67657526640498,2.69831680969361,5.08047845248731,5.56168742744136
3.1626054341201,3.33438091179282,2.47106410303414,4.76706407996991,5.318687320905
3.60706607671771,3.92834024382336,2.86188009207669,5.26983209660676,5.69520165262458
3.47577428960142,3.67727997989329,2.69547154810348,5.09971205349306,5.54710014776235
2.08731326917386,2.04819039101393,1.58051055305677,3.49256514736091,4.22786888210194
2.82403549672181,2.8561018406709,2.16481870833728,4.36062728360673,4.95990204468288
4.71292833055894,5.17118348502287,3.74912651597313,6.36240535337657,6.46418174763309
4.12197618131025,4.56421354927659,3.27721715091356,5.80301099938498,6.06987413361347
2.44533961754667,2.57813480950347,1.95613747715549,3.97206817791533,4.67673424055243
2.72569876491646,2.81627536589002,2.11551631553996,4.25792991893137,4.87708661877106
3.5122888584596,3.81198725430113,2.77467240075053,5.16706843769316,5.62651799913961
3.53892782230508,3.84098233955604,2.82951504709916,5.17557645999281,5.60884062539802
3.97246750502985,4.28223321158501,3.12796798423959,5.59544003954443,5.8947793290632
3.51304110351482,3.83990681083284,2.79051447515464,5.1700039631835,5.6256333509441
3.09916134866846,3.28427242881493,2.45941407360857,4.70134267973725,5.24925333521762
3.97216882431015,4.34922079301822,3.15159754443584,5.62943367977971,5.93773203398422
3.03024617300638,3.14451168230488,2.37126302046477,4.62525571879409,5.21843839740055
3.17231655063382,3.38321580934178,2.49657271677034,4.78382303227743,5.33452213128786
3.37821691852589,3.56688471912794,2.62972356147047,4.978262149568,5.44710178083145
2.57744953447283,2.69779712937327,2.05280083861555,4.12349203274428,4.79026256504858
3.3989803830457,3.60705401341595,2.64260664859408,5.01572490245485,5.48942697537321
2.62879215061517,2.74927738649164,2.08445818048787,4.18675303202515,4.90302083904875
2.56162398251575,2.55614118394249,1.95878135346722,4.06568701061255,4.73488364692599
4.04491407451781,4.45291246024664,3.20781081422781,5.72824827967862,6.01354877335157
3.13364945634433,3.25012422770592,2.43816468433121,4.72970260914407,5.28186969688613
2.99453003950785,3.12990539147773,2.35436867782671,4.59182023679793,5.20184864818987
3.56543638786381,3.87454176874368,2.83774615098268,5.20352772397699,5.63373467538642
1.46841883872501,1.29469915851303,1.06327052050646,2.63362496600763,3.3998652902674
3.62190384743404,3.92194363549618,2.85504723203996,5.28691709041044,5.70829916245495
1.53132612875243,1.45178122640542,1.15534055886732,2.76244853733594,3.551380659329
3.60386690042857,3.84473602574219,2.84054500988114,5.21148638831048,5.60912840644103
2.2777746816634,2.31289662767004,1.77702079904907,3.75421374132148,4.50087915693845
3.14061533705548,3.30356534471073,2.46465374669529,4.74411465385761,5.29499845582421
2.61321775531947,2.67817755418403,2.00500633529761,4.12396286009668,4.78885606574565
2.35075603415682,2.45899344554307,1.84063961630997,3.83878776788367,4.59349821050131
1.00280998489525,0.904406988158655,0.70528824134189,1.86398343248364,2.61810950545986
3.27009149276351,3.51069952958258,2.57197336889669,4.89487610383405,5.42214410893919
2.38488038584633,2.40412867501891,1.8456419447372,3.87336056768831,4.60041215181053
2.18718446384534,2.19070621470556,1.66510076759852,3.61117687114667,4.31562839182419
3.78450400574467,4.09984456142379,2.96882243556361,5.44547674525397,5.80328772389245
3.69727276111178,4.03828157794936,2.92923305162296,5.357066212451,5.75316499133122
3.87602193169703,4.25137996903308,3.0682584934936,5.54851010633786,5.88769864430847
3.05550086583486,3.21057826481197,2.3964203421728,4.65587106250365,5.24439471648282
3.35601194031278,3.5769439590637,2.62764779126931,4.98348523153271,5.48059058408468
2.07244142739734,1.99029998777594,1.53711815011243,3.45350484292734,4.14443933891137
3.04181141509568,3.1844938392078,2.37879454813017,4.63621970878745,5.22506072776247
2.07507869097716,2.01536149835727,1.57445380390723,3.47439744092328,4.26316035054697
3.56668519640593,3.84414571042043,2.81919845949551,5.19268190873689,5.61154792387023
2.7242099860258,2.82730372951552,2.12264967089972,4.2600758551074,4.88705855698548
3.17488562632019,3.38316079617232,2.48541503064023,4.78156022977159,5.33127359419917
3.42430508460563,3.67603030693081,2.69260518506414,5.07219783513048,5.55351945398031
2.43740345093234,2.37875340702824,1.88873693916172,3.9230850987899,4.65967161533077
2.74299720329041,2.87776605956337,2.17443060283193,4.29779909241016,4.91437182459714
3.1676999220095,3.35411762994015,2.48691424592889,4.7581274981515,5.27978459286054
4.12988966918347,4.57103434583524,3.27938780708695,5.82443683758861,6.08342638480519
3.16066013617784,3.38686476168581,2.50971463202168,4.7873772621794,5.34999350754832
3.34907596720727,3.60135459653773,2.65124656693808,4.97210202721142,5.46054536204096
2.93241247634715,2.9958599544148,2.26576963386887,4.49482911032187,5.08896404477514
2.49243221544762,2.44936810921639,1.89419576307424,3.97892764165692,4.63525497956425
3.54008400097011,3.86042112074345,2.79845006371613,5.19134008280194,5.64332807142871
3.23152639192658,3.3805839431258,2.50617866747537,4.83235480689896,5.35452400474921
2.92416510352858,3.14249707119112,2.33625915398738,4.53199797437597,5.16921641334817
2.76487313378881,2.88878871470506,2.17787831525516,4.32896091772936,4.9717225869406
3.86191246657643,4.26736557228507,3.06709713095245,5.55404733671617,5.90109722664143
2.40179704755761,2.59619353527313,1.93964635887006,3.90621283003016,4.61904239539783
3.83830159647798,4.17845695686184,3.01594084672531,5.50352457271543,5.84679198486185
1.93330274732203,1.92023679720745,1.46666721345858,3.28712155522248,4.01972980715266
3.01487394414761,3.18421461960259,2.38302085777752,4.62639172436405,5.24766477851102
3.44850166879014,3.75818534184251,2.73342824301966,5.0974763846643,5.57619522520199
3.80634191641985,4.12680109802164,3.01519561084578,5.43965247314971,5.79039971157624
2.65567681511759,2.79528747687202,2.08798500630145,4.19018941934831,4.83896337304209
4.09815819979676,4.51105772620444,3.24477767319775,5.77043137589632,6.04011149272739
3.56643919991963,3.84115938076592,2.78521128955092,5.20395494147741,5.6341432243419
1.77434897917753,1.80337355893134,1.38237758642818,3.09819644718948,3.88268344503105
2.99600417666174,3.09187456800845,2.32857891231833,4.5744597698709,5.16381107872544
3.53016158979808,3.77803758477076,2.75503040054473,5.16782035149819,5.60341268890026
3.96500538114783,4.35030658328637,3.14181816801465,5.64144718446303,5.95405249062377
2.01952906594525,2.04130790127778,1.56418256930843,3.42369594750679,4.21041104047464
2.1644249731071,2.1882988482931,1.6856904130853,3.61206817569912,4.38982774811953
3.18112608068101,3.3418558213004,2.47072219107631,4.77178861276941,5.30163803139325
3.39124181665805,3.59402838841621,2.63395517146259,4.99506546773742,5.46209316954794
3.30814992134761,3.54158637223307,2.6122711351436,4.92517531784026,5.42384576917762
3.4814234982081,3.74215383368059,2.72845899264331,5.09870973108588,5.5454467836469
3.56003449730689,3.89812570005694,2.84130192330834,5.21605072205601,5.65264294630187
3.21921619225121,3.37081412052126,2.50014134254556,4.81962925666289,5.34470198750623
3.45746232920088,3.74143566737057,2.73675288434802,5.09233619485158,5.55466194322314
2.93238199315017,2.99351995246647,2.26160105155057,4.4712790851147,5.01643189559
2.77891139283479,2.79613021347626,2.16457056497279,4.32518213651197,4.98526288665209
3.93598247477141,4.31069367122477,3.12845776444689,5.5976618136016,5.9212218179742
4.0208542358108,4.41281583397651,3.18195691401291,5.68621391254716,5.97690852937893
3.46811951434026,3.80035298456306,2.77447663940146,5.10507023353443,5.55860620312529
3.53266528369473,3.77810515597251,2.75739022825363,5.16396713916372,5.5990929332784
3.12812807385738,3.31165613233574,2.46965893053391,4.72865640292426,5.27096856976547
4.25963646960908,4.66429320225913,3.368486686601,5.91183198810222,6.13709020567086
3.3561942045957,3.6195544775165,2.64930064556208,4.98454897375572,5.48763272756047
2.90359308437978,3.03519158636715,2.26886656266592,4.47500152262394,5.08489322998071
2.89032714527208,3.06081662171437,2.28967549624006,4.4830986652964,5.12174326831583
3.32633264270613,3.61381937186829,2.68660044382121,5.01213827452685,5.55840996254675
3.36986617961279,3.62071043107487,2.67939403221756,4.98717352562457,5.45937253487412
2.8221980785017,2.95995070750979,2.21012395162332,4.37529873401782,4.98724640157411
2.80391814563464,2.95410682798368,2.20996338299031,4.35980233277442,4.97194189990992
4.02511083218759,4.42284895111183,3.20795427727002,5.69462121886615,5.99328065834729
2.01102480213173,2.07806933965495,1.59683130803481,3.43596189763635,4.21529704479875
3.0054569974411,3.24364350277577,2.39929011112939,4.616071003249,5.21876394632221
3.73364138762834,4.02928449381233,2.93024461912516,5.37144280714335,5.75008549388259
2.66762711023937,2.81899022096707,2.13740172298826,4.24703288462686,4.96104760703636
1.93671032976199,1.87278981096054,1.46191450464822,3.30188532854794,4.0182137248745
3.17266570793366,3.30302657793635,2.45091069254231,4.76271370300655,5.30211724780075
3.32138397064345,3.56499227592103,2.61708498199397,4.93412852608309,5.4294899528204
3.65740642706923,4.01816899841177,2.90477359006815,5.32777933774949,5.73922415419
3.6876935847063,4.01540789113682,2.91038042305078,5.34383034957983,5.74523240674365
5.07251080328545,5.49585059424811,4.09625734229766,6.67555071439128,6.66426157649796
1.80130515736141,1.70069352939051,1.32239718952532,3.10484599436774,3.86147964963098
3.0873293583668,3.21872499625232,2.40194215803149,4.67482159757692,5.2353346125462
3.20616785700061,3.48089509721902,2.59874511459557,4.83863668392874,5.3623552557448
2.00730059663292,1.94596644674984,1.52529610739307,3.39330115723264,4.18869830461522
3.11149920385155,3.3322210345311,2.4704573162397,4.74088009306072,5.33765102574246
3.14932493869667,3.46499267033565,2.51857364104136,4.798030728312,5.41007757012477
2.67254430168875,2.71443474028354,2.05683259764611,4.19885710692493,4.85045816215693
3.4524308592452,3.77586198921976,2.74621618296314,5.10936636923682,5.59141611159936
3.4454049219149,3.70270882300198,2.71385590539562,5.06641085860043,5.52453478225559
3.14721607233855,3.3241833923209,2.46588150442818,4.75163371433119,5.30411860001122
3.91154282706633,4.300015643427,3.10336339226127,5.5915945898237,5.92262575960322
1.60173992734474,1.5833411832502,1.21481279403739,2.84204093564418,3.60084022723694
2.26560525629351,2.24588476164007,1.74548861239884,3.72956068377272,4.45133677925477
1.54130359169856,1.48490271136139,1.13724369084868,2.73370323605724,3.57246456075291
1.36284761977625,1.2704035813138,1.00312799630093,2.49427785545147,3.27287528435699
4.41397352568144,4.92155906591995,3.5312944313179,6.12653235594219,6.30564263745063
2.31348467349197,2.3283383347047,1.79017819217428,3.78014703658054,4.56273579635825
1.72077613791737,1.69398587738726,1.30783181378079,3.01823237902364,3.78815415817503
2.89667551375193,3.03657551271979,2.25717929358191,4.45967105943927,5.06339393437946
4.45061816039671,4.96437755686534,3.56725256214338,6.15214667824306,6.32456017735281
1.76092320787085,1.74687963655181,1.29792281998169,3.02935001019594,3.81353497818532
2.75048432537366,2.7814787052701,2.11061357976874,4.28313613748945,4.91821275317601
3.96704556908188,4.40512992539468,3.16989283134329,5.66919155004689,5.99025544163032
3.79017757718134,4.10497794193802,2.9707346841295,5.4484246800706,5.80096992789895
2.44214178094929,2.50786967259975,1.90341259888601,3.91219275501737,4.54502976242225
3.03352287024445,3.20831750914542,2.37464644884579,4.61216763910568,5.17861983465774
2.87230194372597,2.99224388058276,2.25946883388389,4.45644172676879,5.10052449540554
2.63062784725135,2.72440820405532,2.04511943708857,4.14702718107146,4.77954641204485
3.74833090490468,4.07314878445348,2.95246841686303,5.39723480648784,5.77172130313929
4.27920852240622,4.71140649244047,3.39910115783125,5.94191420615108,6.16343128472394
3.06250441614608,3.22118869263186,2.39647453659012,4.64564034331262,5.19971154099301
3.70029030148201,3.94900975686173,2.86811030955938,5.3310901576435,5.698734588593
2.43973511377813,2.51509128222222,1.90806136331329,3.93963411183134,4.62451128384302
2.16235575602752,2.19054923620976,1.69357093283976,3.61830617782218,4.3843910182931
1.99427414594557,2.03111879831216,1.55527708890941,3.37015737256122,4.07687380694941
2.52392047682841,2.51836268322091,1.94968578539485,4.03290245985514,4.73593991836265
3.66810612655262,3.98954488362997,2.91214975926376,5.31632848437627,5.71859881804161
2.85754526720967,2.92895563396925,2.2109168821468,4.40703125127334,5.00173232289538
2.56455045923975,2.60790037803858,1.97412073240368,4.0748849217949,4.76192681501092
4.05666485299341,4.48580219483321,3.24793459691095,5.73583817723416,6.02944412894922
3.43499697090819,3.64774739866407,2.67691049815735,5.06288112405321,5.52901211794213
3.05539018431,3.20094320593897,2.38107970896131,4.64221270282249,5.21748167931952
4.31265143881885,4.7822738534112,3.43750114951996,5.99924958769043,6.21235678615197
2.62002407358329,2.70282918801138,2.03011832842711,4.13666437278421,4.78393063877192
2.65653238132815,2.60697286406051,2.05379718556566,4.17539098526785,4.86223100502696
4.34487539952559,4.83045594710549,3.46370073815342,6.06360702987827,6.25773357917286
3.8275334828558,4.1723487952716,3.01898528244422,5.48127950873385,5.83045630868419
4.00898564172512,4.36527170040016,3.17318632756404,5.66047492065815,5.95803038388144
2.65613074893376,2.71528952612236,2.06032701334895,4.19206690646587,4.86707356984785
3.05056382891175,3.23336356425196,2.40235999123249,4.65334108859406,5.2417108325792
1.85461840602282,1.75527951544464,1.39872350724504,3.20467373108791,3.95656557592648
3.21556380194556,3.46159002875972,2.5580016020315,4.84845205001673,5.39415939610606
2.40257729905217,2.44455972313351,1.85308268953864,3.88905709772951,4.61716252282483
4.38417100071861,4.84065059209897,3.48277796112238,6.05808498568823,6.24732471496874
3.31638690513388,3.56426120310221,2.62425403750247,4.93045747176816,5.4245681074145
1.81546470357719,1.78522127529136,1.338296024106,3.0947865740094,3.81754607392412
2.42624146593504,2.41589408006107,1.92656443298134,3.93520234855085,4.69823509186205
4.00002436819381,4.37349427214502,3.15670991124107,5.65506326745934,5.95206134870381
2.35105861278352,2.41919959378163,1.8174733298808,3.82237140629988,4.53340847388904
2.9765589059449,3.10720010501758,2.31682859304449,4.55542348626321,5.15738267322432
3.39134113162218,3.61422087445773,2.6575206690234,5.01040292811956,5.48879844460799
2.76562972089421,2.8016799554601,2.13237140876926,4.30646901099703,4.95042999289949
2.09853187751777,2.05851452424423,1.59445797802948,3.51110362844341,4.24587945706995
3.31922431881479,3.58994354078619,2.62813615836457,4.94346705688531,5.45032599671755
3.38602762581094,3.6295109054381,2.66193605148428,5.02630547097067,5.51977517476293
3.09864243863733,3.21470143924364,2.40122898209125,4.67740050155346,5.2231402526478
3.06497369787478,3.34972397605392,2.46633776101629,4.71217182246853,5.37154807970254
3.43525431842816,3.68700927653903,2.71588922403456,5.05560415575395,5.51269794435383
2.26381025336558,2.26328723519551,1.72147851901209,3.69737076349928,4.36856579525941
3.60984941052841,3.91283461555074,2.85172937431636,5.28614553175305,5.71751095682862
3.61835660338271,3.87451208612794,2.83372458404546,5.23381669395285,5.63621832713086
3.19055377198582,3.54436232296656,2.60326528079993,4.84319746204712,5.40518327585647
3.45468431185549,3.6818757804335,2.69587014529711,5.08756108191407,5.54754562760613
2.99537663391376,3.09366137536269,2.31644959034682,4.5671082444839,5.15425644499361
2.26511724884047,2.31382387144851,1.75604983867206,3.72175262281672,4.43013725292765
3.1077262588189,3.17868943184777,2.38462934803277,4.6780662734412,5.21939943147572
4.07511858659974,4.56868502104594,3.28119084786255,5.8075167102709,6.09341653966466
2.60097672936776,2.67301719833974,2.01047279074669,4.11921775878733,4.79079764287509
2.75819117311916,2.79536375403524,2.15093623232147,4.30690102703778,4.96746119568638
3.64119772446675,3.93329663674803,2.86070663653346,5.28769340166551,5.69302615038472
2.54028742569569,2.73021188319264,2.04980599064459,4.0985862077376,4.82425589806249
3.88164891491037,4.23447314037467,3.06022674155662,5.53941553982592,5.87225940022557
2.61295302444718,2.6822760413034,2.02626738724811,4.13305666562447,4.7802684482042
3.01984208473297,3.15645044989189,2.35776283753698,4.60297953453734,5.18009975332217
3.07234320964866,3.20528069387237,2.3920067986742,4.65767201006683,5.2203206929909
3.36078051446258,3.59844330513818,2.62321145279866,4.98967951710947,5.49413887902658
2.99712921028662,3.12050119526131,2.3221931356149,4.56450842945409,5.13927728266049
3.19445930799478,3.33687291390817,2.47196994405253,4.78826652577814,5.32084601992841
2.73310447045068,2.83063399857602,2.13885340705281,4.26107352115903,4.85072853952006
3.20202898934939,3.41050628461029,2.51799493735149,4.80616220198955,5.33413695195009
2.33784019993156,2.35792675550846,1.8003099764818,3.80775956783614,4.57159808927496
2.55307179671873,2.64614025598661,2.0009936625198,4.06801373467758,4.72030640532942
4.28534603245093,4.7932502743386,3.4437615216293,5.99607955241034,6.22005590379958
2.14140831885616,2.12743258005605,1.64399108293219,3.57316751128477,4.31941741326548
3.2023305169151,3.40938986087704,2.51580316906715,4.81126142668334,5.34404384741421
3.73614764791465,4.10007363467133,2.95395734066157,5.41198714004327,5.80252360293471
3.13585036001894,3.32793008598512,2.45874391583639,4.7385126779153,5.29572169806656
1.95786349044531,1.9787358717336,1.48583132107017,3.30189499260403,4.03315173104852
3.8937693888558,4.29562726532286,3.11329321325903,5.5670408834597,5.9111387417296
3.07465638839055,3.22698215857088,2.40875857906947,4.66889326184426,5.23433991560745
3.79519482020793,4.10507705816066,2.9871276455829,5.43347756971225,5.79142698374531
3.02462788015831,3.24285985848412,2.40053637337407,4.63431706709133,5.23741270987551
1.69681742764941,1.61374389385142,1.30312420341062,2.99319186473697,3.84543406281591
0.990279067876301,0.845516897545536,0.696021845389495,1.88246191362238,2.55998317816679
2.53157189003868,2.57627229197691,1.95591628116981,4.02197083182993,4.6465584102387
3.22851050218173,3.3970197899712,2.50973018387415,4.81775032101609,5.32659775547286
2.99396192131486,3.1349888322908,2.33517966116811,4.57334391013691,5.16053241739955
3.53231860644306,3.76765785377732,2.75072004093229,5.16809546095075,5.60261500974056
2.53936295747928,2.46769671514801,1.96296932443207,4.03165529093852,4.73910978185539
3.02878032575644,3.20481984456627,2.38012828988182,4.62831544535243,5.22780265344687
4.1944059741223,4.65610215793106,3.35904882678186,5.89053079244823,6.14293877846323
3.01550064398518,3.18135426302693,2.39022965378548,4.58599561178295,5.12322185292098
2.78686562734752,2.96139019266514,2.20906402814633,4.33891580623037,4.94938902687453
2.9513877861535,3.09144532241571,2.31991435760824,4.53714844488542,5.13817397375215
3.5730781336601,3.87624496791744,2.80689321408974,5.22156548119932,5.65145832880255
2.90363207542761,3.1283454860291,2.3278669656947,4.49191774443365,5.09903343174939
3.28167033243317,3.4516143755116,2.54868316154983,4.88280075998941,5.38262579353135
2.33092511082114,2.49008491280874,1.87654163275049,3.83379632515039,4.5616831080647
3.54171927984295,3.83793500101731,2.79281913478066,5.19918889618496,5.64677574722677
3.36630457360701,3.59549498300339,2.6400261923517,4.98031501412335,5.45902479438118
2.02658269072352,2.10317058898154,1.56556808271091,3.40701897739203,4.17300337956964
3.91388471613003,4.34002583689167,3.11661898236672,5.60943687577034,5.94418550300752
3.73689086069255,4.0886931595665,2.97008406788191,5.40163914927764,5.7885874001902
2.15763060924999,2.22163927852712,1.6995206348079,3.61390961178201,4.39977478564339
2.31192658511209,2.40023964643635,1.80196843977417,3.76737368997829,4.45595462016188
3.91349400606998,4.31760007009072,3.10094010726354,5.58925134836322,5.92218371040893
3.04185953688196,3.20885828450147,2.39138344194436,4.62255012493563,5.17484758188169
3.96348697119426,4.3477457289767,3.13401460928976,5.63913461398471,5.94852004106991
2.96177001842851,3.08188562511481,2.31222997461924,4.53962894390587,5.13367267054929
2.66102898384632,2.81392292760142,2.11794957289942,4.2175392720405,4.87899065552391
3.10153811986764,3.27763591633058,2.44283264236756,4.70105147923891,5.25800850498212
4.09960616020629,4.51243953485739,3.26456823181245,5.76349359411603,6.03434236683833
3.74483423546475,4.03934507709353,2.92776321099375,5.39114015437158,5.75852710641745
3.54395528884714,3.81684238149745,2.79677046154654,5.18081482675336,5.61807324170314
2.43590313220125,2.44875219734328,1.87964760735348,3.92914707940349,4.63337911367437
2.95701486977417,3.13329206283785,2.31022691151036,4.53226250310524,5.13550794375131
2.83749057810938,2.89381176612963,2.2107841393518,4.398613615399,5.0416610562726
4.55078755134194,5.02164325280565,3.61826663103496,6.22608951933313,6.37060938787803
1.96617289071249,1.95798212140448,1.50420215205654,3.33945754399548,4.0694931600457
3.84950706802402,4.20237680794864,3.04103325517798,5.5026999661543,5.84916155658379
2.88217144189555,2.98949345149551,2.24525259271407,4.45015031039073,5.07156152292985
1.62571681427471,1.48406000261886,1.19016943982294,2.86495098616729,3.65486380449229
1.42139446830336,1.4803283277262,1.12511241511808,2.58662521334509,3.36426029066382
3.81990182082046,4.11962400464222,2.98787221168379,5.47415432059785,5.81502720928663
2.91741290015939,3.04422566975484,2.28069778093973,4.48698056792932,5.08063784222757
3.27797436971507,3.52057735743558,2.57798305152407,4.90878144354195,5.44600269140432
3.49212541840733,3.69652448464232,2.69867466198119,5.1168080469219,5.55993123702471
3.06168090745581,3.24928882247104,2.41760028239715,4.65650185499439,5.21881189179766
2.66481915561452,2.71975168241943,2.07265921636854,4.2054014064901,4.87736558191622
2.00162917456611,2.17856814152978,1.60556375396197,3.39432023466588,4.18676935923995
3.91499090068594,4.24507564123103,3.07849061012391,5.55949639971534,5.87955607779841
3.00686575930709,3.24694581230665,2.39325970073894,4.61261596831723,5.21293574663522
2.85161878117856,3.0174961164463,2.24786469899252,4.43576528313228,5.10435454799244
3.07667185013231,3.26522136956623,2.44240381480415,4.68446416087389,5.25612316896327
2.72853468180399,2.77579719917996,2.09661937922417,4.24550460732964,4.8413142140724
2.15181712061876,2.29675652959531,1.68707779272074,3.54592516945985,4.27565061551191
3.12240240181288,3.32237192127705,2.45653367043808,4.72752900570964,5.28725574377481
3.80849633325606,4.15340538991643,3.01396717852226,5.46251417134377,5.81972624791375
3.83423130768877,4.17541697223952,3.0211862546234,5.48874147737716,5.83875417602258
3.36466195512971,3.60901036780248,2.65023925190272,4.97043745124719,5.44308668421412
2.76191207286526,2.82910702361309,2.14861774526715,4.31506846260223,4.97809547704853
3.62727316683628,3.99390692819838,2.87716506958097,5.31071462128368,5.74032703662839
2.12884525166658,2.14993562785065,1.65217089223742,3.56326316343031,4.30225404053806
4.46778874619922,4.94182363766578,3.56301477180655,6.14201231289201,6.31176142303504
2.15161184159457,2.18174210106453,1.65698367960185,3.57682070786082,4.31022090290881
3.56656296303304,3.85039996043761,2.80366851784341,5.20744890663647,5.63901391316398
3.43370213623784,3.70964060928559,2.7202064866628,5.06582226656218,5.53100277545244
3.76862591937665,4.13069161127412,2.99434734920018,5.4327534083699,5.8107496906985
3.77284634065309,4.09452112350749,2.9637833728265,5.42536486179421,5.79229205489581
2.797449808189,2.94847457190355,2.20226049222161,4.3486800650328,4.95846962850992
3.88131495701187,4.2809023125146,3.08964751705909,5.56374685808657,5.90715983687288
3.3435978590967,3.53299282971724,2.60234478731145,4.96139770522061,5.45550404115767
3.66410897488153,3.95736492646367,2.87566067835795,5.3242053313821,5.72372285017408
2.07474814290926,2.10807641015919,1.59097910046647,3.47429473108443,4.21379763508999
3.49393356880012,3.76181192232067,2.74748259577495,5.14182493832298,5.60177811572436
2.92752136910619,3.1322603419859,2.31984496246478,4.50467959590557,5.0993139933899
1.61840389003868,1.52604285274568,1.19219450931237,2.86198603315087,3.63020393547069
3.36938858176346,3.56904869307751,2.62292107125542,4.97833843499014,5.45538499747803
3.56404574964616,3.91769839706052,2.84430207646137,5.25871977588417,5.71795157650836
2.61259179024542,2.60919137923501,2.00079928214234,4.12607770623464,4.79584764963852
1.983189223982,1.92392780929474,1.51471110172091,3.37365736161551,4.15337448606614
2.62168663921891,2.67231418423447,2.03252050380489,4.15144373802265,4.82930002961359
3.16430112884208,3.3292774083143,2.46749120880533,4.76334208739458,5.30573432968764
3.69172232060576,4.03150225339449,2.91986202788507,5.35555466143444,5.75335360634561
3.48137119986488,3.7531433694233,2.73182658264066,5.11981475848219,5.57527104654162
2.78797659387273,2.88931735089432,2.15646345279545,4.33309098890567,4.97064436060467
2.28895301481425,2.29486973596556,1.76216622191404,3.75467697053197,4.48914925877772
3.42151618075737,3.70033619895761,2.71294163789329,5.06175359676229,5.53872266200707
4.32337540083417,4.80355102173515,3.45007364312593,6.03220394612666,6.24247196622711
3.42917691197654,3.63709290055063,2.67031543950175,5.05367892484253,5.52201596709479
2.07234116562908,1.9999679656533,1.58053465291825,3.48550502532743,4.24009489669805
2.66557078804985,2.77861628020597,2.09326103849884,4.21727114287506,4.90616908676859
3.99182768702822,4.36494305132123,3.15582601471797,5.6533841612314,5.95624300523627
3.8636127429811,4.17695443885535,3.05445996604303,5.49605877557929,5.83328071921224
4.01908843528409,4.4584965103258,3.22960546123107,5.70714183945557,6.01130377760958
3.88350719582569,4.22631355915158,3.05339834961713,5.53184096337739,5.86203849767986
3.53130878744875,3.82676661948621,2.79184068549996,5.17934455400986,5.63032063224014
2.3087332096385,2.3092894549533,1.76919674510171,3.77381815534223,4.50629531632781
3.49547648276273,3.71557328511753,2.70843344886678,5.11145293567293,5.55069852343037
2.81096542572695,2.93702432988111,2.19225426278922,4.36813659340811,5.00053264637947
2.79668786172084,2.9073653736681,2.19049226706291,4.34178971179918,4.9359172797261
2.99121941035986,3.16168396609791,2.34273192777518,4.5685279348252,5.1502381383775
3.2715001332619,3.59083846074125,2.62130507945173,4.92945084465696,5.48229997358639
4.11977584539642,4.49384073980934,3.26892582798851,5.76187670549876,6.02385572202405
2.44352906165025,2.54884803576203,1.93319419592859,3.96321659670534,4.68347139216743
3.42734551123986,3.73654290870533,2.74713596642201,5.07441774483561,5.55169313602508
3.76886482531829,4.05056099810129,2.93553326779809,5.40323790207432,5.75782129525143
3.39345113386395,3.67835020138261,2.69007645691852,5.03644993492959,5.52935299578238
2.76068088101452,2.85352685142078,2.14675633733692,4.30640893112853,4.93650183311824
1.9575606393466,1.99410540331553,1.5029407382477,3.3274987971367,4.11042467188844
1.50605715041793,1.3808666971636,1.09141124211364,2.69941012848827,3.44361574311566
3.64597255631155,3.98570935328164,2.88666045628005,5.30099489380173,5.71203175462482
2.66918097915165,2.77699230239925,2.08226968668089,4.20677922018412,4.86734699296507
2.84719577296156,2.9292167518263,2.21513956702094,4.41059471698708,5.03684922257614
2.44876293236082,2.45918572098866,1.88096023101539,3.93893706419618,4.62020602087267
3.28876445411917,3.52330402400359,2.57487230177739,4.91772583960821,5.45235146422498
2.45650258944919,2.53461081796483,1.90641066297631,3.95007355572831,4.64141756850496
2.62128306261701,2.70369944240261,2.04323372110335,4.15088662579983,4.80940436686078
3.40405068851278,3.6085059569705,2.65195210702458,5.00485098478825,5.46460209233388
2.89809969563893,3.05560298609429,2.28318779031854,4.4830184903287,5.11091720099051
2.84946186254601,2.99132487448696,2.2291290564107,4.40564835208225,5.00967063952186
3.29048757070652,3.51124284376573,2.58553924661857,4.90528380969346,5.41322809329317
3.02418626105688,3.16960576419663,2.35230267066743,4.60395234233393,5.18449737905171
2.40096652594642,2.533468772845,1.93542828744032,3.93658587698262,4.68347220788098
3.16315382788403,3.39630795683759,2.52732984625138,4.78461908385317,5.32821436464681
2.90625483576549,3.03925337384929,2.28408523300649,4.49200793320412,5.12087504553318
3.7673328124048,4.1007970530283,2.97207014441879,5.43341563932729,5.80641307782795
2.9950222500041,3.18637721311363,2.37519903105455,4.5968087343433,5.19257563142764
3.23886570615629,3.45361193827986,2.54797870776187,4.85668051681161,5.38977889845518
3.23868251395729,3.39724598306864,2.51752297067648,4.84302632388247,5.36133747275312
3.84453636194952,4.17389911820092,3.02283492019401,5.48986306469101,5.83336539431008
3.34240901159049,3.600929225708,2.64588092179149,4.98128053076172,5.48963329284416
1.34248505121971,1.39056700386149,1.0224733084285,2.43807383996295,3.26599811260378
3.24957308156253,3.43625047676511,2.54089830299498,4.86589348153431,5.39238106093561
3.48237929050195,3.65899981533416,2.68371622447209,5.1001425410267,5.53891882184718
1.17389306994693,1.15236371517769,0.866463918745978,2.17585161979015,2.94766550969669
3.12691038097964,3.38477606661387,2.48007307658388,4.73626602677695,5.296385334543
2.6284569662879,2.7280162815216,2.07068857439535,4.1746625212394,4.84678500222279
1.42147510569239,1.24306750671781,0.99853297423995,2.55214972033426,3.2893168236108
2.74713138630754,2.86054011647721,2.14709432944433,4.29023981249367,4.91124633585827
2.20909563850118,2.15020732842544,1.67482954473081,3.64485767491151,4.35985860508768
3.87412408808484,4.20909110652235,3.04507715532748,5.55871085259028,5.88558075481644
4.01308374860388,4.3639216910904,3.20569945456016,5.65345195120707,5.94357861932818
2.96456083675197,3.12182819680287,2.32491637025177,4.55336167477319,5.16890836239571
2.81448581066245,3.05510390734335,2.29550813072923,4.43301653899846,5.10252655090477
3.30468624188435,3.51720372578137,2.59171693320251,4.92648601995099,5.4374723466033
2.53774305586433,2.70249767552656,2.03581134084968,4.09105312542164,4.81905969231877
3.60227813243669,3.82443494084916,2.79770132973746,5.2148235134903,5.61676379118671
3.94098265028624,4.3215429061943,3.10846512704289,5.62484894377471,5.93487983012589
2.12201424462323,2.07371217930441,1.61214893831963,3.54123281813617,4.2817834237089
2.38227078835551,2.44489988486467,1.86155315181855,3.86996710882575,4.55237005867572
3.77757711930541,4.10518811202903,2.98052438930401,5.43571375852841,5.80283623379796
3.54449061722026,3.81536638190272,2.77759201859078,5.16469151516858,5.59373143168921
3.58402786253909,3.82729659186683,2.78709673904217,5.19842612914475,5.60637827597662
4.26465432365377,4.73681629244935,3.41910693909074,5.95926032690619,6.1901846666369
2.3850471029744,2.38895740091883,1.81910742699286,3.85046752620094,4.52154062040553
3.03218520787836,3.20766098161197,2.3844193809157,4.62333482142915,5.20089979551484
3.70723282304392,4.03688434877031,2.94297588191151,5.35908927807614,5.75093007852041
3.54059200443753,3.87067633473869,2.82710966454627,5.19917379925488,5.64262511608663
3.76350327326865,4.07898289811669,2.97015459716889,5.39916597062215,5.76317117922426
2.91481262800743,3.00099630542233,2.24691018512014,4.4621820426151,5.03866077261503
2.70563791009953,2.72493200160835,2.07710398856777,4.23025950188534,4.85992721881478
3.51751453629906,3.81423622890964,2.80692001622798,5.15332456982628,5.59330948700934
3.44940600721125,3.69636541195221,2.70045168753315,5.08595197088593,5.55721779340028
3.03247565172749,3.14450543039709,2.35018522191785,4.60509638487848,5.17073174153491
3.04914826026688,3.17270555097998,2.37250556422084,4.634741800162,5.20990964271431
3.12038473024045,3.30718219199819,2.45619657407822,4.72523290380146,5.28558700144364
3.32969745772199,3.57309755847204,2.61668676437893,4.97071840455237,5.49315669197159
3.13038258730374,3.40058593228672,2.50639148745596,4.75762677054844,5.32563580097234
2.55719484161644,2.61807965460227,1.97137585333108,4.06738512335083,4.75882718668083
3.80146902864006,4.12371099585049,2.98263260972854,5.46469333696922,5.82053042857191
3.2630223015835,3.41926460595785,2.53371357805455,4.85191265831105,5.34901049032601
2.31497170515377,2.24194513166212,1.7962447841024,3.78630848520044,4.53041019110526
4.07568739899889,4.48570147936661,3.24644849051847,5.74229140676279,6.02213903923544
2.63547776670937,2.70974573940973,2.04326923924873,4.16363493644397,4.82935799211583
1.63392994032856,1.62912470843386,1.26721893913296,2.91537397925106,3.74311177971221
3.3444835486864,3.6008327232768,2.63819388396635,4.96721857380373,5.46852909228491
2.92275284351568,3.06591199803213,2.28654402045112,4.49817956965117,5.1066768330334
3.48967016420771,3.74480749757043,2.73568076757972,5.13037081545835,5.5837428620178
2.58812119016655,2.62366535083621,2.01025207684832,4.11860905321578,4.81614087187273
2.95392157578971,3.11156093623407,2.33348384774922,4.54854832356685,5.15715867523625
3.68855280660607,3.95307056897333,2.87524106241335,5.32401110108012,5.70675968450328
3.13346582062739,3.38365975497857,2.48876183590852,4.75394898968524,5.32531493130855
3.91082618125196,4.27965955799363,3.09728945927407,5.5751686009031,5.9002264972799
4.3430363943724,4.79456421232874,3.45532125971114,6.01051908651888,6.2124860785184
4.67399564326456,5.1561232182701,3.74060594568867,6.33719489590541,6.44752116099866
2.09001263962806,2.17718963456578,1.6517126495483,3.52716023535348,4.34588657295274
1.39448688666836,1.39380548937123,1.03929947725977,2.50559784887758,3.27438157362909
2.43349539231376,2.47141681407342,1.87859616162851,3.92690995087302,4.64188216660679
2.51707100677392,2.60059467472914,1.96326971369075,4.03573172294981,4.76422737308111
4.30726595375889,4.73266789132023,3.42007257171002,5.96322814286431,6.17597329858378
2.97887185627546,3.15894482675043,2.37431594454914,4.56424242741909,5.12951512460539
3.09697834301316,3.34851421143583,2.47422849246891,4.71959881239977,5.30324283492089
2.85032198147881,2.98617010040132,2.2341003281455,4.41994671763926,5.04768250458172
2.70783274581821,2.82119643524356,2.11527176806341,4.24888003750669,4.89269993738762
3.43732666793075,3.74023587604805,2.73360895580581,5.08708347330162,5.56996764510494
4.11951447295594,4.53981818097598,3.26233512532475,5.81237162402103,6.07241912648394
3.46475753629475,3.72643852049438,2.70412635003393,5.09088961946428,5.55182455470822
3.86692689856572,4.17507511823916,3.03706160390696,5.49545611272148,5.8270064357947
3.38625498791653,3.66673106248065,2.68133566889188,5.02693584547535,5.52246524466297
3.35850758409345,3.64114312346005,2.67862592409364,5.00298265017463,5.50417794043693
2.04998349047993,1.99503583450488,1.52696084759688,3.42829481873079,4.15748828750907
2.86332355687047,2.98472578607662,2.24497507332396,4.43516587332374,5.05716896762809
3.84867247892414,4.19834243250334,3.04120743291917,5.49968990128755,5.84290568615809
2.50239316720544,2.52092939577884,1.91199423562506,3.99573424078868,4.68378498677822
2.84923811356914,3.06029064642399,2.28858639726408,4.45225690354845,5.10372819692552
4.43552590964653,4.92187577537895,3.54129603298547,6.12428242094859,6.30243843379731
3.27742358137073,3.59391669678897,2.64411155635169,4.93780205647536,5.47904327862041
3.33553961387325,3.54386251206085,2.60283861712092,4.94602367481937,5.43609177618673
2.74438567081903,2.86424143517202,2.16050182701454,4.30595571165527,4.95505142526036
3.99991693178202,4.36450036813805,3.16058724856781,5.65244176808513,5.95271515376476
2.75336557869649,2.8531465882527,2.15461527777202,4.3041199254582,4.92977311147959
2.92779576903025,3.08255149938741,2.30800397669826,4.49307693829397,5.06189572744802
2.63847577210244,2.62687952443322,2.0510845539596,4.15957832319086,4.858336633248
3.61596116896131,3.90990014556053,2.84390766557341,5.2552282527443,5.66553446995499
3.95670235514147,4.30736003665332,3.14187641901262,5.60316094042972,5.91717365156435
3.38923283803827,3.65221139861748,2.68667036261671,5.03766350708214,5.53672897039658
3.25558087783689,3.44194431087396,2.54578687292252,4.87093843060666,5.39691041509219
2.80669689785971,2.96649902204298,2.20424263403012,4.3717547177899,5.01569572417031
2.8277182331295,2.96286310091182,2.21198299027999,4.3934532510623,5.03376932920986
2.90729962346039,3.06434189790549,2.28751381269018,4.48029674056811,5.07840434268175
2.53659035532435,2.57660883557422,1.98455437307152,4.0668969505015,4.7720619466387
3.77565602396584,4.128713237752,2.98879153746373,5.44958952243969,5.82559223650196
3.94101044788748,4.3685782503523,3.15616149761073,5.63210219089805,5.96213862502114
2.47894613543706,2.49092347361034,1.91460067212994,3.98342228878995,4.70515595935454
3.65281569772111,3.93246385328352,2.92163646504284,5.28027094833291,5.67134691444663
2.14142178814485,2.03701521982626,1.62124660329805,3.55478212139826,4.3165913349268
3.1841567446174,3.37758347681967,2.49342797719501,4.80260692544886,5.37028563458051
3.38539583840459,3.649062701471,2.66621804447973,5.02988309537912,5.52625951392176
3.10762312550069,3.21322976066038,2.4021537050119,4.69174781688238,5.25174705362285
2.80872419153728,2.8562862247031,2.16100982221559,4.34974422829542,4.96338318890336
3.04711989048572,3.22704900681791,2.3923807792073,4.63664911890226,5.2069767128405
2.77633036765002,2.83327630788531,2.14904265872133,4.31827972297691,4.93235693434507
3.53786194000553,3.84737553677517,2.81491996497742,5.18183469462346,5.62230593506898
3.80207148838763,4.11224662191374,2.9951264700784,5.44111025759784,5.79522543121135
2.55801557872185,2.64108023194736,2.0124660671348,4.09477177141511,4.79451082758362
2.94364450877698,3.10690023349599,2.32072480020287,4.5289848069563,5.1277236833584
4.39438577731387,4.87319786129871,3.50712662079553,6.07709689817442,6.26589451277653
4.10903735703197,4.50105442246195,3.2417012799431,5.77180498128062,6.03459790526385
3.55388907774984,3.82792803354174,2.77509266045053,5.19536043198856,5.63208782240612
4.31705597443698,4.70658308426093,3.46493644724232,5.95500107952873,6.15579867483565
2.52821901898101,2.64628155240591,2.00684814864148,4.05569970787511,4.73140680497956
3.36717673214227,3.60010271891629,2.66654112069942,4.98091031441639,5.45334630377425
2.76682848216429,2.82544880847497,2.16699516372107,4.3252794915155,4.978697711424
3.3097421987779,3.62396407832298,2.66355027745317,4.96579898810363,5.49786431263985
3.51146702124421,3.74475102373398,2.7355164943697,5.14528414212556,5.58884566917328
3.54161423364297,3.79443325430314,2.76841627297908,5.15967433494573,5.58721587856895
3.20338543883655,3.37798346331567,2.51899343526036,4.79572965635819,5.30264074602616
2.31541525145506,2.28809947269548,1.8022817737539,3.78950828047519,4.56126934869516
3.08541132036038,3.34878008274076,2.50671365723437,4.71058852905712,5.27016347710708
2.3709080205109,2.38955220147406,1.8008465318874,3.82171572483972,4.48951699688187
2.90386206902735,3.15547470934132,2.3726271872946,4.51253184871308,5.11136865967694
3.89154051903655,4.22279584520558,3.05605054185268,5.54026179847936,5.86681713803328
2.78122435156278,2.86488086648141,2.17009054369858,4.33723947260707,4.96957103042519
2.00296780028945,2.05411406588172,1.58095306447069,3.41613698937552,4.16955069977938
2.5281850117458,2.56941468851122,1.95540456032535,4.01321006410602,4.62897767958063
3.91903053641173,4.26890234244226,3.08748617771212,5.5754543872735,5.89355726491553
2.95955831184146,3.08215683265985,2.30568955957759,4.53814842827519,5.14575996260514
2.04242129788541,1.94372411505466,1.53701614891908,3.43469846621961,4.17470154030471
3.54713251082948,3.88847036126541,2.82381750203524,5.22418008631567,5.67975632203829
3.44994712959503,3.6965495085586,2.69904189649137,5.0810659184782,5.5473814077435
4.05038591865996,4.51162477123248,3.25504933589491,5.75371620947469,6.05200434435886
2.61192399733439,2.71272331197531,2.03692615208917,4.1361944946624,4.79619119717235
2.74572961705378,2.88835075356894,2.18524064006512,4.28777765340946,4.87702900741616
2.64960764862956,2.78769981004915,2.07635066876314,4.1835418294591,4.84480876631798
3.32424829049303,3.5508902776033,2.61712528808977,4.93303898390974,5.4210005800502
3.07206905559113,3.24375342599834,2.40395129040138,4.66791579549438,5.24502149734414
2.2280827660435,2.18753871424225,1.67547272571286,3.65406744303833,4.34475243154749
1.95648826101234,1.84954255338776,1.49268103261618,3.32707533486551,4.12327821006605
3.91876992089334,4.27652591516359,3.11046486792813,5.5666557194623,5.88828979972604
2.93255007840244,3.00188648506195,2.26134762322047,4.49046998998733,5.0797424111789
2.4129324193845,2.46651401317347,1.87402278393941,3.90638976065451,4.65647569423258
3.09133169758061,3.19971242333654,2.39553107676518,4.66382369735511,5.20000072983066
2.15644668504294,2.3433240673848,1.78138884197919,3.64618909758971,4.45333757567336
2.58712461164691,2.78126238758016,2.09522366015095,4.1574608652474,4.86331893338354
3.68295334291707,4.05062475123799,2.9468291930003,5.34924095313538,5.75190426939845
3.58957030656497,3.91491570745919,2.85398704732728,5.24438909337009,5.68010343354086
3.25718166655686,3.46611748203703,2.54769009385937,4.86883951576334,5.39097859992398
2.98509768612175,3.13937364112665,2.33780020365342,4.55330606497552,5.11717037695537
2.29796612185208,2.34534028039114,1.78882901465337,3.7600451995786,4.43819526607959
2.89202051980293,3.00281507228027,2.25043754412189,4.45922571420034,5.07547420800628
3.70769076696092,4.05763905408946,2.9264650307707,5.39122265041219,5.78507783924732
2.07613659167596,2.14368081731287,1.60437284467294,3.48073832720179,4.24581089646226
3.63585212424998,3.92895081975459,2.85209685660311,5.29135201961068,5.69987842277891
4.07226266987894,4.46318783850279,3.22366318165963,5.73448294659244,6.01209464417565
3.82599450578927,4.18676662608642,3.04758929766894,5.48766992317226,5.84705855273566
3.92626609902941,4.30951481290417,3.10332429158038,5.59262313954136,5.91324660822666
3.80570929322488,4.16795672408136,3.00700647722144,5.47648737213703,5.83720855041746
3.56357704974023,3.80260186910294,2.77800589896805,5.20584169725041,5.63450995233195
3.39154256234715,3.66199305257811,2.71191249429938,5.0238110676876,5.4960575272077
3.27398338351057,3.5013868483842,2.5805314476867,4.8947220714349,5.41371585774171
3.47773650359373,3.71931994113538,2.7270961422566,5.10168137798031,5.55597970817601
3.60222276622112,3.94231846640957,2.8471140849647,5.259704686356,5.69301195691038
3.61643539194846,3.9099956386781,2.85295275228381,5.25131531994893,5.664996999011
3.22457052538654,3.43697384548472,2.53520982246572,4.82908331086482,5.34891607826535
3.66808774116778,3.97257590835605,2.87197263059352,5.3175905977335,5.71554866648572
2.71160432658591,2.77803967175893,2.10964419130637,4.25583098503542,4.90430562855192
2.50827737960299,2.65498769385169,1.97647372359302,4.03319585931339,4.77118703051231
2.81416237805807,2.93784323862739,2.20419498336302,4.37305372431722,4.98950903690923
4.22687771045166,4.67867366062393,3.36120602344266,5.91270399664612,6.14486546401761
2.42343355155674,2.46873908964193,1.88009626202602,3.91989407065257,4.6294282915959
3.10423202141746,3.23897620956335,2.4119638216896,4.69448757826129,5.25607270994252
3.43064533566414,3.67470367824326,2.68758474744743,5.07263413137923,5.54941189090337
2.66602835004772,2.78016578129399,2.08313174213013,4.20571381348043,4.87217684160403
3.0403266347148,3.23321997258589,2.39477370093434,4.63398018862839,5.21319564759258
3.21010125128004,3.36435825513956,2.49581260160603,4.81156956293319,5.34315259161578
3.80531732226503,4.12830103873422,2.99019647910499,5.45575681958975,5.80820587568941
3.93650516294143,4.29697531300778,3.09806575256094,5.60129288489898,5.91736274250121
3.73540920850384,4.03194753803174,2.93077183805129,5.36504265685383,5.73560888964136
3.20483055566478,3.43913388039549,2.53055399716033,4.8266577775336,5.3765672045438
2.81010996283754,3.00871861352702,2.2285066580349,4.39109422009818,5.05693158533191
3.42388801775544,3.62661515000276,2.66690445716688,5.0319369564269,5.49313618619881
3.15828165508076,3.31080678962238,2.45709725149339,4.75202664410689,5.29301742562645
3.90763157704384,4.23400617459387,3.08452210980577,5.5480953241227,5.87215358989832
2.83790987460681,2.91258487678272,2.2129201187667,4.40182704357052,5.04825480009909
3.69996028991865,4.04228769417526,2.92831735619455,5.38484074095564,5.78985090939855
3.04146256301412,3.20985038825316,2.38255133464853,4.63014122053075,5.20562247952199
4.21817321040353,4.666352480771,3.39193927111567,5.89732090140589,6.13903520575921
3.16977556138967,3.46600366876937,2.58343565865599,4.79094645662158,5.31937971080195
2.26941772090055,2.3223583007743,1.77041314439862,3.74019698482158,4.4801410572848
3.56375361839766,3.86454863879507,2.81930832057934,5.23283143588175,5.67549742445283
4.26591487137928,4.71599983835924,3.388627399914,5.94382895367914,6.16372253720567
2.85168471070421,2.9304986364461,2.24066674742157,4.42625638995261,5.07791302235665
3.23983853574481,3.46866416683224,2.55989706304041,4.86156495317894,5.38685637473708
2.94616283681115,3.22667061490284,2.38736710515079,4.58121989921356,5.24038920684785
3.64060084572588,3.95299135027651,2.86594424706895,5.29217121356902,5.70323499142653
2.5373920506082,2.66475531749762,2.00456493307435,4.07283379935268,4.79013692524074
2.89198286012224,3.02810205529345,2.28667199371901,4.45858826017538,5.03790755153054
3.32346053351961,3.66192388905027,2.6817221383065,4.99315446286549,5.52759340639903
4.15334918208465,4.57855954491862,3.31514984178247,5.82652374730702,6.08765044515832
1.67568821065828,1.58717947382694,1.25338144523219,2.95505387664625,3.73522701713398
2.26291987307123,2.2929034542735,1.74830034155616,3.72381074181487,4.45450877761498
2.7874963685267,2.90600307110779,2.19570704044938,4.35367772959562,4.98374657314253
4.01746698504944,4.41677899006251,3.17951321056373,5.70331977506035,5.99628619739417
2.72383820254987,2.78805936709772,2.09577017692354,4.25377084941053,4.89310288839188
3.80229047053568,4.09817201607447,2.9794586369411,5.42925603738914,5.77930132733238
2.24163846419337,2.24367546545108,1.75229350402471,3.71797945683826,4.47761145841419
3.34358084838145,3.54843221843895,2.61141280509989,4.96522044528348,5.46209074976476
2.88988835797666,3.01765761994574,2.28011236689363,4.45679508035674,5.03599584431797
1.34805324582545,1.34793068397698,1.00665333953015,2.43356897947189,3.17937893358611
3.77007345341978,4.11652492590032,2.98830902465868,5.42184476183016,5.79433350287326
3.23748320520349,3.45396943080063,2.56131529051397,4.85191915252959,5.36998132407847
2.08472633286225,2.02904681135774,1.58801866613388,3.49748844778355,4.244461993188
3.63889622399439,3.93891024185345,2.86752679324699,5.28199210651064,5.6948180149418
3.97755501692347,4.38081008071366,3.13970593862938,5.67934621549831,5.97512652562948
2.70195876574896,2.81247216531692,2.12897352635218,4.26111275681387,4.92351296572869
3.15446739567224,3.2809704264419,2.43335144945976,4.73602335508851,5.27038516421908
3.34476855126825,3.5848862645459,2.62922649744729,4.97713251141339,5.48289347353565
3.5318200855469,3.73855111870502,2.76609980723002,5.12424504927165,5.53485136879728
3.41211050171042,3.6513680203027,2.68098011920853,5.03297841336311,5.50082707024021
3.57323553362983,3.88956792462734,2.82438489044634,5.23528927367185,5.6755583064474
2.99107028611435,3.27873310765897,2.41724502950393,4.61763518411442,5.23113703398023
3.32632943830315,3.57367261815462,2.63629508060255,4.94676133109974,5.44073892388586
2.22943801545186,2.21149793621335,1.7262604358567,3.68379650544065,4.45168283466029
3.18433665020218,3.39716043616373,2.50969281236418,4.8109414607209,5.37952071737809
3.72643728007999,4.05034978223006,2.95051788975938,5.37963572017998,5.76478841549573
1.40097010453245,1.36439809540045,1.03854295677921,2.53100770501837,3.28149682788859
2.91847548891849,2.98864179987022,2.24651298142437,4.4702788018547,5.05521771655276
3.23667675732065,3.40416476337882,2.51285082090291,4.82439941094954,5.32878027071808
3.24995204015789,3.46158117831844,2.58560535618079,4.84329126948593,5.32921182976983
2.20002631740672,2.13482342294799,1.71200870190494,3.62524831068512,4.4479166294343
3.10606772748075,3.38035592781867,2.48674454702696,4.73939303774233,5.32848899424684
3.83562498515134,4.21676112172979,3.04408003302729,5.50613550926742,5.85659971611076
3.78812899382261,4.11238005169585,2.99181613411417,5.44100796415749,5.80788055506714
1.34012699027802,1.22495496882624,0.956651468879627,2.44101290531297,3.16337050315556
3.76256598485016,4.12832399089048,2.99956745763124,5.41540768293397,5.78603927285043
3.7073147120924,4.02258400262619,2.91498195328799,5.35413099702494,5.73859494990398
3.55942686517746,3.90262015530814,2.82813155760346,5.22582037480009,5.67295721458045
3.54304798108699,3.7964564175391,2.7621467334012,5.17416622007562,5.60589950690861
2.97567856814868,3.15386637361141,2.35171008519214,4.57641850750527,5.19290893289963
3.13056434360702,3.33374537373552,2.44922147189206,4.73495386298336,5.30433841229654
2.50046377839004,2.49147721758163,1.93708734031503,4.01160302028569,4.70676328915593
1.80510139576916,1.68544086864519,1.34935799368878,3.11819967491499,3.91756988846848
1.4884710794813,1.46427573802445,1.10738447618419,2.66246076315926,3.48785048000576
3.98008670528365,4.34902718561199,3.1634227294543,5.6343520166651,5.94304472612302
3.68667277371424,4.02007855018627,2.91370666388516,5.34907735694443,5.74845653894775
3.50352165710471,3.74000633421129,2.73202974532836,5.13458030424673,5.58141285386729
2.38066507976094,2.43800349931519,1.868693943862,3.88592409545487,4.61903647436094
3.05473238768759,3.20021395674446,2.39274906343574,4.63278664262856,5.17808600276366
3.07310301089318,3.18542094071962,2.37753157937854,4.65511932715629,5.22618013886901
3.17426078808055,3.35801573801328,2.50345223512252,4.78206987701344,5.32125294849793
4.12575622819239,4.58419259554483,3.29390700571631,5.81674470792977,6.08225133677554
3.2119685280714,3.42131003365631,2.52508353676757,4.82351945104661,5.35534804078613
3.37872317925321,3.57292038666077,2.62617891756982,4.99406394254763,5.47122633727287
3.31443731889711,3.48909698725305,2.56461344791522,4.90175910790163,5.38370038603868
2.79866846763217,2.93654989059289,2.18460796955745,4.35319800479174,4.99296231476811
1.87006614017925,1.85365051765858,1.41634150556382,3.20427057908174,3.94378629578227
3.46747195733838,3.73457903037489,2.7477312410077,5.10296659022342,5.56046158519399
3.4614539792488,3.76932409395872,2.73400028449352,5.11842449446198,5.59706615909238
2.89886602548519,3.0077640907455,2.25423040004858,4.46398938177711,5.07047689241101
3.2868434380588,3.48415030462893,2.5588064339519,4.89048795096781,5.39854330972274
3.06741320524816,3.20237561719976,2.39178836888253,4.65305750780149,5.21363555002515
3.54075972876902,3.82206110064048,2.78194495517693,5.19705145749271,5.64452667595245
4.48845245836749,4.96907298729792,3.59488289654121,6.16153915188002,6.32556430918076
2.20676068142608,2.20312551432602,1.69103123904682,3.64567023990671,4.35514481373245
2.22120062929967,2.25665413561806,1.70609912295924,3.66079156080932,4.38268306807856
3.88154106349994,4.24626769643821,3.07919423634623,5.53528128901624,5.87255316094237
3.35296000272702,3.59801160092266,2.63439428711411,4.97454430519495,5.47159738025427
3.91905739126661,4.314675346459,3.1146451857239,5.59754131640116,5.92477861246363
2.96029174282474,3.06346238241407,2.28894742116842,4.51984937134638,5.09657696648877
3.15254107059023,3.33416368477359,2.47292506414237,4.75285900668835,5.29998468207114
3.7672256083376,4.01881203118572,2.93213067751054,5.42699569026927,5.77856500899688
2.11178544373523,2.14455646434011,1.63302906315116,3.53120187278962,4.26601722932013
4.36605020059397,4.81122121160766,3.46110795540172,6.03253666812992,6.22671244125279
3.27206940421365,3.45731833523368,2.54823173429462,4.87701816698961,5.38884501175562
2.4115034205654,2.42457613703353,1.83338617309158,3.88340555872396,4.5808605387211
3.85853938165056,4.20224481954803,3.08511188057163,5.50956351426923,5.85403731769443
2.82832817670304,2.98116476542263,2.21772847905595,4.38273459638094,4.99227077061025
4.09289889915287,4.51230767541921,3.26139860116658,5.78849878260021,6.06535273455539
2.63773716097201,2.76138215673993,2.08156797241413,4.18807130521428,4.87034882724396
2.47601432196102,2.51046700147427,1.90680258355906,3.97147367345839,4.68519486633123
3.24374753821202,3.41361754458208,2.52444023834938,4.84280511918337,5.35717852682976
3.01469432874794,3.17124365406485,2.34120553870484,4.59065711462887,5.17711261775501
3.82756455118586,4.13221115928329,3.02067986516633,5.45372361146885,5.79803336639448
3.53537912125564,3.85945552943627,2.80716236979362,5.21124651603877,5.66835531057508
2.67988052560398,2.81684677247374,2.10930591834347,4.22572001971298,4.87857814246168
2.9034325394333,2.98656526514787,2.24608261069253,4.45920639945413,5.04934301522131
1.20139988869872,1.06263580158412,0.840957574283124,2.21557404293701,2.94718422937514
3.49216921110416,3.7056874264338,2.71118816116076,5.11810265851126,5.55811437090011
3.02978836424116,3.14560473210638,2.34987810168424,4.60684147921654,5.18036354460286
4.16640240495266,4.5958845171147,3.30980200328815,5.84887111433665,6.09882733354691
3.31825794317764,3.55269498974623,2.61917688459026,4.9415272777657,5.44516109979205
3.12870086378257,3.33816907746855,2.48000197011154,4.73915328527961,5.29401499177919
2.09785938488791,2.03857507246242,1.56155329059172,3.48621854097937,4.18739551689725
3.42284893961791,3.62874953500179,2.66708255595123,5.05168960475483,5.52410330399654
3.52331377821427,3.74850867283169,2.73845265117131,5.14561729917151,5.57563350003433
4.1625940911817,4.54847518583139,3.31518158082149,5.80997480400018,6.0597390331497
3.38361066114867,3.58622700740227,2.64015786162675,4.99189369584548,5.4640801758937
4.01963084579019,4.39958695647532,3.18350357707324,5.70225662019241,5.99936606563661
2.78270018347143,2.91182711975672,2.19175087951206,4.34556697589272,4.97417749427369
2.84963389077463,3.00112661254929,2.23479552729756,4.42068826071743,5.05623485251942
1.95579098391036,1.91463517234276,1.4732874919298,3.32052854901218,4.08622950833691
2.17957432278151,2.16744407249321,1.66155340784755,3.60939011574625,4.3321222658825
2.01404710511463,2.06382372398528,1.57733673047123,3.42424691031721,4.19873859299148
3.14933928907693,3.27470667958042,2.44106758073451,4.74454375005686,5.30030926016985
2.8972908557198,3.1535443437138,2.34225544039995,4.5084600661054,5.13926385043447
2.31849821853983,2.16965451838776,1.80181931240006,3.74538240894221,4.51658679281957
2.80721945655363,2.90860911870854,2.17875588272736,4.35573403617589,4.97521045261458
3.56247348780475,3.84740995384104,2.81592652205936,5.20059233898303,5.62877128016468
2.92440145200862,2.95936394735726,2.24317914698749,4.4764605498863,5.07325349684487
2.70406379485846,2.8222297782722,2.13018014164726,4.25729418449933,4.90483672365278
3.29817496476508,3.52927821386902,2.58422485108251,4.91652725923707,5.43104677562468
2.05345607967352,1.87159677775904,1.54638960265621,3.41834340632792,4.1912660110908
3.96326933152741,4.3580805378501,3.13476978827958,5.66063272234666,5.9696899843847
2.63554719078,2.68029084218617,2.04477852218641,4.16624153250604,4.8543279751454
3.47335452345961,3.78180561905427,2.77475026849038,5.1284337447803,5.5977788741214
3.15165799100153,3.28497246166719,2.44328457684033,4.74424153183156,5.29207781252759
3.98693917312798,4.37672879057304,3.1737734965799,5.64847208676169,5.95354604001632
2.46141279671116,2.57526934533885,1.9209002454848,3.95883140576183,4.66188307549298
3.81449330950394,4.14144712989533,2.98664559377019,5.46204947362843,5.81379018209009
3.45643022896535,3.73898349427787,2.72030380285773,5.09483751422479,5.56171762161532
3.03483042734686,3.25391092251745,2.44110872217306,4.67092886082536,5.28451715183945
2.33029087865924,2.39184187729018,1.7951893795246,3.79281340936939,4.50249203242163
2.8293559998979,2.91857828974229,2.20353152448843,4.39225855623518,5.02710197569442
1.95282728590611,1.8501185615473,1.44936865279047,3.30142593001348,4.08900900708628
3.25129795313389,3.52119600192742,2.6011821180405,4.86965622210413,5.38464361654961
1.33114832552936,1.34743037134,1.03146645163687,2.44844436193982,3.25615615974151
2.46795144496807,2.43826963995025,1.87974055505978,3.95218775503953,4.6574996844391
3.40024724092149,3.63428995195341,2.65958236695536,5.01955334875504,5.49534395623607
4.17760014950981,4.56356419582573,3.3058313482972,5.82016787358877,6.06588573551699
4.29170965405062,4.72077301654144,3.39429323956132,5.95985182234114,6.17077598450598
2.32804077390186,2.33419010730572,1.76619437415637,3.76991971666394,4.43421150755661
3.60281217639643,3.91467831640166,2.84740649021195,5.24166814220251,5.6612553948594
3.19593728633399,3.37462723613473,2.48956027134184,4.80599662038011,5.35984165841096
2.78202996472979,2.85010065851262,2.16935358067664,4.33395663192825,4.94938918556988
3.50790686575185,3.74678587857947,2.72682034631376,5.13945460670692,5.58474995391376
1.0318517083678,0.947811773335403,0.755538204118608,1.93696291551609,2.71313588358008
3.16235031887494,3.35078140850443,2.49078466817998,4.77945854720029,5.33941608026066
3.13163033520482,3.27535105209246,2.4614126235395,4.7010300031728,5.20280495983718
3.37817553171628,3.61201008403587,2.64495380131706,4.9980453747969,5.48035727447191
2.16140653887049,2.17983214813734,1.64555693752186,3.57300174499807,4.27888846631329
2.36964876042965,2.33483010896009,1.8001188799949,3.83664004821783,4.52237086933717
4.47653566610855,4.93537721048897,3.56915149796387,6.1350457895544,6.30070417266973
2.55716922339553,2.62131105657498,2.00540532926865,4.08738558775036,4.76083445965051
3.52960992728735,3.8334731979301,2.80372249542681,5.18426085588817,5.63649440820383
3.9860564691346,4.40845530812946,3.18250465371764,5.66994017090282,5.98144726210717
3.86447320272526,4.18386372137746,3.03988719168061,5.50150420793497,5.83759354989294
4.1562279370239,4.61526441620148,3.30861879812667,5.85630755532507,6.1106887507122
4.33894074180326,4.77117022887215,3.44639879710709,5.99590953236162,6.19866382955414
3.70300237980344,4.05739801407587,2.94988297133342,5.36285933129125,5.76040570315821
2.25251447271749,2.27938105086872,1.74383089319809,3.71139340766533,4.42828900877527
2.58148323414606,2.61134278326274,1.98757314441137,4.09596049041564,4.76908801927661
3.1939426632354,3.37924633941873,2.50698866813497,4.80149739335117,5.33705322083136
4.57170120709547,5.04164759798252,3.63306424409447,6.24162918946107,6.37971172733289
3.41746842686538,3.69617040532908,2.69080165735636,5.0627092003373,5.55181307588182
2.60494116197357,2.70027961424286,2.03668185273477,4.12993942264282,4.77669334664859
3.45888185554152,3.70763299547866,2.7114181549879,5.10310310911591,5.56824939689413
2.96678052707759,3.18932459907066,2.35602649524009,4.54307447845095,5.12091956324565
1.57259141660315,1.5228287408942,1.20074185795275,2.82582451534822,3.6244672351645
3.44965253234635,3.7103860422755,2.71317548224438,5.10515769826308,5.58264888774329
2.41350547635899,2.4706319985752,1.87417032836859,3.90931070054977,4.64521749630163
3.97234417808411,4.36996856517069,3.15674254204754,5.64244159870597,5.95438613221727
3.26748728399568,3.53784598006845,2.60434770046226,4.91099489532824,5.45024895108402
2.68179469238548,2.84110654119991,2.14606127009048,4.2611132754256,4.9729587122786
4.558272200904,4.9547095959459,3.6421407529576,6.17997414647039,6.31922752527629
2.56059833980815,2.68788272345037,2.03657581327866,4.11392403879549,4.85679538903611
1.74479943937102,1.73419041483649,1.32808929020135,3.04611036966789,3.8704394689767
2.83455699411094,2.8552788905546,2.16617169617331,4.36923137083576,4.97375560957454
3.4085020962556,3.66126431831732,2.71502322390985,5.01850080628806,5.4677542726274
2.11766801197416,2.05801467280023,1.60328603591857,3.53192725709735,4.26527913882902
2.90441328586145,3.02557954338806,2.27264080535876,4.47856011071113,5.08704664911846
2.5769489428961,2.66210711886868,2.02900399196979,4.12241063137569,4.83762098712259
3.4758017052114,3.74776450703364,2.75868280647687,5.09790823011492,5.54194795368444
3.66944286227552,3.99139722688247,2.91449462340744,5.31742083610507,5.71706992282505
4.00864837561956,4.38865247466764,3.17625448658202,5.6701873394742,5.97141424837945
2.8605168070972,3.03173996470309,2.25131629442544,4.42119016247653,5.02533874255208
3.43651814413754,3.66022674311245,2.67625691228307,5.05065375696871,5.51207912754063
2.86270260550226,2.91485607106377,2.19765108963875,4.40831492350858,5.01768308157934
3.17503860287637,3.34057035968031,2.4881368906957,4.76378153287268,5.28443500761352
3.84417983359654,4.18164227565303,3.01550171707581,5.51844656052225,5.85966194909976
2.51258133391367,2.62884178831155,1.97219780788734,4.01705968304941,4.67759494376332
2.6481927974901,2.71867537501451,2.04256429893066,4.16662208219441,4.80960264578374
3.5736664646402,3.85113609377038,2.80938111459801,5.21989216594372,5.65185757238021
3.25848726958192,3.44304969354675,2.56170224394782,4.84958611321144,5.33757383611113
4.09633771497143,4.52510724116479,3.25964139872966,5.78992571190847,6.06132375744524
3.19574271819671,3.3824469472064,2.49454715119877,4.79360122430576,5.32516631719875
2.11890985458457,2.06546878550941,1.60380938676244,3.52962571208543,4.29090172698423
3.73298948753664,4.0405160098924,2.97351609162131,5.3680003592161,5.74174275769366
3.78478766075092,4.15673059879049,3.00045091704811,5.45613032231836,5.82748790154722
5.10907238485316,5.56717047569234,4.12053751148666,6.74705396832383,6.73363413087529
3.99128926272067,4.35795083102384,3.14451809986096,5.646298799975,5.94783691222902
4.37857740510999,4.88791040172593,3.51231379015282,6.08414108511229,6.2794431241303
2.56377776221844,2.63438574199036,2.02027517775755,4.10355435457171,4.79836082628618
3.969105826397,4.35347934312998,3.13926308207411,5.64258359768752,5.95181489955651
2.71757837747525,2.81749619625708,2.11731093554252,4.26346281681775,4.9189046080088
2.55800602068631,2.61711458781974,2.00298167809392,4.08889563124609,4.77714600262657
3.84892019794447,4.16610870761806,3.04482119389385,5.48520400156686,5.8272245119116
1.8194252887873,1.86548768884749,1.41711189156428,3.15934859285846,3.96546657637367
3.0366079244458,3.17123205619527,2.34802543459951,4.60967707735401,5.18607663245326
2.31129936794618,2.26673526967193,1.75785696918851,3.76699601831817,4.49419733773922
4.46200089564447,4.9054460476095,3.5757438703301,6.11426604588803,6.27856690398124
3.82627610550038,4.22954036757562,3.07181716967423,5.5095514804961,5.87580125212627
3.52565098388865,3.88440210114952,2.86821642048645,5.17968627767979,5.6151282867563
3.444137779833,3.7010370114932,2.71872286423303,5.05730451839226,5.5073926763873
3.33396756454411,3.60370514508548,2.64923098822854,4.97442657834134,5.48675558268363
3.19742979684025,3.41071408046314,2.51281277934774,4.81665050341989,5.36992298847029
3.36590945213712,3.53136913569007,2.60529814482128,4.98155195388235,5.46461084671751
1.99669415238773,1.91459621713921,1.51136672646329,3.38538964834197,4.13521882749568
1.84227372032093,1.77223841244302,1.38529364400856,3.17857052132278,3.94810018559326
2.84987068694444,2.92671352964757,2.19887659841525,4.39213001657386,4.98256317588348
4.25882425503633,4.71801005478825,3.41992803778068,5.93420355502049,6.15808911175137
2.94312748341578,3.06773349282741,2.29970471238288,4.51486721643961,5.10244377067893
3.95648475712925,4.32636700358169,3.12197332861061,5.6182921015557,5.92732915435997
3.46874130919834,3.78720013129839,2.76960448229391,5.12514750582507,5.60178457877188
2.82486762543249,2.97850812934399,2.24771257303509,4.40303641777508,5.02309536108842
3.63787821195041,3.96629098102616,2.90028856577464,5.29441216676146,5.70864948375562
2.87296087569496,2.98384524016708,2.24771826379393,4.44018708905222,5.04569304828922
3.14965054498079,3.36686290715636,2.48582299373197,4.76618933153924,5.33194081501023
3.01232085161887,3.23648408432216,2.39354983984416,4.62144152422104,5.22999055329262
3.46180770004837,3.80056029698912,2.75801357484775,5.14234890482095,5.6359919056749
3.22572726046754,3.4474688980206,2.53351230066514,4.83989887469654,5.37352864381967
2.49118317866008,2.57566759988482,1.93765833323432,3.98507415816175,4.64443929945215
3.56627196303856,3.84555594341505,2.82200353993451,5.20155456852284,5.6277361015718
2.13630896965751,2.11231579552575,1.63265528517469,3.55559739375022,4.24735484739054
2.91291300062528,3.00941572138906,2.27677023800868,4.48880658808052,5.09807652551672
2.44288831328741,2.47084057797635,1.88300685207724,3.93840442866026,4.65494530629279
2.58611314539549,2.66375573257659,2.03515519422299,4.12845050990279,4.82779190240254
2.88223730759415,3.06263750912376,2.29395627005688,4.45302486991528,5.04137582239383
3.08705921628156,3.19150414958638,2.3859365014326,4.65160865310331,5.18313788437426
2.39886415743142,2.5073551875918,1.93254227330371,3.93737546920921,4.70499463869096
3.14344860505319,3.3309521841803,2.46336889209009,4.74145063719121,5.29034669323462
3.13113401669162,3.3299122412884,2.46815457437015,4.73571262100798,5.29214722319321
3.69868614574692,4.00537834412981,2.89477805277708,5.34682233966869,5.73327964322026
2.94615338229126,3.00008797302362,2.25923598157841,4.49613127702915,5.07117470246112
3.49415089223116,3.79256948462462,2.75898618415926,5.13615303336685,5.59283391781698
3.29068795918444,3.49711968781784,2.57499261821283,4.90124568840005,5.41068097913941
4.01340778331709,4.40082695796127,3.17583125837533,5.67513575441971,5.96885427841789
4.36003960784129,4.77878364121537,3.45821618262465,6.00323749502768,6.19845092259729
2.16475101820788,2.03136732492327,1.6364823334832,3.5788421321549,4.32065267031616
3.42987058733864,3.61107049331882,2.65719243613141,5.05507782796145,5.52236272035709
3.13224211472546,3.33562469393368,2.50058777613349,4.73074489229876,5.25689258508518
3.75996388999332,4.03689496328269,2.93901499656162,5.3831990314267,5.74352301090424
3.78457804404478,4.1332763327853,2.99552793870484,5.43837717225236,5.80515075356061
3.16781581587142,3.39500651666582,2.51030347101656,4.79548301534653,5.35949882257492
3.57219448013494,3.82454899521085,2.78825525231811,5.20989421643124,5.63599021652698
3.42984931689423,3.64774875261901,2.67707239626935,5.06315833651286,5.53590649581241
3.0007462433132,3.1346417440881,2.34507680729178,4.58266668740909,5.16335018556271
3.40374823978243,3.70784492778965,2.70608258909753,5.05206655718744,5.54472611372074
2.9206193819911,3.00255989083389,2.25604862176726,4.47781110350664,5.06749538255421
2.72212192895562,2.93579139415201,2.17977590544453,4.29869559303576,4.97864327384991
2.13580033262699,2.05436524301727,1.62442022817561,3.5600176001453,4.31292389944548
1.78533770650024,1.71732835241744,1.36116549676878,3.11458830587389,3.92085017615577
2.35257637497917,2.37704543524525,1.81134187071851,3.82682606544105,4.53136148543581
3.20197539634306,3.4437879009094,2.51470282973436,4.80788433368201,5.34579417311788
3.54856275016795,3.86670691259263,2.80345402322119,5.19597079957286,5.63636886492385
3.56776856249986,3.85874123198946,2.83008589921312,5.20209523580681,5.63106381649517
2.41921672250447,2.48279310616232,1.88813089384942,3.92204512354031,4.64478780404515
3.25493604289635,3.4807733675014,2.56082460956821,4.87497026951745,5.4028224794055
2.88830196918558,3.01641060052637,2.26547577331006,4.45065632355931,5.03639291203162
2.7400556674548,2.8541126570463,2.14690113492186,4.29583380479184,4.94928980599536
2.63372922405453,2.65497466154137,2.03667090944933,4.16359867220915,4.83134415921126
4.64675601346022,5.1264390078114,3.71825703747554,6.3082138888083,6.42509713399818
2.86353257619427,2.98796040084046,2.23996456053135,4.43514228454903,5.06536047416793
2.56011730639152,2.54746263458776,1.97787195347232,4.06045913215327,4.77989729845619
3.63754126720163,3.91768331589387,2.8434249898971,5.29557287846578,5.70459515893802
3.27855319507827,3.51407579412421,2.59277853361515,4.89885599248356,5.41596806328238
2.79024540065528,2.9546763766771,2.21812608579096,4.35802068926934,4.97975787902706
3.12706039705935,3.35898121282824,2.49204419745857,4.74799983947409,5.3090583783143
3.90798840862981,4.28826171333677,3.09390737578913,5.57841244314292,5.90791206852901
4.6718024759971,5.12858346876547,3.73113028826158,6.31837664677263,6.43105890602988
2.17904641711397,2.15435454362591,1.64829181761398,3.60146925350423,4.32055942165523
2.57537881932195,2.65325023129969,2.00836962461256,4.09785220313609,4.76175878570243
3.43704835489203,3.66767725682278,2.67807817378448,5.06191666433071,5.53278332347335
4.2121507762979,4.63531762865207,3.39544676590742,5.87900030191145,6.11950860139986
3.6745728186954,3.9689890009448,2.887277747844,5.31886562212668,5.71600671802551
3.05503443960494,3.20600053204758,2.38683624898708,4.64295587441669,5.21252781333357
3.97031985666253,4.39559110742564,3.15956091483832,5.67323795717115,5.9863318644249
3.26555759620688,3.45295367161931,2.53952911134604,4.87883409198118,5.4061860852715
3.59599434483026,3.84757663422184,2.79790309176875,5.22333653026971,5.63732498684385
3.33605625542071,3.57210484878348,2.63236695356377,4.97817312789361,5.49505380548183
2.99201282517068,3.09916754566166,2.31637790710795,4.55455561312186,5.11909753540138
3.08874437961248,3.31226934474157,2.41782254651829,4.68594552113518,5.27065866951158
2.95940866828697,3.14102267904289,2.33954879681768,4.53604375492094,5.1117367021249
3.95946295080145,4.30353826587108,3.13475716723248,5.59732311085567,5.90391279965397
3.53218443507713,3.83149793642589,2.79038815872154,5.17357044361896,5.6162930228864
3.52960555258581,3.76754023249025,2.80724340235928,5.14202344321868,5.56126528467716
2.82602172446333,2.98944544704344,2.2147881180033,4.37984680858762,4.99744907282289
4.04728061898594,4.41199074645549,3.20184381530763,5.69252993371686,5.97514996652798
3.24205401550894,3.52494416739398,2.62179885274197,4.86167001568717,5.36440265072856
3.14218996479933,3.26509240752199,2.44632537397385,4.74156112671261,5.29621049701242
3.7462286423338,4.1037973639709,2.98173573660746,5.40428462581943,5.78398816745356
2.95021143706022,3.15222712691917,2.32446000512462,4.54550501166371,5.18475348091617
2.72599275834203,2.75604609766103,2.11205626783956,4.26647079866214,4.92500872551507
2.34805117499833,2.38314463552584,1.81165740073557,3.82234549956793,4.52873254455639
3.17255025448857,3.37717870585524,2.49417080677743,4.79199152643235,5.35654155950178
3.24883130788884,3.47000819420023,2.57965355689976,4.85555291879091,5.35581486347954
2.21083955373801,2.01315536535101,1.70493710198554,3.60793913231542,4.36880122624692
3.13944248212249,3.26982782854411,2.44455586119385,4.73767499047891,5.29174821180345
1.68438754684657,1.58297948159428,1.27112124839337,2.96064690470105,3.7906649878352
2.71047797395768,2.73449946155664,2.0796242554086,4.237331778632,4.87634249763822
3.17234606179365,3.41036035322608,2.49723774847548,4.78782766959932,5.34770725157317
3.39611164245041,3.64399006045387,2.66722836374902,5.03790947278479,5.5304891627664
3.87772535274159,4.23719517034601,3.06742433152554,5.53873187249359,5.87392964915546
3.31152898152008,3.48580899275899,2.57083936195302,4.91254784906852,5.40336586320556
3.75263964349686,4.09348276921398,2.98751450870236,5.4065532750333,5.78451913328048
2.88489936406164,2.90486744076935,2.24558252815888,4.44803455233597,5.08544465312839
2.91598540834725,3.04698979358641,2.28871947476131,4.49206375270734,5.09118866573354
3.52864529237414,3.81213947746497,2.80020907558526,5.17331980159706,5.61826155780808
2.75069585105851,2.88355293042844,2.16419196723356,4.31468370363726,4.98003049189963
1.82631919575326,1.81753676013574,1.41004172475519,3.16462575802312,4.01917450292015
3.74365290277396,4.07048524230207,2.94423350186679,5.40408822870103,5.78111723856534
3.38047968212133,3.62290158408916,2.66846069188338,5.00136233426015,5.4838049749267
3.04051585428408,3.06733192247937,2.33775408765641,4.60752743214448,5.16912825538374
3.35547773225953,3.47222967210162,2.57450153270557,4.95101000354754,5.41983574620164
2.91280283464963,3.01531102879051,2.26885364498266,4.48054933520436,5.07912619545365
2.43837788026754,2.48521994715526,1.87247619537916,3.92630611329784,4.64338751327588
2.35173338374379,2.40755332404349,1.82961362101244,3.83411413732202,4.54455625968311
2.60704663337944,2.67607339469816,2.03804767263114,4.13978739530047,4.79722230147161
3.19109343253798,3.36680050445358,2.48134016758277,4.78370331174912,5.31405477519297
2.56801049309759,2.62121554680556,1.99502928257927,4.08715393400068,4.74862400344576
3.35146880013939,3.56010978331464,2.62158012536003,4.97654973891876,5.47452593797254
2.88857305744794,2.98243686969616,2.22081424332083,4.43296024183651,5.02689132720205
3.50455055331048,3.81546592176171,2.77637610643797,5.15223761471685,5.60668014408989
2.81844970834905,2.93159003328972,2.2014973228724,4.36427767788952,4.95553857183438
3.03375257605767,3.20202615969276,2.37308510928841,4.60711677751212,5.16405359296327
3.09028874653924,3.27260898072106,2.44224900901689,4.70406899401434,5.2842228461891
2.78343317932222,2.9536213874092,2.21058935295659,4.35448088153871,4.99272972008441
3.57644080052414,3.9366803881294,2.86156916363684,5.24775528586173,5.68746591834955
2.30604232100423,2.37048662805358,1.80902331150881,3.78776747036139,4.58054854108653
2.11501243269417,2.13490804424562,1.62607403046133,3.53681056176752,4.30402382384011
3.19614233212494,3.3141976658016,2.47252072272732,4.78903057767764,5.31619119163975
3.11986293586321,3.35518997448123,2.47942037925284,4.7394708871041,5.31718973666125
1.75145717580563,1.69855876902275,1.30898299154336,3.03971276417364,3.87384389429921
3.56600461835997,3.7753070399268,2.7813763219944,5.22344469035575,5.65508280501422
3.68222447347468,3.96865679284298,2.8883948963059,5.33083677858957,5.72305871357328
3.05885422025905,3.2152260572505,2.37562664517027,4.63598490873299,5.20082964210744
3.28219436116221,3.53314750953136,2.60837114508614,4.91235142632587,5.43585957543351
3.46901823883709,3.67487180504186,2.68896261747864,5.07609269361711,5.51839182875113
1.97907379137884,2.06783574166816,1.56195160571262,3.37543449100585,4.16301868274596
2.68429212250093,2.78865815316404,2.1067378158783,4.22203192035941,4.84658592038056
2.51457243296754,2.60223995125659,1.98534657479212,4.04553466834849,4.73660353905851
3.32109711858003,3.56068728277819,2.62903642310876,4.93657804602357,5.42940275492802
1.5365715969823,1.37382813686959,1.13975604350398,2.71902684150471,3.53790337931838
3.07058263814632,3.23322398424921,2.39178326137996,4.65282428387708,5.2164142387133
3.4203682494158,3.62042196288878,2.6643594692285,5.0346924946009,5.49448683955077
2.24501191137874,2.29064109408685,1.72882130204439,3.69519287279597,4.44010946361522
3.29632589603702,3.45683980506115,2.5521582573069,4.8850362877526,5.37163647877514
3.14522342613171,3.3427492717388,2.4839338043205,4.74054882949424,5.27006112009508
2.80806587581353,2.88550111277897,2.18094891164216,4.35700814812137,4.96510529350132
3.89921133909013,4.25342717828335,3.06687430707977,5.56784167669717,5.89286037649994
1.8535103767246,1.90722185588237,1.45808840098306,3.21626371683656,4.04715909652944
4.327905124857,4.82545859899938,3.45758481174343,6.04762496115495,6.25010223608977
4.74288033879871,5.22567938921335,3.77790585764433,6.40920597558886,6.49829539666564
3.57393951717238,3.83556146715739,2.81365174819848,5.2029591775873,5.62125680438862
3.37192342533756,3.58169165132664,2.62777632633421,4.96847590932155,5.43518988858816
3.17111663441887,3.37608041953274,2.4926393951674,4.77416233314372,5.31472921981977
3.33381317221887,3.50394338886417,2.61558987748754,4.97188225269574,5.48715016227153
2.10564977785619,1.96791283124064,1.58084327338844,3.51235639177727,4.23500327959937
2.37735551998774,2.49563433996613,1.8823532452478,3.88143190222058,4.61321298615496
1.80804634849527,1.82915057807605,1.39707778618583,3.13941092071408,3.91788960556343
1.94527303893929,1.89626524646906,1.44636072020002,3.29289486643407,4.03937014882813
3.82121319499538,4.14713136713546,3.00478245892296,5.46921450340558,5.8199366516057
3.63560323522101,3.94880456294385,2.89266726787417,5.28692030936872,5.70051323048462
3.0239053397417,3.1360396296495,2.34579124701634,4.60547496736558,5.19727605480827
3.51662886907752,3.72211654003198,2.72416248290546,5.14169871729618,5.56909720686092
3.19485636196151,3.35359524274105,2.50571617109938,4.81529790072754,5.37681247492222
4.93496071965836,5.41075129804065,3.94457160259921,6.61925620106121,6.65221001913505
2.29443307202496,2.30273514041184,1.79666632277896,3.77877667270553,4.52366796444329
3.95896604969222,4.38575600465049,3.15294867238853,5.64205517152746,5.96295735265207
3.32645210335555,3.55898777550341,2.61197872270975,4.93722379450818,5.42867265329856
3.16606421620078,3.34123352958594,2.47674258823928,4.76823746372581,5.31262666561631
2.30585095079017,2.39929520532506,1.8247300288056,3.79002363211103,4.49643944052127
4.03554525491319,4.42065688333888,3.20211021226402,5.69111448040019,5.98133721086376
3.29523988744391,3.59912166206635,2.64444638356801,4.94632997888512,5.47501815036587
3.52726934790878,3.90126403423793,2.82111386216641,5.19587552985263,5.65405252706589
2.83373215148856,3.06322591416594,2.26485540634231,4.43432925445235,5.13783587449146
3.27889835360732,3.46593495130001,2.54913738437823,4.87895273019441,5.38225172099992
3.8105976115139,4.14706892382549,3.00311306710708,5.4565773610253,5.80743718495867
3.57759887810509,3.91459933410961,2.85089066814854,5.23125156654683,5.66562549666503
3.15305637590875,3.33126800124595,2.48855668648324,4.73858400202462,5.25228436218988
3.43955239711738,3.65476681660417,2.67166796440756,5.05479000252228,5.51312559389416
4.54368819374392,5.00549740686816,3.64613708069093,6.20169938105151,6.34555899201901
3.82526029325152,4.13802816581564,2.99156865506693,5.46936666539979,5.81200433117635
4.24538832317806,4.62804823629784,3.41461374153417,5.88778774922704,6.11160573382631
3.74461337059152,4.03358117824835,2.94374818136444,5.37366954423729,5.74143214516842
2.72744534539449,2.72379835175303,2.1006960952941,4.2603734841525,4.90014401511863
3.97640369561238,4.35904620099171,3.1441799479268,5.64615883090826,5.95332963953474
3.95520725141019,4.30378699184521,3.14375876015147,5.59544119071862,5.90503723245827
3.26356727681654,3.45028248012105,2.55266285013687,4.88363501627512,5.40840043857241
0.981499448466025,0.969467334679152,0.72013727012299,1.84398104256732,2.54935239953889
3.571540749109,3.83903842846472,2.80299389071895,5.20820871888397,5.63405121775405
2.19139625609181,2.24122882619915,1.70524433535078,3.64266523840668,4.40386937128079
4.12113107812942,4.51532929809871,3.25052523833652,5.79206683178961,6.04903294324511
2.49522836546402,2.55819840867079,1.94811430085689,4.01367133215763,4.74175671431885
2.90147470487561,3.05021155019767,2.27913598363384,4.47545596422205,5.07874935824704
2.49695946801131,2.53776957416342,1.93946638632431,4.00739816050012,4.72150670681641
2.54873316787851,2.60128067039906,1.98181980221733,4.06794520017334,4.74756878536098
2.55249397486722,2.69770325148401,2.02172122999056,4.069207853508,4.73178355650954
3.2730803701017,3.51715154914977,2.58585090372648,4.87530279798284,5.37457819291441
4.00484095467409,4.35002147227736,3.16776463560724,5.64043028541836,5.93323478767036
4.50174060090306,4.99729777872214,3.58144188453377,6.20787293029811,6.35582717075057
3.22139693810072,3.4555511856384,2.54252396809059,4.83871346990057,5.37577401754767
3.24012698781939,3.44478917980652,2.54744345914349,4.85316942758475,5.3777680977438
2.72753949514943,2.85331824693857,2.15093966509087,4.27446220075399,4.89133128072703
3.14018612519661,3.33410865615826,2.47299638758204,4.74539789286956,5.29524391266975
2.44560056654717,2.36742056016051,1.86012510332458,3.91603925649109,4.62313538568542
1.93098382535864,2.01880369259831,1.51892263475557,3.30953725490778,4.12179991270912
2.35807999008988,2.40971804359923,1.85776345042336,3.8621351317698,4.5909569682145
2.17383078348253,2.14745932913198,1.67152759161068,3.613810301917,4.38270397455732
3.24838178233728,3.44168743823383,2.54206614494086,4.86880761247144,5.40573729862592
2.82821389988823,3.0221908665221,2.25893637137804,4.42605281477654,5.10019920378917
3.73702435553288,4.03834122266537,2.92631889845183,5.40057960480324,5.77336558030765
3.67196559726835,4.01224665305267,2.91957580922461,5.32976281887957,5.73786126726267
3.89729573924335,4.2331205712135,3.05195058970814,5.55703070225894,5.87600960923928
3.77201672784906,4.0827196900654,2.95971558864602,5.40985772005064,5.76977950127369
2.24941324069103,2.35130389036259,1.755434314889,3.69802683662662,4.42886485530707
3.74475632801649,4.09174450037524,2.97962327929154,5.39953774682458,5.77874004541779
2.09148227502197,2.08379545321316,1.61549623799968,3.51708923354767,4.27975431630315
3.60388214523526,3.9339448148488,2.85852922078347,5.26691952537581,5.69153877585487
4.24030277859602,4.65108602239707,3.3664612438757,5.89547521208453,6.12935400858186
4.57269714679636,5.06319037555376,3.64164634275681,6.25295596166025,6.38950038001013
3.03398468932284,3.16655531903839,2.38415065786411,4.6330165366391,5.22655412405813
2.74351968207134,2.81709109709591,2.13681682359775,4.29349799179909,4.93230375221151
2.32087251832868,2.33564911858511,1.77857203668189,3.78448235692271,4.49594990585987
2.11866246328918,2.12859524004713,1.64892216973166,3.55592768021066,4.34714110605317
3.95214244755822,4.34366802135369,3.14046987710142,5.63371762019656,5.95191896102099
3.20713843087718,3.47836642164356,2.55652701426961,4.8403831916154,5.39345881335372
3.82048744930985,4.15344103269769,3.00293355984007,5.47688020465797,5.82779453661809
2.74965669906742,2.90501561152202,2.17973420889402,4.29917951033956,4.9167106996116
3.75604078259416,4.03426527186002,2.94747494662366,5.3815777493045,5.74720103981014
2.87655048028648,2.97262359040207,2.23485450245049,4.43006786186642,5.01919380079283
4.16522963290804,4.60320485520381,3.31390475787896,5.84918291262925,6.10469488079428
3.61328247255014,3.87816484443942,2.8259665005575,5.24351156371355,5.65278004407745
3.77361723137123,4.08224412324643,2.9625043204306,5.41704588034688,5.78237018341775
3.11121008332546,3.3249032579248,2.4596740918535,4.71892334867951,5.28006017831926
4.11774734708875,4.51579713753594,3.25022968723717,5.78098835620864,6.04294258764304
2.88382144812171,3.04454960457291,2.29145648025481,4.47235869772821,5.0860813472045
3.45635713396595,3.69010927582933,2.70909397740287,5.06438424398711,5.50857551316378
3.28528019104458,3.52593471640439,2.60287422437401,4.89944338640331,5.40024021113697
4.02914016929566,4.40970147029792,3.17267886070891,5.69926091050925,5.98417763597072
2.5900352885667,2.70217856624549,2.04931502968392,4.13246155431658,4.80241376828643
3.73568121377487,4.05600774343617,2.94374102475743,5.39520762745684,5.77727545972076
3.393847159164,3.6311683451294,2.6476054155228,5.02045051335034,5.50492103352691
3.37493523725128,3.64641076276325,2.67846504265361,5.03073571621098,5.53881039559674
4.13660872115931,4.54106480280649,3.2789749385545,5.80369399946686,6.06566472470075
2.33197110266291,2.39699353655901,1.84380873750732,3.83305935514048,4.5593617568433
3.80380276647288,4.12981769279499,2.99825351797607,5.44951650609833,5.80670797616641
2.72147191957865,2.85141398209849,2.13557416048613,4.27717520579023,4.9441736105712
3.41714372723787,3.65265017523991,2.67619249643508,5.04579697998486,5.52084996848313
2.87995739367808,3.00105295094505,2.24042600956349,4.44562851563185,5.07015401904316
2.50192721300378,2.61127328411987,2.00067765694729,4.04987761820399,4.76982360412399
2.61543677493539,2.71939259158282,2.0524426438956,4.1390414647808,4.77666135615326
2.80891104615155,2.97260868078688,2.21090929858394,4.36978979767071,4.99805226557935
1.9688646166027,1.91744012287165,1.47118967333847,3.32576754887805,4.04013660243348
2.80503460796338,2.97427778166868,2.22120983861925,4.37892936683828,5.01765019448908
3.45020009342312,3.68835873976138,2.735014937421,5.06343724118928,5.50820034147712
3.61196453690341,3.91712709580499,2.84258498084817,5.27248046702988,5.69652617090183
3.14102216118347,3.34747308485861,2.49832131563106,4.749546442138,5.28971524017827
3.76655774233539,4.08456426742801,2.9515055553165,5.43206338386679,5.80242643753374
3.67003196750055,3.92058765058343,2.86449173553561,5.32875732874233,5.71631370169196
2.68307876293208,2.75067036515929,2.11142167979892,4.23756424111031,4.92649120157017
4.18263949057007,4.6104056379431,3.32566967588454,5.85502606320297,6.1041957563767
3.8002662425842,4.18257796339469,3.02484814306362,5.47324309794378,5.84035307292686
3.33503209356103,3.54309658988991,2.60177638732689,4.94454785749181,5.43370332968848
2.09047586040113,2.18135151155245,1.63891949320774,3.49750543153399,4.24005206991096
4.12366096674951,4.4742617478819,3.24274190337469,5.75250779758042,6.00988873644566
3.85633128149826,4.20339454384043,3.05684698606782,5.51437625900911,5.86153045384263
2.82594759650662,3.03523868131323,2.28716052732439,4.40677795150734,5.01021572870046
3.83183771232136,4.1584862103054,3.02394196652685,5.4708129150067,5.81663037086236
2.58854108236328,2.67542743084995,2.03470312019401,4.13055747804168,4.8275096345768
2.46364522029467,2.59827610136102,1.94580027852071,3.9659817507403,4.6516277583062
3.43596531192074,3.78691702728591,2.75254266639709,5.09006513884044,5.57355973539998
3.09918664033471,3.27612132586282,2.44007264142085,4.7056939216999,5.27655993474912
3.01137816028003,3.11922989996228,2.35585201447418,4.60440191615385,5.21374169239807
3.35097252150815,3.55393675715773,2.61849441100061,4.9468121966913,5.42134434157821
2.00853837745416,2.04777368535852,1.56126735359167,3.35600797166063,4.0192605460053
3.64963227498455,3.99235032974356,2.89364484324967,5.32351802333594,5.74470080641746
2.35257233754889,2.27546146503174,1.79398352137602,3.8153420938001,4.5465946508225
2.53530188613077,2.53938066007143,1.97047102964842,4.04624115805544,4.76413501576674
2.92990534691712,3.04188139543064,2.26830693103403,4.49204244010585,5.09104689723674
2.31442340397362,2.3478401077015,1.79983951362334,3.79139115707025,4.49700102950085
3.57295071139951,3.88209734578453,2.82458930864442,5.23441918868274,5.67347002411165
3.73960771985945,4.04640237924971,2.94556589392292,5.3783434496748,5.75121117072595
3.48335854930615,3.78460290823068,2.75834616749448,5.13805762982079,5.60918417977348
2.2764349977838,2.29279686519097,1.77897114831624,3.75279300967085,4.51223907342505
0.93622480913794,0.778880277479473,0.651243439150647,1.75717818824789,2.41675485834782
3.53690587281319,3.83341877500425,2.79617005929941,5.17736414954373,5.61355474211798
2.16055346913475,2.22326090255794,1.69664380880351,3.56558690526491,4.22756951915946
2.75914263430562,2.8555166244405,2.14226036829697,4.30476895409595,4.944168800385
2.72811564163877,2.82523368319291,2.12649087507927,4.27923744152943,4.95498932934795
3.31861480702058,3.5239386446904,2.59904309856512,4.94696839930344,5.45887210013437
2.2109276935424,2.19614151642274,1.67750383432214,3.62612120524088,4.28368454261373
3.36334025753111,3.54333069719935,2.60983149261983,4.95233719214087,5.41548082400789
3.55969855999844,3.794764766146,2.77337329248047,5.17521570942688,5.59446540198533
2.49122916918047,2.60115895949397,1.96695892632258,4.01475008705638,4.71564450372357
2.0881653004685,2.13343509982435,1.66714092132086,3.53928899691873,4.38930221690771
3.16402211390339,3.34604669513442,2.46689128848953,4.7516436340058,5.28677764763589
2.4536767928054,2.42895496774037,1.9090474728327,3.94870823133736,4.71174959218841
2.05344895145329,2.02811261660152,1.56409291187798,3.45466598560418,4.20542900081671
1.47527062143833,1.42817394675876,1.13462624856652,2.68990869612784,3.51068645740943
3.22725204671582,3.40951273287644,2.53387702619887,4.82861418278105,5.34345018129474
3.24723670990288,3.46597015960566,2.54844571675177,4.86020584350382,5.38818154647004
4.05948678733638,4.46240061658796,3.21769588552797,5.72593798683324,6.00879809194686
3.59414961202283,3.85867916803872,2.80452065932307,5.22695892030146,5.63855929516109
4.27445431336729,4.759792861509,3.4170745716485,5.96884609183522,6.19030483213115
